doc_id,document_id,title,regulator,document_type,url,release_date,split,stratum,prior_alert_class,model_alert_class,model_confidence,model_priority,primary_functions,summary,flags,human_alert_class,human_priority,human_functions,human_notes,label_priority,v2_prediction
6620,cma:publications#6620,Vets market investigation: draft substantive Order and Undertakings,CMA,publications,https://www.gov.uk/government/consultations/vets-market-investigation-draft-substantive-order-and-undertakings,2026-08-03,test,guidance,MIXED,A10,high,P2,Compliance; Risk,"The CMA published a draft substantive order and consultation notice for its veterinary services market investigation. It would impose new requirements on veterinary businesses in the UK, including transparency, pricing, prescriptions, complaints and switching measures, and requires the RCVS to support and monitor compliance. This is a draft only, so firms should review the proposed remedies and prepare for possible implementation.",function_off_matrix,,,,,1-never-emitted-class,A11
6613,cma:publications#6613,Vivisol / Air Liquide (home oxygen services business) merger inquiry,CMA,publications,https://www.gov.uk/cma-cases/vivisol-slash-air-liquide-home-oxygen-services-business-merger-inquiry,2026-08-11,test,guidance,MIXED,A10,high,P2,Legal; Compliance; Product,"The CMA is inviting comments on Vivisol’s proposed acquisition of Air Liquide’s home oxygen services business in the UK. Interested parties can submit views during the phase 1 invitation-to-comment period, which closes in late September 2026. This is part of the CMA’s merger information-gathering process, not a final decision or binding rule.",function_off_matrix,,,,,1-never-emitted-class,A3
6610,cma:publications#6610,Strategic review of CMA markets remedies,CMA,publications,https://www.gov.uk/cma-cases/strategic-review-of-cma-markets-remedies,2026-08-12,test,guidance,MIXED,A10,high,P2,Compliance; Legal,"The CMA is conducting a strategic review of 33 market remedies, with a provisional decision consultation open until 11 September 2026 and a final decision due in October 2026. It covers remedies across several sectors, including financial services. Firms affected by CMA undertakings or orders may want to assess whether any remedy changes could affect their business.",function_off_matrix,,,,,1-never-emitted-class,A3
6612,cma:publications#6612,Provisional decision: strategic review of CMA markets remedies,CMA,publications,https://www.gov.uk/government/consultations/provisional-decision-strategic-review-of-cma-markets-remedies,2026-08-12,test,guidance,MIXED,A10,high,P2,Regulatory change; Legal,"The CMA has published a provisional decision in its strategic review of legacy markets remedies, proposing to revoke, release or vary a range of existing Enterprise Act remedies and undertakings. The document is a consultation-style interim decision and does not itself change obligations yet. Firms affected by the named remedies should monitor the final order and any notice periods.",function_off_matrix,,,,,1-never-emitted-class,A11
6603,cma:publications#6603,nexfibre / Substantial merger inquiry,CMA,publications,https://www.gov.uk/cma-cases/nexfibre-slash-substantial-merger-inquiry,2026-08-14,test,guidance,MIXED,A10,high,P2,Legal; Compliance,"The UK CMA has accepted a fast-track reference request and referred Liberty Global/Telefónica/InfraVia’s proposed acquisition of nexfibre’s target business to a phase 2 merger investigation under the Enterprise Act 2002. This is a competition-law procedural decision affecting the parties to the transaction, with no new substantive obligations for the wider market.",function_off_matrix,,,,,1-never-emitted-class,A11
6594,cma:publications#6594,FirstCash / Ramsdens merger inquiry,CMA,publications,https://www.gov.uk/cma-cases/firstcash-slash-ramsdens-merger-inquiry,2026-08-20,test,guidance,MIXED,A10,high,P3,Compliance; Legal,"The CMA has opened a Phase 1 merger inquiry and is inviting comments on FirstCash Holdings Inc.’s proposed acquisition of Ramsdens Holdings PLC. Interested parties can submit views on UK competition issues by 4 September 2026. This is an information-gathering step before any formal investigation, not a final decision or rule change.",function_off_matrix,,,,,1-never-emitted-class,A3
6587,cma:publications#6587,Referral of the proposed Scottish Zero Emission Truck Fund Scheme by Transport Scotland,CMA,publications,https://www.gov.uk/cma-cases/referral-of-the-proposed-scottish-zero-emission-truck-fund-scheme-by-transport-scotland,2026-08-24,test,guidance,MIXED,A10,high,P3,Compliance; Risk,The CMA’s Subsidy Advice Unit has opened a referral on Transport Scotland’s proposed Scottish Zero Emission Truck Fund. Third parties can submit comments by the deadline in the timetable. The report will assess whether the scheme complies with subsidy control requirements; no direct obligations are created for regulated firms.,function_off_matrix,,,,,1-never-emitted-class,A11
6586,cma:publications#6586,Schlumberger / ChampionX merger inquiry,CMA,publications,https://www.gov.uk/cma-cases/schlumberger-slash-championx-merger-inquiry,2026-08-25,test,guidance,MIXED,A10,high,P3,Regulatory change; Compliance,The CMA has published an invitation to comment on Schlumberger’s proposed acquisition of ChampionX. Interested parties can submit initial views by 2024-12-10. This is an early merger-review information-gathering step and does not itself impose new requirements on firms.,function_off_matrix,,,,,1-never-emitted-class,A3
6574,cma:publications#6574,Referral of the proposed Contracts for Difference for Renewables Allocation Round 8 scheme by DESNZ,CMA,publications,https://www.gov.uk/cma-cases/referral-of-the-proposed-contracts-for-difference-for-renewables-allocation-round-8-scheme-by-desnz,2026-09-04,test,guidance,MIXED,A10,high,P2,Regulatory change; Risk,"The CMA’s Subsidy Advice Unit has published its final report on DESNZ’s proposed Contracts for Difference Allocation Round 8 scheme for Great Britain. It evaluates the scheme against the Subsidy Control Act 2022 and describes changes to the AR8 scheme, including eligibility, technology categories and auction mechanics. It is an advisory report, not a binding rule, and no action date is set for firms.",function_off_matrix,,,,,1-never-emitted-class,A11
6618,cma:publications#6618,Google search fair ranking conduct requirement,CMA,publications,https://www.gov.uk/find-digital-markets-measures/google-search-fair-ranking-conduct-requirement,2026-08-04,test,rule_final,MIXED,A12,high,P1,Legal; Compliance; Product; Regulatory change,"The CMA publishes interpretative notes explaining how Google must comply with its Fair Ranking Conduct Requirement for UK general search services. The notes clarify scope, non-discrimination, transparency and complaint-handling expectations, including ranking of organic results, AI search features and related search features. Google must use them for compliance reporting while the conduct requirement is in force.",function_off_matrix,,,,,1-never-emitted-class,A11
2681,ncua:final_rules#2681,Chartering and Field of Membership for Federal Credit Unions-Interpretive Ruling and Policy Statement 10-1,NCUA,final_rules,https://www.federalregister.gov/documents/2026/08/06/2026-16024/chartering-and-field-of-membership-for-federal-credit-unions-interpretive-ruling-and-policy,2026-08-06,test,rule_final,A2,A12,high,P1,Regulatory change; Legal,"NCUA rescinds IRPS 10-1 as a separate policy for federal credit unions, because the Chartering Manual already contains the current chartering and field-of-membership requirements. The change does not alter substantive requirements, but it reduces the number of sources FCUs must consult. It is effective 2026-09-08.",function_off_matrix; class_disagrees_with_registry,,,,,1-never-emitted-class,A2
5638,sec:notices#5638,"Self-Regulatory Organizations; MIAX PEARL, LLC; Notice of Filing and Immediate Effectiveness of a Proposed Rule Change To Amend Exchange Rule 3100, Interpretation and Policy .06, To Reduce the Waiting Periods for Retaking FINRA Qualification Examinations",SEC,notices,https://www.federalregister.gov/documents/2026/08/11/2026-16286/self-regulatory-organizations-miax-pearl-llc-notice-of-filing-and-immediate-effectiveness-of-a,2026-08-11,test,guidance,A8,A12,high,P1,Compliance; Legal; Regulatory change,MIAX Pearl filed and immediately made effective a rule change reducing the waiting periods for retaking failed FINRA qualification exams under Exchange Rule 3100. The change applies to Exchange members and associated persons who must pass representative or principal qualification exams. No separate compliance date is stated beyond immediate effectiveness.,function_off_matrix; class_disagrees_with_registry,,,,,1-never-emitted-class,A3
5606,sec:notices#5606,"Self-Regulatory Organizations; MIAX PEARL, LLC; Notice of Filing and Immediate Effectiveness of a Proposed Rule Change To Amend the MIAX Pearl Options Exchange Fee Schedule To Amend Certain Fees and Rebates Applicable to Transactions in Non-Penny Classes for Certain Origins",SEC,notices,https://www.federalregister.gov/documents/2026/08/17/2026-16694/self-regulatory-organizations-miax-pearl-llc-notice-of-filing-and-immediate-effectiveness-of-a,2026-08-17,test,guidance,A8,A12,high,P1,Product; Compliance; Regulatory change,"MIAX Pearl filed a fee schedule amendment that immediately became effective under SEC exchange rule procedures. It changes maker rebates and taker fees for certain non-Penny options classes and origins. The change applies to MIAX Pearl options market participants, including market makers, firms, and other professional origins, with no separate compliance date stated in the notice.",function_off_matrix; class_disagrees_with_registry,,,,,1-never-emitted-class,A11
5575,sec:notices#5575,"Self-Regulatory Organizations; The Nasdaq Stock Market LLC; Notice of Filing and Immediate Effectiveness of a Proposed Rule Change To Amend Equity 4, Rule 4120 Regarding Trading Halts",SEC,notices,https://www.federalregister.gov/documents/2026/08/19/2026-16856/self-regulatory-organizations-the-nasdaq-stock-market-llc-notice-of-filing-and-immediate,2026-08-19,test,guidance,A8,A12,high,P2,Compliance; Regulatory change; Product,"Nasdaq has filed an immediately effective rule change to update and conform its Equity 4, Rule 4120 trading-halt framework before the previously approved version becomes operative. The change is for Nasdaq members, issuers and market participants, and the operative date is August 10, 2026; the SEC notice solicits comments on the filing.",function_off_matrix; class_disagrees_with_registry,,,,,1-never-emitted-class,A3
5553,sec:notices#5553,Self-Regulatory Organizations; Investors Exchange LLC; Notice of Filing and Immediate Effectiveness of Proposed Rule Change To Correct an Internal Cross-Reference Error in Rule 23.150,SEC,notices,https://www.federalregister.gov/documents/2026/08/24/2026-17201/self-regulatory-organizations-investors-exchange-llc-notice-of-filing-and-immediate-effectiveness-of,2026-08-24,test,guidance,A8,A12,medium,P1,Regulatory change; Compliance; Legal,"IEX filed an immediately effective exchange rule change to fix an internal cross-reference in Rule 23.150 so it points to the correct definition in Rule 22.160. The change is a technical correction only and does not alter system functionality or processes. The SEC notice invites comments, but the filing is effective immediately under the Exchange Act.",function_off_matrix; class_disagrees_with_registry,,,,,1-never-emitted-class,A11
5514,sec:notices#5514,Self-Regulatory Organizations; MX2 LLC; Notice of Filing and Immediate Effectiveness of a Proposal To Amend Rule 20.6 (Nullification and Adjustment of Options Transactions Including Obvious Errors) Regarding the Roster Requirements for the Obvious Error Panel,SEC,notices,https://www.federalregister.gov/documents/2026/08/31/2026-17668/self-regulatory-organizations-mx2-llc-notice-of-filing-and-immediate-effectiveness-of-a-proposal-to,2026-08-31,test,guidance,A8,A12,medium,P1,Regulatory change; Compliance; Legal; Product,"MX2 LLC filed an immediately effective rule change to amend its options obvious error rule by removing the minimum roster requirement for panel representatives. The panel composition itself stays the same, and the SEC published the filing for comment. This affects MX2 options members and exchange rule administration from 2026-08-31.",function_off_matrix; class_disagrees_with_registry,,,,,1-never-emitted-class,A3
5500,sec:notices#5500,Joint Industry Plan; Notice of Filing and Immediate Effectiveness of Amendment to the Plan for the Purpose of Developing and Implementing Procedures Designed To Facilitate the Listing and Trading of Standardized Options To Add MX2 LLC as a Plan Sponsor,SEC,notices,https://www.federalregister.gov/documents/2026/09/01/2026-17807/joint-industry-plan-notice-of-filing-and-immediate-effectiveness-of-amendment-to-the-plan-for-the,2026-09-01,test,guidance,A8,A12,high,P3,Regulatory change; Legal,"The SEC published notice that MX2 LLC has been added as a sponsor to the Options Listing Procedures Plan, which governs procedures for listing and trading standardized options. This affects options exchanges and plan participants; the notice was published for comment but does not itself create new firm obligations.",function_off_matrix; class_disagrees_with_registry,,,,,1-never-emitted-class,A11
6577,cma:publications#6577,Merger assessment guidelines,CMA,publications,https://www.gov.uk/government/publications/merger-assessment-guidelines,2026-09-03,test,rule_final,MIXED,A12,high,P1,Legal; Compliance; Product,"The CMA updated its merger assessment guidelines, replacing the section on merger efficiencies. The revised guidance takes effect on 3 September 2026 and applies to merger cases where the formal phase 1 investigation starts on or after that date.",function_off_matrix,,,,,1-never-emitted-class,A11
5449,sec:notices#5449,Self-Regulatory Organizations; New York Stock Exchange LLC; Notice of Filing and Immediate Effectiveness of Proposed Rule Change To Amend the Connectivity Fee Schedule,SEC,notices,https://www.federalregister.gov/documents/2026/09/10/2026-18402/self-regulatory-organizations-new-york-stock-exchange-llc-notice-of-filing-and-immediate,2026-09-10,test,guidance,A8,A12,medium,P2,Compliance; Regulatory change; Ops,"NYSE filed and immediately made effective a rulebook fee-schedule update to rename two colocation and network data feed references from CTA/CQ to their actual names, CTS and CQS. The change is non-substantive and reflects an upcoming NMS plan transition from April 1, 2027. Interested persons may comment on the filing.",function_off_matrix; class_disagrees_with_registry,,,,,1-never-emitted-class,A11
3204,sec:notices#3204,Self-Regulatory Organizations; MEMX LLC; Notice of Filing and Immediate Effectiveness of a Proposed Rule Change To Amend the Exchange's Fee Schedule,SEC,notices,https://www.federalregister.gov/documents/2026/09/15/2026-18814/self-regulatory-organizations-memx-llc-notice-of-filing-and-immediate-effectiveness-of-a-proposed,2026-09-15,test,guidance,A8,A12,high,P2,Regulatory change; Compliance,"The SEC published notice of MEMX LLC’s immediately effective rule filing to amend its options fee schedule. The changes adjust rebates and fees for several customer, market maker, professional, firm, away market maker and broker-dealer categories, and add a new customer volume tier. The exchange said it planned to implement the changes on 2026-09-01.",function_off_matrix; class_disagrees_with_registry,,,,,1-never-emitted-class,A3
3185,sec:notices#3185,Self-Regulatory Organizations; NYSE American LLC; Notice of Filing and Immediate Effectiveness of Proposed Change To Amend Rule 7.18E Regarding Initial Listing Regulatory Halts,SEC,notices,https://www.federalregister.gov/documents/2026/09/17/2026-19038/self-regulatory-organizations-nyse-american-llc-notice-of-filing-and-immediate-effectiveness-of,2026-09-17,test,guidance,A8,A12,medium,P2,Product; Compliance; Regulatory change,"NYSE American filed an immediately effective rule change to clarify Rule 7.18E on initial listing regulatory halts. It states the halt does not apply to IPOs and that trading resumes via a Trading Halt Auction after the halt ends. The filing is published for comment and is effective immediately, with no separate compliance date stated.",function_off_matrix; class_disagrees_with_registry,,,,,1-never-emitted-class,A11
3142,sec:notices#3142,"Self-Regulatory Organizations; Cboe BZX Exchange, Inc.; Notice of Filing and Immediate Effectiveness of a Proposed Rule Change To Amend Rule 11.15(a) To Clarify That a Non-Member May Act as a Clearing Firm",SEC,notices,https://www.federalregister.gov/documents/2026/09/23/2026-19396/self-regulatory-organizations-cboe-bzx-exchange-inc-notice-of-filing-and-immediate-effectiveness-of,2026-09-23,test,guidance,A8,A12,high,P2,Compliance; Legal; Product,"Cboe BZX filed an immediately effective rule change clarifying that a non-member firm may act as a clearing firm under Rule 11.15(a). The change affects exchange members using clearing arrangements and is already effective upon filing, with SEC comment solicitation continuing after publication.",function_off_matrix; class_disagrees_with_registry,,,,,1-never-emitted-class,A3
3115,sec:notices#3115,"Self-Regulatory Organizations; NYSE Arca, Inc.; Notice of Filing and Immediate Effectiveness of a Proposed Rule Change To Amend the NYSE Arca Options Fee Schedule To Modify the Broker QCC Credit and Manual Billable Rebate Program",SEC,notices,https://www.federalregister.gov/documents/2026/09/25/2026-19638/self-regulatory-organizations-nyse-arca-inc-notice-of-filing-and-immediate-effectiveness-of-a,2026-09-25,test,guidance,A8,A12,high,P1,Product; Compliance; Regulatory change,"NYSE Arca is immediately amending its options fee schedule, effective September 14, 2026, to lower volume thresholds for broker QCC credits and adjust the manual billable rebate program for floor brokers. This affects exchange participants trading NYSE Arca options and has already taken effect, though the SEC notice is also soliciting comments on the filing.",function_off_matrix; class_disagrees_with_registry,,,,,1-never-emitted-class,A11
3116,sec:notices#3116,Self-Regulatory Organizations; NYSE American LLC; Notice of Filing and Immediate Effectiveness of Proposed Change To Amend NYSE American Rule 2.1210,SEC,notices,https://www.federalregister.gov/documents/2026/09/25/2026-19635/self-regulatory-organizations-nyse-american-llc-notice-of-filing-and-immediate-effectiveness-of,2026-09-25,test,guidance,A8,A12,high,P2,Compliance; Regulatory change; Product,"NYSE American filed and immediately made effective a rule change amending Rule 2.1210 to shorten the waiting periods for retaking failed FINRA qualification exams, aligning with FINRA’s recent exam-rule amendment. The change applies to member organizations, ETP Holders and ATP Holders. The notice solicits comments, but the exchange rule change is already effective.",function_off_matrix; class_disagrees_with_registry,,,,,1-never-emitted-class,A11
6575,cma:publications#6575,Referral of the proposed subsidy to EDF Energy Nuclear Generation Ltd by the Department for Energy Security and Net Zero,CMA,publications,https://www.gov.uk/cma-cases/referral-of-the-proposed-subsidy-to-edf-energy-nuclear-generation-ltd-by-the-department-for-energy-security-and-net-zero,2026-09-03,test,enforcement,MIXED,A13,high,P3,Legal,"The CMA’s Subsidy Advice Unit published a report on DESNZ’s proposed subsidy for EDF Energy Nuclear Generation Ltd to support the long-term operation of Sizewell B. It is an assessment of compliance under the Subsidy Control Act 2022 and invites third-party comments, but it does not itself create obligations for firms.",function_off_matrix,,,,,1-never-emitted-class,A11
6568,cma:publications#6568,Energy licence modification appeals 2026,CMA,publications,https://www.gov.uk/cma-cases/energy-licence-modification-appeals-2026,2026-09-09,test,enforcement,MIXED,A13,high,P1,Legal; Regulatory change,Cadent Gas Limited has filed a notice of appeal in the Competition and Markets Authority against GEMA’s RIIO-GD3 licence modification decision for the 1 April 2026 gas price control period. The appeal challenges the 1% ongoing efficiency challenge and the related licence conditions affecting Cadent’s allowed revenue and obligations under its gas transporter licence.,function_off_matrix,,,,,1-never-emitted-class,A11
3198,sec:notices#3198,"In the Matter of The Nasdaq Stock Market LLC; Order Granting Petitions for Review and Scheduling Filing of Statements Regarding an Order Approving a Proposed Rule Change, as Modified by Amendment No. 1, To Adopt a New Continued Listing Requirement",SEC,notices,https://www.federalregister.gov/documents/2026/09/15/2026-18878/in-the-matter-of-the-nasdaq-stock-market-llc-order-granting-petitions-for-review-and-scheduling,2026-09-15,test,guidance,A8,A13,high,P3,Legal,"The SEC granted petitions to review an order approving Nasdaq’s proposed continued listing requirement and kept that approval stayed pending further Commission order. Parties or other persons may file statements supporting or opposing the approval order by 2026-10-06. This is a procedural Commission notice, not a new rule or obligation for firms.",function_off_matrix; class_disagrees_with_registry,,,,,1-never-emitted-class,A11
4150,occ:bulletins#4150,Cybersecurity: Cybersecurity Supervision Work Program,OCC,bulletins,https://www.occ.gov/news-issuances/bulletins/2026/bulletin-2026-48.html,2026-09-21,test,guidance,A4,A4,medium,P2,InfoSec; Risk,"The OCC published a cybersecurity supervision work program for banks. It signals supervisory expectations and focus areas for cybersecurity oversight, but the excerpt does not show new binding rules or deadlines.",function_off_matrix,,,,,1-never-emitted-class,A11
4320,cftc:press_releases#4320,CFTC Releases Staff Advisory on Mention Markets,CFTC,press_releases,https://www.cftc.gov/PressRoom/PressReleases/9302-26,2026-09-22,test,guidance,MIXED,A4,medium,P2,Compliance; Risk; Product,The CFTC Division of Market Oversight issued staff advisory guidance on “mention market” event contracts for designated contract markets. It explains when such contracts may be listed under CEA/Commission rules and reminds DCMs of their anti-manipulation obligations and need for complete Part 40 submissions. No fixed deadline is set; the advisory applies immediately as supervisory guidance.,function_off_matrix,,,,,1-never-emitted-class,A11
4183,fdic:financial_institution_letters#4183,"Financial Institution Letter: Supervisory Relief to Help Financial Institutions and Facilitate Recovery in Areas of Michigan Affected by Severe Storms, Tornadoes, and Flooding",FDIC,financial_institution_letters,https://content.govdelivery.com/accounts/USFDIC/bulletins/4239b4d,2026-08-04,test,guidance,A5,A5,high,P3,Compliance; Risk,"The FDIC issued supervisory relief for FDIC-supervised financial institutions in Michigan affected by severe storms, tornadoes and flooding. It is guidance on how affected banks should handle the disruption and recovery process; the publication itself does not create new binding requirements. Applies immediately to FDIC-supervised institutions in the affected areas.",function_off_matrix,,,,,1-never-emitted-class,A11
4184,fdic:financial_institution_letters#4184,Financial Institution Letter: FDIC Office of Supervisory Appeals Is Operational,FDIC,financial_institution_letters,https://content.govdelivery.com/accounts/USFDIC/bulletins/423944a,2026-08-04,test,guidance,A5,A5,high,P1,Compliance; Legal,The FDIC says its new Office of Supervisory Appeals is now operational and the revised Guidelines for Appeals of Material Supervisory Determinations take effect on 2026-08-04. It applies to all FDIC-supervised financial institutions and changes the final review process for material supervisory determinations.,function_off_matrix,,,,,1-never-emitted-class,A11
4182,fdic:financial_institution_letters#4182,Financial Institution Letter: Revised Procedures for Processing Federal Deposit Insurance Applications,FDIC,financial_institution_letters,https://content.govdelivery.com/accounts/USFDIC/bulletins/423cabd,2026-08-10,test,guidance,A5,A5,high,P2,Ops; Legal,"The FDIC issued a Financial Institution Letter revising procedures for processing federal deposit insurance applications for proposed insured depository institutions. It introduces a two-phase process with a contingent authorization within 120 days and a final approval within the following 12 months, with coordination with the chartering authority and pre-opening conditions confirmed before opening.",function_off_matrix,,,,,1-never-emitted-class,
4180,fdic:financial_institution_letters#4180,Financial Institution Letter: Supervisory Relief to Help Financial Institutions and Facilitate Recovery in Areas of West Virginia Affected by Severe Storms,FDIC,financial_institution_letters,https://content.govdelivery.com/accounts/USFDIC/bulletins/4255f02,2026-08-17,test,guidance,A5,A5,high,P3,Compliance; Risk,"The FDIC issued a Financial Institution Letter offering supervisory relief to help FDIC-supervised financial institutions recover from severe storms in West Virginia. It applies to all FDIC-supervised institutions, with particular relevance to those operating in the affected area. No specific compliance deadline or new rule is stated.",function_off_matrix,,,,,1-never-emitted-class,A11
4181,fdic:financial_institution_letters#4181,Financial Institution Letter: Supervisory Relief to Help Financial Institutions and Facilitate Recovery in Areas of Mississippi Affected by Tropical Storm Arthur,FDIC,financial_institution_letters,https://content.govdelivery.com/accounts/USFDIC/bulletins/4255eb9,2026-08-17,test,guidance,A5,A5,high,P2,Compliance; Risk,The FDIC issued a Financial Institution Letter offering supervisory relief and recovery support for FDIC-supervised financial institutions in Mississippi affected by Tropical Storm Arthur. It is applicable immediately to all FDIC-supervised institutions in the affected area; no new filing date or hard compliance deadline is stated.,function_off_matrix,,,,,1-never-emitted-class,A11
4178,fdic:financial_institution_letters#4178,Financial Institution Letter: Rescission of Interagency Statement on Special Purpose Credit Programs Under the Equal Credit Opportunity Act and Regulation B,FDIC,financial_institution_letters,https://content.govdelivery.com/accounts/USFDIC/bulletins/426ae7c,2026-08-25,test,guidance,A5,A5,high,P2,Compliance; Risk,FDIC issued a Financial Institution Letter telling FDIC-supervised institutions that the interagency statement on special purpose credit programs under ECOA/Regulation B has been rescinded. The change is effective via the agencies’ Federal Register notice dated 2026-08-25 and means firms should not rely on the rescinded statement when designing or operating such programs.,function_off_matrix,,,,,1-never-emitted-class,A11
4176,fdic:financial_institution_letters#4176,Financial Institution Letter: Supervisory Relief to Help Financial Institutions and Facilitate Recovery in Areas of the  Northern Mariana Islands Affected by Super Typhoon Bavi,FDIC,financial_institution_letters,https://content.govdelivery.com/accounts/USFDIC/bulletins/42740aa,2026-08-28,test,guidance,A5,A5,high,P2,Compliance; Risk,"The FDIC issued a Financial Institution Letter offering supervisory relief to help FDIC-supervised institutions recover in areas of the Northern Mariana Islands affected by Super Typhoon Bavi. It applies to all FDIC-supervised financial institutions, with operational response expected immediately and no specific compliance deadline stated.",function_off_matrix,,,,,1-never-emitted-class,A11
4175,fdic:financial_institution_letters#4175,Financial Institution Letter: Joint Statement on Suspicious Activity Report Confidentiality Considerations Regarding Communications with Customers,FDIC,financial_institution_letters,https://content.govdelivery.com/accounts/USFDIC/bulletins/427f03f,2026-09-02,test,guidance,A5,A5,high,P2,Compliance; Financial crime,"The FDIC and other US agencies issued a joint statement reminding FDIC-insured institutions about SAR confidentiality when communicating with customers about suspicious or potentially fraudulent activity, including payment fraud and account closures. It is immediate guidance for all FDIC-insured financial institutions; no specific compliance date is given.",function_off_matrix,,,,,1-never-emitted-class,A11
4174,fdic:financial_institution_letters#4174,Financial Institution Letter: Frequently Asked Questions Regarding Treatment of Verifiable Digital Credentials Under the Customer Identification Program Rule,FDIC,financial_institution_letters,https://content.govdelivery.com/accounts/USFDIC/bulletins/428f691,2026-09-08,test,guidance,A5,A5,medium,P2,Financial crime,"FDIC and other US agencies issued FAQs on using state-issued mobile driver’s licences and other government digital credentials to verify natural-person customers under CIP, and updated a prior FAQ’s terminology for verifiable digital credentials. It applies to FDIC-insured financial institutions immediately; no separate compliance date is stated.",function_off_matrix,,,,,1-never-emitted-class,A11
3998,treas:notices#3998,Establish Prices for 2026 United States Mint Numismatic Products,TREAS,notices,https://www.federalregister.gov/documents/2026/08/12/2026-16409/establish-prices-for-2026-united-states-mint-numismatic-products,2026-08-12,test,guidance,A8,A9,high,P3,Product; Ops,"The US Mint announced retail prices for certain 2026 numismatic gold and clad products, effective 2026-08-14. It also noted that precious-metal product pricing may be adjusted weekly based on the LBMA gold price average.",function_off_matrix; class_disagrees_with_registry,,,,,1-never-emitted-class,A11
3988,treas:notices#3988,Establish Price for 2026 Freedom 250 Race Medal,TREAS,notices,https://www.federalregister.gov/documents/2026/08/21/2026-17080/establish-price-for-2026-freedom-250-race-medal,2026-08-21,test,guidance,A8,A9,high,P3,Ops,"The U.S. Mint announced the price of $60 for the 2026 Freedom 250 Race Medal and said orders open on 2026-08-21 and run through 2026-09-04, subject to a 15,000-unit limit. This is a product availability notice, not a regulatory change.",function_off_matrix; class_disagrees_with_registry,,,,,1-never-emitted-class,A11
5557,sec:notices#5557,"Self-Regulatory Organizations; Nasdaq ISE, LLC; Notice of Filing and Immediate Effectiveness of Proposed Rule Change To Amend the Exchange's Rules at Options 7, Section 4 (Complex Order Fees and Rebates) and Section 6 (Other Options Fees and Rebates)",SEC,notices,https://www.federalregister.gov/documents/2026/08/21/2026-17064/self-regulatory-organizations-nasdaq-ise-llc-notice-of-filing-and-immediate-effectiveness-of,2026-08-21,test,guidance,A8,A9,low,P3,Product; Compliance,Nasdaq ISE filed an immediately effective proposed rule change to amend its options fee and rebate schedule for complex orders and other options fees. The notice solicits public comments but does not itself impose a new compliance deadline in the text provided. It affects exchange participants trading options on Nasdaq ISE.,function_off_matrix; class_disagrees_with_registry; low_confidence,,,,,1-never-emitted-class,A3
6584,cma:publications#6584,Danone / Huel merger inquiry,CMA,publications,https://www.gov.uk/cma-cases/danone-slash-huel-merger-inquiry,2026-08-25,test,intelligence,MIXED,A9,high,P3,Product,"The CMA has published a merger notice for Danone Holdings (UK)’s anticipated acquisition of Huel Limited. It starts the CMA’s initial review period and sets the phase 2 reference decision deadline for 11 September 2026. This is a competition-law notice affecting the parties to the transaction, not a conduct rule for firms generally.",function_off_matrix,,,,,1-never-emitted-class,A14
5537,sec:notices#5537,Order Making Fiscal Year 2027 Annual Adjustments to Registration Fee Rates,SEC,notices,https://www.federalregister.gov/documents/2026/08/26/2026-17421/order-making-fiscal-year-2027-annual-adjustments-to-registration-fee-rates,2026-08-26,test,guidance,A8,A9,high,P3,Ops; Prudential,"The SEC announces the FY 2027 annual adjustment to securities registration fee rates, which affects issuers filing registration statements and related Exchange Act fee calculations. It updates the target fee collection amount and applies the statutory methodology for calculating the new rate. The order is effective for FY 2027; no firm-specific filing deadline is stated in the excerpt.",function_off_matrix; class_disagrees_with_registry,,,,,1-never-emitted-class,A11
6582,cma:publications#6582,The Brink’s Company / NCR Atleos Corporation merger inquiry,CMA,publications,https://www.gov.uk/cma-cases/the-brinks-company-slash-ncr-atleos-corporation-merger-inquiry,2026-08-26,test,intelligence,MIXED,A9,high,P3,Legal,"The UK CMA has published a notice confirming the merger notice for The Brink’s Company’s proposed acquisition of NCR Atleos Corporation meets statutory requirements. The CMA’s initial review period starts on 27 August 2026, and it must decide by 22 October 2026 whether to refer the merger for a phase 2 investigation.",function_off_matrix,,,,,1-never-emitted-class,A14
5526,sec:notices#5526,"Program for Allocation of Regulatory Responsibilities Pursuant to Rule 17d-2; Notice of Filing and Order Approving and Declaring Effective an Amendment to the Plan for the Allocation of Regulatory Responsibilities Among Cboe BZX Exchange, Inc., BOX Exchange, LLC, Cboe Exchange, Inc., Cboe C2 Exchange, Inc., Nasdaq ISE, LLC, Financial Industry Regulatory Authority, Inc., Miami International Securities Exchange, LLC, NYSE American LLC, NYSE Arca, Inc., The Nasdaq Stock Market LLC, Nasdaq Texas LLC, Nasdaq PHLX LLC, Nasdaq GEMX, LLC, Cboe EDGX Exchange, Inc., Nasdaq MRX, LLC, MIAX PEARL, LLC, MIAX Emerald, LLC, MIAX Sapphire, LLC, MEMX LLC, MX2 LLC and Investors Exchange LLC Concerning Options-Related Sales Practice Matters",SEC,notices,https://www.federalregister.gov/documents/2026/08/28/2026-17548/program-for-allocation-of-regulatory-responsibilities-pursuant-to-rule-17d-2-notice-of-filing-and,2026-08-28,test,guidance,A8,A9,medium,P3,Ops,"The SEC approved and made effective an amended Rule 17d-2 plan allocating regulatory responsibilities among multiple U.S. options exchanges and FINRA for options-related sales practice matters. It affects how member-firm regulatory exams and enforcement duties are shared, but it does not create new substantive conduct requirements for firms. No compliance date is stated beyond the order becoming effective.",function_off_matrix; class_disagrees_with_registry,,,,,1-never-emitted-class,A11
4167,occ:news#4167,OCC Issues Fourth Quarter 2026 and First Quarter 2027 CRA Evaluation Schedule,OCC,news,https://www.occ.gov/news-issuances/news-releases/2026/nr-occ-2026-73.html,2026-08-31,test,intelligence,MIXED,A9,high,P3,Ops,"The OCC published a schedule of upcoming CRA evaluations for named banks across multiple US states, listing the month of examination. This is an informational notice only; it does not create new requirements, but firms listed should note the planned evaluation window.",function_off_matrix,,,,,1-never-emitted-class,
5474,sec:notices#5474,"Self-Regulatory Organizations; Cboe C2 Exchange, Inc.; Notice of Filing and Immediate Effectiveness of a Proposed Rule Change To Amend Its Fee Schedule To Implement an Exchange Order Entry Protocol Migration Program",SEC,notices,https://www.federalregister.gov/documents/2026/09/04/2026-18112/self-regulatory-organizations-cboe-c2-exchange-inc-notice-of-filing-and-immediate-effectiveness-of-a,2026-09-04,test,guidance,A8,A9,medium,P3,Ops,"Cboe C2 filed a fee-schedule change, immediately effective, to create an Order Entry Protocol Migration Program that can credit Trading Permit Holders for temporary backup logical ports used during exchange-initiated protocol migrations. The notice seeks SEC comments; no firm-wide compliance deadline is stated, but affected exchange participants should review eligibility and billing impacts.",function_off_matrix; class_disagrees_with_registry,,,,,1-never-emitted-class,A11
5476,sec:notices#5476,"Self-Regulatory Organizations; Cboe BZX Exchange, Inc.; Notice of Filing and Immediate Effectiveness of a Proposed Rule Change To Amend its Fee Schedule To Implement an Exchange Order Entry Protocol Migration Program",SEC,notices,https://www.federalregister.gov/documents/2026/09/04/2026-18110/self-regulatory-organizations-cboe-bzx-exchange-inc-notice-of-filing-and-immediate-effectiveness-of,2026-09-04,test,guidance,A8,A9,high,P3,Ops,"Cboe BZX filed and the SEC noticed an immediately effective fee schedule change to create an Order Entry Protocol Migration Program. Eligible members can receive credits for backup logical port fees during an exchange-initiated migration, subject to notification, cancellation, and credit-request conditions. No firm-wide regulatory deadline is set in the notice.",function_off_matrix; class_disagrees_with_registry,,,,,1-never-emitted-class,A3
3215,sec:notices#3215,Sunshine Act Meetings,SEC,notices,https://www.federalregister.gov/documents/2026/09/14/2026-18677/sunshine-act-meetings,2026-09-14,test,guidance,A8,A9,high,P3,,"The SEC announced a change to the time of a previously scheduled closed Sunshine Act meeting, moving it from 2 p.m. to 3 p.m. on September 10, 2026. This is an informational meeting notice only and does not create obligations for firms.",function_off_matrix; no_primary_function; class_disagrees_with_registry,,,,,1-never-emitted-class,A11
3221,sec:notices#3221,"Self-Regulatory Organizations; Cboe EDGX Exchange, Inc.; Notice of Filing and Immediate Effectiveness of a Proposed Rule Change To Amend Its Fees Schedule",SEC,notices,https://www.federalregister.gov/documents/2026/09/14/2026-18663/self-regulatory-organizations-cboe-edgx-exchange-inc-notice-of-filing-and-immediate-effectiveness-of,2026-09-14,test,guidance,A8,A9,high,P3,Product; Ops,"The SEC published notice that Cboe EDGX filed an immediately effective proposed rule change to amend its options fees schedule. The change adds MX2 to one routed customer fee code and increases a non-customer routing fee from $1.25 to $1.31 per contract, effective September 1, 2026. The filing also solicits public comments.",function_off_matrix; class_disagrees_with_registry,,,,,1-never-emitted-class,A11
5437,sec:notices#5437,Agency Information Collection Activities; Submission for OMB Review; Comment Request; Extension: Rule 15b9-1,SEC,notices,https://www.federalregister.gov/documents/2026/09/14/2026-18634/agency-information-collection-activities-submission-for-omb-review-comment-request-extension-rule,2026-09-14,test,guidance,A8,A9,medium,P3,Ops,"The SEC is seeking OMB review of an information collection tied to amended Rule 15b9-1 for broker-dealers relying on the stock-option order exemption. It does not itself change the rule, but it describes written policy and recordkeeping burdens for affected broker-dealers under the SEC’s existing exemption framework.",function_off_matrix; class_disagrees_with_registry,,,,,1-never-emitted-class,A8
6560,cma:publications#6560,Vandemoortele / Délifrance merger inquiry,CMA,publications,https://www.gov.uk/cma-cases/vandemoortele-slash-delifrance-merger-inquiry,2026-09-15,test,intelligence,MIXED,A9,high,P3,Board,The CMA has published a merger notice for Vandemoortele’s anticipated acquisition of Délifrance and confirmed the phase 1 review timetable under the Enterprise Act 2002. The initial period starts on 13 October 2025 and the CMA’s referral deadline is 8 December 2025. This is a market/operational notice for the parties and does not impose bank compliance obligations.,function_off_matrix,,,,,1-never-emitted-class,A14
3152,sec:notices#3152,Joint Industry Plan; Notice of Filing and Immediate Effectiveness of Amendment to the National Market System Plan Governing the Consolidated Audit Trail To Add MX2 LLC as a Participant,SEC,notices,https://www.federalregister.gov/documents/2026/09/21/2026-19220/joint-industry-plan-notice-of-filing-and-immediate-effectiveness-of-amendment-to-the-national-market,2026-09-21,test,guidance,A8,A9,high,P3,Ops,"The SEC published notice that an amendment to the CAT NMS Plan became immediately effective to add MX2 LLC as a participant. Interested persons may submit comments, and the Commission can abrogate the amendment within 60 days. This is mainly an operational market-structure notice for exchange participants, not a new substantive rule for firms.",function_off_matrix; class_disagrees_with_registry,,,,,1-never-emitted-class,A11
5695,sec:notices#5695,"Baillie Giffords Funds, et al.",SEC,notices,https://www.federalregister.gov/documents/2026/08/03/2026-15604/baillie-giffords-funds-et-al,2026-08-03,test,guidance,A8,A11,high,P3,,"The SEC issued a notice of an exemptive application from Baillie Gifford Funds and related applicants seeking relief to launch a multi-class ETF structure combining ETF shares and mutual fund classes. It is a notice of a requested order, not a final rule or obligation, and interested persons may request a hearing by 2026-08-24.",function_off_matrix; no_primary_function; class_disagrees_with_registry,,,,,2-head-class-A11,A11
4011,treas:notices#4011,Agency Information Collection Activities; Comment Request on Application for Certificate Discharging Property Subject to Estate Tax Lien,TREAS,notices,https://www.federalregister.gov/documents/2026/08/03/2026-15638/agency-information-collection-activities-comment-request-on-application-for-certificate-discharging,2026-08-03,test,guidance,A8,A11,high,P3,,The IRS is requesting public comments on an existing information collection under the Paperwork Reduction Act for estate tax lien discharge forms. It does not change the forms or create new requirements; comments are due by 2026-10-02.,function_off_matrix; no_primary_function; class_disagrees_with_registry,,,,,2-head-class-A11,A11
5685,sec:notices#5685,"Yorkville America Investment Trust and Yorkville America Equities, LLC",SEC,notices,https://www.federalregister.gov/documents/2026/08/04/2026-15731/yorkville-america-investment-trust-and-yorkville-america-equities-llc,2026-08-04,test,guidance,A8,A11,high,P3,,"SEC notice that Yorkville America Investment Trust and Yorkville America Equities, LLC applied for exemptive relief from certain Investment Company Act and disclosure requirements to allow subadvisory agreements to be entered into or materially amended without shareholder approval. Interested persons may request a hearing by 2026-08-25. This is a notice of an application, not the relief itself.",function_off_matrix; no_primary_function; class_disagrees_with_registry,,,,,2-head-class-A11,A11
5682,sec:notices#5682,Self-Regulatory Organizations; NYSE American LLC; Notice of Designation of a Longer Period for Commission Action on a Proposed Change To Amend Its Rules To Extend Trading Hours for Certain Eligible Equity Options,SEC,notices,https://www.federalregister.gov/documents/2026/08/04/2026-15735/self-regulatory-organizations-nyse-american-llc-notice-of-designation-of-a-longer-period-for,2026-08-04,test,guidance,A8,A11,high,P3,,"The SEC announced it is extending the deadline to act on NYSE American’s proposed rule change to lengthen trading hours for certain eligible equity options. This is not a substantive rule change; it only gives the Commission until 2026-09-20 to approve, disapprove, or institute proceedings.",no_primary_function; class_disagrees_with_registry,,,,,2-head-class-A11,A11
4006,treas:notices#4006,Citizens Coinage Advisory Committee Public Meeting,TREAS,notices,https://www.federalregister.gov/documents/2026/08/05/2026-15863/citizens-coinage-advisory-committee-public-meeting,2026-08-05,test,guidance,A8,A11,high,P3,,"The U.S. Mint announced a public Citizens Coinage Advisory Committee meeting on August 6, 2026 to review proposed design portfolios for a Freedom 250 Grand Prix medal program. This is an informational meeting notice only; members of the public may observe or submit comments, but no regulatory requirements are created.",no_primary_function; class_disagrees_with_registry,,,,,2-head-class-A11,A11
6224,hmt:news#6224,Venture capital access expanded for early-stage companies in UK,HMT,news,https://www.gov.uk/government/news/venture-capital-access-expanded-for-early-stage-companies-in-uk,2026-08-07,test,intelligence,A11,A11,high,P3,,"HMT announced a £100 million expansion of the British Business Bank’s Investor Pathways Capital Initiative to support new venture capital funds for early-stage UK companies, with applications for the next cohort opening in autumn 2026. It is a policy/news announcement about government funding support, not a binding rule or consultation.",no_primary_function,,,,,2-head-class-A11,A11
3341,cftc:notices#3341,Renewal of the Innovation Advisory Committee,CFTC,notices,https://www.federalregister.gov/documents/2026/08/12/2026-16423/renewal-of-the-innovation-advisory-committee,2026-08-12,test,guidance,A8,A11,high,P3,,"The CFTC announced renewal of its Innovation Advisory Committee for two years. The committee will advise on technological innovation, new technologies, and related issues in derivatives and commodities markets; it does not itself impose new requirements on firms.",function_off_matrix; no_primary_function; class_disagrees_with_registry,,,,,2-head-class-A11,A11
3999,treas:notices#3999,Agency Information Collection Activities: Comment Request on the Burden Related to Foreign Status and U.S. Withholding Certifications,TREAS,notices,https://www.federalregister.gov/documents/2026/08/12/2026-16405/agency-information-collection-activities-comment-request-on-the-burden-related-to-foreign-status-and,2026-08-12,test,guidance,A8,A11,high,P3,,The IRS is seeking public comments on an extension of the existing information collection for Forms W-8 and related foreign status and U.S. withholding certifications. There are no changes to the burden or filing requirements in this notice. Comments are due by 2026-10-13.,function_off_matrix; no_primary_function; class_disagrees_with_registry,,,,,2-head-class-A11,A11
4000,treas:notices#4000,Agency Information Collection Activities: Comment Request on the Burden Related to the Application for Determination for Employee Benefit Plan,TREAS,notices,https://www.federalregister.gov/documents/2026/08/12/2026-16397/agency-information-collection-activities-comment-request-on-the-burden-related-to-the-application,2026-08-12,test,guidance,A8,A11,high,P3,,"The IRS is requesting public comments on a revised Paperwork Reduction Act information collection for Form 5300, used by eligible plan sponsors to seek determination letters for certain employee benefit plans. Comments are due by 2026-10-13. The notice updates burden estimates but does not change substantive tax or plan qualification rules.",function_off_matrix; no_primary_function; class_disagrees_with_registry,,,,,2-head-class-A11,A11
5623,sec:notices#5623,"AMG BBH Asset-Backed Credit Fund, LLC, et al.; August 10, 2026.",SEC,notices,https://www.federalregister.gov/documents/2026/08/13/2026-16466/amg-bbh-asset-backed-credit-fund-llc-et-al-august-10-2026,2026-08-13,test,guidance,A8,A11,high,P3,,"The SEC published a notice of application for exemptive relief allowing certain business development companies and closed-end management investment companies to co-invest with affiliated entities. Interested persons may request a hearing by 2026-09-04. This is a notice, not the order itself, so it does not yet change obligations.",function_off_matrix; no_primary_function; class_disagrees_with_registry,,,,,2-head-class-A11,A11
6606,cma:publications#6606,The CMA's programme of work across mobile platforms,CMA,publications,https://www.gov.uk/guidance/the-cmas-programme-of-work-across-mobile-platforms,2026-08-14,test,intelligence,MIXED,A11,high,P3,,"The CMA published an update on its programme of work on Apple and Google’s mobile platforms under the UK digital markets regime. It describes past SMS designations and ongoing work on app review, app ranking, data use, interoperability, NFC access and app steering, including consultations and future expected consultations in 2026. This is an informational status update, not a binding rule or decision.",function_off_matrix; no_primary_function,,,,,2-head-class-A11,A11
5597,sec:notices#5597,"Northern Lights Fund Trust and Ocean Park Asset Management, LLC",SEC,notices,https://www.federalregister.gov/documents/2026/08/17/2026-16765/northern-lights-fund-trust-and-ocean-park-asset-management-llc,2026-08-17,test,guidance,A8,A11,high,P3,,"The SEC published a notice of an application by Northern Lights Fund Trust and Ocean Park Asset Management seeking exemptive relief to launch a multi-class ETF structure with ETF and mutual fund share classes. It is a notice of a pending application, not a rule or order, so there is no direct obligation yet. Interested persons may request a hearing by 2026-09-08.",function_off_matrix; no_primary_function; class_disagrees_with_registry,,,,,2-head-class-A11,A11
5585,sec:notices#5585,Agency Information Collection Activities; Submission for OMB Review; Comment Request; Extension: Form SF-3,SEC,notices,https://www.federalregister.gov/documents/2026/08/18/2026-16820/agency-information-collection-activities-submission-for-omb-review-comment-request-extension-form,2026-08-18,test,guidance,A8,A11,high,P3,,"The SEC announced submission to OMB for extension of the existing information collection for Form SF-3, used by asset-backed securities issuers to register public shelf offerings. The notice invites public comments by 2026-09-18. No new substantive filing rule is created here.",function_off_matrix; no_primary_function; class_disagrees_with_registry,,,,,2-head-class-A11,A11
6600,cma:publications#6600,Enhanced road fuel monitoring report: August 2026,CMA,publications,https://www.gov.uk/government/publications/enhanced-road-fuel-monitoring-report-august-2026,2026-08-18,test,intelligence,MIXED,A11,high,P3,,"CMA published an enhanced monitoring report on UK road fuel prices and margins in response to the Middle East conflict, and on its Fuel Finder compliance/enforcement work. It is an informational market update, not a rule or enforcement notice, and creates no new deadlines or obligations for firms.",no_primary_function,,,,,2-head-class-A11,A11
5576,sec:notices#5576,"Self-Regulatory Organizations; Nasdaq PHLX LLC; Notice of Filing and Immediate Effectiveness of a Proposed Rule Change To Amend Equity 4, Rule 3100 Regarding Trading Halts",SEC,notices,https://www.federalregister.gov/documents/2026/08/19/2026-16855/self-regulatory-organizations-nasdaq-phlx-llc-notice-of-filing-and-immediate-effectiveness-of-a,2026-08-19,test,guidance,A8,A11,high,P3,,"The SEC published notice of Nasdaq PHLX’s proposed rule change to update Equity 4, Rule 3100 on trading halts so the text matches the exchange’s current operative rule and related cross-references. It is a notice seeking comments on an exchange filing, not a final rule. No direct obligation is created by the notice itself.",no_primary_function; class_disagrees_with_registry,,,,,2-head-class-A11,A3
3989,treas:notices#3989,"Agency Information Collection Activities; Comment Request on Improving Customer Experience (OMB Circular A-11, Section 280 Implementation)",TREAS,notices,https://www.federalregister.gov/documents/2026/08/19/2026-16916/agency-information-collection-activities-comment-request-on-improving-customer-experience-omb,2026-08-19,test,guidance,A8,A11,high,P3,,The IRS is seeking public comments on an existing information collection related to improving customer experience under OMB Circular A-11 Section 280. It updates burden estimates and invites comments by 2026-10-19. No new substantive requirements are created for firms.,no_primary_function; class_disagrees_with_registry,,,,,2-head-class-A11,A11
5572,sec:notices#5572,"Clearlake Private Markets Fund and Clearlake Capital RIC Management, LLC",SEC,notices,https://www.federalregister.gov/documents/2026/08/20/2026-16935/clearlake-private-markets-fund-and-clearlake-capital-ric-management-llc,2026-08-20,test,guidance,A8,A11,high,P3,,"The SEC published a notice of an application by Clearlake Private Markets Fund and Clearlake Capital RIC Management, LLC seeking exemptive relief from several Investment Company Act provisions to allow multiple share classes, early withdrawal charges, and asset-based distribution/service fees. Interested persons may request a hearing by 2026-09-11.",function_off_matrix; no_primary_function; class_disagrees_with_registry,,,,,2-head-class-A11,A11
5571,sec:notices#5571,Eagle Point Credit Management LLC and Eagle Point Trinity Senior Secured Lending Company,SEC,notices,https://www.federalregister.gov/documents/2026/08/20/2026-16936/eagle-point-credit-management-llc-and-eagle-point-trinity-senior-secured-lending-company,2026-08-20,test,guidance,A8,A11,high,P3,,"The SEC published a notice that Eagle Point Credit Management LLC and Eagle Point Trinity Senior Secured Lending Company have applied for exemptive relief to allow certain BDCs/closed-end funds to offer multiple share classes with varying sales loads and asset-based distribution or service fees. Interested persons may request a hearing by 2026-09-11. This is a notice of an application, not a rule.",function_off_matrix; no_primary_function; class_disagrees_with_registry,,,,,2-head-class-A11,A11
5556,sec:notices#5556,Agency Information Collection Activities; Submission for OMB Review; Comment Request; Extension: Form ADV,SEC,notices,https://www.federalregister.gov/documents/2026/08/21/2026-17067/agency-information-collection-activities-submission-for-omb-review-comment-request-extension-form,2026-08-21,test,guidance,A8,A11,high,P3,,"The SEC published a notice seeking public comment on its request to extend the OMB approval for Form ADV, the mandatory registration/reporting form for investment advisers and exempt reporting advisers. The comment period closes on 2026-09-21. This is an information-collection notice, not a rule change.",function_off_matrix; no_primary_function; class_disagrees_with_registry,,,,,2-head-class-A11,A8
6589,cma:publications#6589,Referral of the proposed subsidy to Ryanair UK Limited by Invest Northern Ireland,CMA,publications,https://www.gov.uk/cma-cases/referral-of-the-proposed-subsidy-to-ryanair-uk-limited-by-invest-northern-ireland,2026-08-21,test,intelligence,MIXED,A11,high,P3,,"The CMA’s Subsidy Advice Unit has opened a referral on a proposed £67 million subsidy from Invest Northern Ireland to Ryanair UK Limited for an aircraft engine MRO facility in Northern Ireland. Third parties may submit comments by the deadline in the timetable; the SAU will publish a report within 30 working days. This is an information notice, not a rule or decision.",no_primary_function,,,,,2-head-class-A11,A11
4177,fdic:financial_institution_letters#4177,FDIC Board of Directors Approve New Actions,FDIC,financial_institution_letters,https://content.govdelivery.com/accounts/USFDIC/bulletins/4271151,2026-08-27,test,guidance,A5,A11,high,P3,,"FDIC published a board-matters bulletin announcing that its Board unanimously approved a final rule on unsafe or unsound practices and matters requiring attention, and an interim final rule on reciprocal deposits under the Road to Housing Act. The notice points readers to related board materials, press releases and the financial institution letters.",function_off_matrix; no_primary_function; class_disagrees_with_registry,,,,,2-head-class-A11,A11
6220,hmt:news#6220,Interim Chair of National Savings and Investments appointment extended,HMT,news,https://www.gov.uk/government/news/interim-chair-of-national-savings-and-investments-appointment-extended,2026-08-27,test,intelligence,A11,A11,high,P3,,"HM Treasury announced an extension of Luke Jensen’s interim chair appointment to the NS&I Board for two more months, from 1 September to 31 October 2026, while a permanent chair is appointed. The notice also references the public appointments code and NS&I’s governance role, but it does not create new obligations for firms.",function_off_matrix; no_primary_function,,,,,2-head-class-A11,A11
6221,hmt:news#6221,Ministers to boost innovation in payments with new objective for Bank of England,HMT,news,https://www.gov.uk/government/news/ministers-to-boost-innovation-in-payments-with-new-objective-for-bank-of-england,2026-08-27,test,intelligence,A11,A11,high,P3,,"HMT announces plans to give the Bank of England a new secondary objective to support innovation in payment systems and emerging forms of digital money, including stablecoins. The objective would sit below the Bank’s financial stability objective and extend the existing innovation approach for CCPs and CSDs. No date is fixed for implementation; Parliament is expected to debate amendments in September.",no_primary_function,,,,,2-head-class-A11,A11
4230,sec:press_releases#4230,SEC and FDA Announce MOU to Bolster Cooperation and Ensure Market Integrity,SEC,press_releases,https://www.sec.gov/newsroom/press-releases/2026-80-sec-fda-announce-mou-bolster-cooperation-ensure-market-integrity,2026-08-31,test,intelligence,MIXED,A11,high,P3,,"The SEC and FDA announced an MOU to improve information-sharing on FDA-regulated products and related market integrity issues. It is a cooperation arrangement, not a new rule, and it does not itself impose compliance deadlines on firms. It may matter to issuers and firms with FDA-related disclosures or products, but it is mainly informational.",function_off_matrix; no_primary_function,,,,,2-head-class-A11,A11
5518,sec:notices#5518,"Self-Regulatory Organizations; Cboe EDGX Exchange, Inc.; Notice of Filing and Immediate Effectiveness of a Proposed Rule Change To Amend the Options Regulatory Fee (“ORF”)",SEC,notices,https://www.federalregister.gov/documents/2026/08/31/2026-17664/self-regulatory-organizations-cboe-edgx-exchange-inc-notice-of-filing-and-immediate-effectiveness-of,2026-08-31,test,guidance,A8,A11,high,P3,,"The SEC published a notice of Cboe EDGX’s proposed rule change to amend its Options Regulatory Fee schedule, including a higher ORF rate and clarifying edits tied to on-exchange customer-range options transactions. The notice solicits public comments; it does not itself change obligations. The change is described as effective July 1, 2026, under the exchange filing, but the SEC notice is only a publication of the filing.",function_off_matrix; no_primary_function; class_disagrees_with_registry,,,,,2-head-class-A11,A3
3963,treas:notices#3963,Agency Information Collection Activities: Comment Request on the Burden Related to the Advance Notice of Rescission of Health Coverage,TREAS,notices,https://www.federalregister.gov/documents/2026/09/03/2026-18014/agency-information-collection-activities-comment-request-on-the-burden-related-to-the-advance-notice,2026-09-03,test,guidance,A8,A11,high,P3,,"The IRS is seeking public comments by 2026-11-02 on a revised Paperwork Reduction Act information collection for advance notices of rescission of health coverage. It does not change the underlying rule, but updates burden estimates for the existing collection tied to the 30-day advance notice requirement.",function_off_matrix; no_primary_function; class_disagrees_with_registry,,,,,2-head-class-A11,A11
3964,treas:notices#3964,Agency Information Collection Activities: Comment Request on the Burden Related to the Fuel Tax Guidance and Related Third-Party Disclosure and Recordkeeping Requirements,TREAS,notices,https://www.federalregister.gov/documents/2026/09/03/2026-18013/agency-information-collection-activities-comment-request-on-the-burden-related-to-the-fuel-tax,2026-09-03,test,guidance,A8,A11,high,P3,,The IRS is seeking public comment by 2026-11-02 on the Paperwork Reduction Act burden associated with fuel tax guidance and related third-party disclosure and recordkeeping requirements. It states there is no substantive change to the underlying requirements; the notice mainly consolidates an existing information collection under one OMB control number.,no_primary_function; class_disagrees_with_registry,,,,,2-head-class-A11,A11
6213,hmt:news#6213,Chancellor takes axe to delays holding back growth,HMT,news,https://www.gov.uk/government/news/chancellor-takes-axe-to-delays-holding-back-growth,2026-09-07,test,intelligence,A11,A11,high,P3,,"HM Treasury issued a press release on plans to speed up growth and investment, including support for UK unicorns, the Northern 500, new sandbox powers, and reforms to consultation and judicial review for major infrastructure projects. It is a policy announcement rather than a rule or guidance, and it does not create immediate obligations.",no_primary_function,,,,,2-head-class-A11,A11
6572,cma:publications#6572,Procurement in the national interest,CMA,publications,https://www.gov.uk/government/publications/procurement-in-the-national-interest,2026-09-08,test,intelligence,MIXED,A11,high,P3,,"The CMA published two policy papers on how UK public procurement can support growth, innovation and economic security, including a call for stronger action against bid rigging through better data use. This is intelligence and advocacy only; it does not set rules, deadlines or obligations for firms.",no_primary_function,,,,,2-head-class-A11,A11
5466,sec:notices#5466,Agency Information Collection Activities; Proposed Collection; Comment Request; Revision: Ombudsman Matter Management System (OMMS) Submission Form,SEC,notices,https://www.federalregister.gov/documents/2026/09/08/2026-18253/agency-information-collection-activities-proposed-collection-comment-request-revision-ombudsman,2026-09-08,test,guidance,A8,A11,high,P3,,"The SEC issued a 60-day Paperwork Reduction Act notice seeking comment on a revised OMMS Submission Form for retail investor complaints and inquiries. The form remains voluntary, but the SEC proposes adding a new submitter category and asks for comments on burden, utility and clarity, with comments due by the stated deadline in the notice.",function_off_matrix; no_primary_function; class_disagrees_with_registry,,,,,2-head-class-A11,A8
6212,hmt:news#6212,Economic Secretary to the Treasury speech at UK Finance,HMT,news,https://www.gov.uk/government/speeches/economic-secretary-to-the-treasury-speech-at-uk-finance,2026-09-08,test,intelligence,A11,A11,high,P3,,"The Economic Secretary gave a speech on the UK’s push to digitalise and tokenise wholesale financial markets, highlighting the Digital Securities Sandbox, future legal changes, and work on the payments ecosystem and digital gilt issuance. It is a policy and progress update, not a rule or supervisory requirement.",no_primary_function,,,,,2-head-class-A11,
6565,cma:publications#6565,"Referral of the proposed Critical Chemicals Resilience Fund subsidy scheme by the Department for Business, Innovation, Science and Trade",CMA,publications,https://www.gov.uk/cma-cases/referral-of-the-proposed-critical-chemicals-resilience-fund-subsidy-scheme-by-the-department-for-business-innovation-science-and-trade,2026-09-10,test,intelligence,MIXED,A11,high,P3,,"The CMA’s Subsidy Advice Unit has accepted a referral from the Department for Business, Innovation, Science and Trade on the proposed Critical Chemicals Resilience Fund subsidy scheme. Third parties can submit comments for the SAU’s report within the timetable set out in the notice. This is a procedural notice about a review of a proposed UK subsidy scheme, not the scheme itself.",function_off_matrix; no_primary_function,,,,,2-head-class-A11,A11
6567,cma:publications#6567,Heating oil suppliers: using fair terms and conditions,CMA,publications,https://www.gov.uk/government/publications/heating-oil-suppliers-using-fair-terms-and-conditions,2026-09-10,test,intelligence,MIXED,A11,high,P3,,"The CMA published an open letter reminding domestic heating oil suppliers that consumer contract terms must be fair and transparent, especially where liability is limited or excluded. It is a reminder following CMA intervention over cancelled heating oil orders and voluntary compensation, with no new deadline or rule in the letter.",function_off_matrix; no_primary_function,,,,,2-head-class-A11,A11
1953,frb:notices#1953,"Formations of, Acquisitions by, and Mergers of Bank Holding Companies",FRB,notices,https://www.federalregister.gov/documents/2026/09/11/2026-18594/formations-of-acquisitions-by-and-mergers-of-bank-holding-companies,2026-09-11,test,guidance,A8,A11,high,P3,,The Federal Reserve published a notice listing bank holding company formation/acquisition application(s) for public comment. Interested persons may submit views on the applications by 2026-10-13. This is an informational notice only and does not itself approve or impose requirements on firms.,function_off_matrix; no_primary_function; class_disagrees_with_registry,,,,,2-head-class-A11,A14
6564,cma:publications#6564,Monitoring of the commitments given by IAG to the European Commission in relation to its acquisition of bmi,CMA,publications,https://www.gov.uk/government/publications/monitoring-of-the-commitments-given-by-iag-to-the-european-commission-in-relation-to-its-acquisition-of-bmi,2026-09-14,test,intelligence,MIXED,A11,high,P3,Compliance; Legal,The CMA says it is monitoring IAG’s commitments to the European Commission relating to IAG’s 2012 acquisition of bmi. This is an informational notice only and does not announce a new obligation or deadline.,function_off_matrix,,,,,2-head-class-A11,A11
3947,treas:notices#3947,Funding Opportunity; Notice of Allocation Availability Inviting Applications for the Calendar Years 2026 Allocation Round of the New Markets Tax Credit Program,TREAS,notices,https://www.federalregister.gov/documents/2026/09/15/2026-18883/funding-opportunity-notice-of-allocation-availability-inviting-applications-for-the-calendar-years,2026-09-15,test,guidance,A8,A11,high,P3,,"The Treasury CDFI Fund announced the 2026 New Markets Tax Credit allocation round and its application deadlines, including certification, registration, application, and post-award reporting dates. It offers up to $5 billion of allocation authority and describes the application process and program terms for certified CDEs seeking awards.",no_primary_function; class_disagrees_with_registry,,,,,2-head-class-A11,A11
4171,fdic:financial_institution_letters#4171,Sunshine Act Notice: FDIC Board of Directors Meeting,FDIC,financial_institution_letters,https://content.govdelivery.com/accounts/USFDIC/bulletins/42aa4ac,2026-09-15,test,guidance,A5,A11,high,P3,,"FDIC announced an open Sunshine Act Board meeting on Thursday, 17 September 2026 at 10:00 a.m. ET, to be observed by webcast or in person at FDIC Headquarters. No regulatory requirements or policy changes are announced.",no_primary_function; class_disagrees_with_registry,,,,,2-head-class-A11,A11
640,hmt:policy_papers#640,Finance: Interministerial Standing Committee – 17 September 2026,HMT,policy_papers,https://www.gov.uk/government/publications/finance-interministerial-standing-committee-17-september-2026,2026-09-17,test,rule_final,A2,A11,high,P3,,"This is a communiqué from the UK Finance: Interministerial Standing Committee describing a meeting of finance ministers. It does not create or change any rules, deadlines, or obligations for firms.",no_primary_function; class_disagrees_with_registry,,,,,2-head-class-A11,A11
639,hmt:policy_papers#639,"Whole of Government Accounts, 2024-25",HMT,policy_papers,https://www.gov.uk/government/publications/whole-of-government-accounts-2024-25,2026-09-18,test,rule_final,A2,A11,high,P3,,"HM Treasury published the 2024-25 Whole of Government Accounts, a consolidated report on the UK public sector’s financial position and performance. It is an annual informational publication prepared under the Government Resources and Accounts Act 2000 and audited by the NAO, with no new obligations for firms or a compliance deadline.",function_off_matrix; no_primary_function; class_disagrees_with_registry,,,,,2-head-class-A11,A11
1938,frb:notices#1938,"Formations of, Acquisitions by, and Mergers of Bank Holding Companies",FRB,notices,https://www.federalregister.gov/documents/2026/09/28/2026-19759/formations-of-acquisitions-by-and-mergers-of-bank-holding-companies,2026-09-28,test,guidance,A8,A11,high,P3,,"The Federal Reserve published a notice inviting public comments on applications by 1870 Holdings, Inc. to merge with Rushville Bancshares, Inc. and indirectly acquire Rushville State Bank. Comments must be received by 2026-10-28.",function_off_matrix; no_primary_function; class_disagrees_with_registry,,,,,2-head-class-A11,A14
5681,sec:notices#5681,"Self-Regulatory Organizations; Municipal Securities Rulemaking Board; Notice of Filing of a Proposed Rule Change To Amend MSRB Rule G-27 To Exclude Certain Public Finance Activities From Term “Structuring of Public Offerings or Private Placements,” Extend the Length of the Exclusion for Non-Primary Residences From Municipal Branch Office Designation, and Make a Technical Update to the Rule's Title",SEC,notices,https://www.federalregister.gov/documents/2026/08/04/2026-15736/self-regulatory-organizations-municipal-securities-rulemaking-board-notice-of-filing-of-a-proposed,2026-08-04,test,guidance,A8,A3,high,P2,Compliance; Product,"The MSRB has proposed amendments to Rule G-27 to exclude certain public finance activities from the term ""structuring of public offerings or private placements,"" extend the non-primary residence exclusion from municipal branch office designation, and make a technical title update. SEC is seeking comments; if approved, the MSRB would later announce an operative date and a compliance period of 90 to 180 days after approval.",function_off_matrix; class_disagrees_with_registry,,,,,3-head-class-A3,A3
5680,sec:notices#5680,"Self-Regulatory Organizations; Nasdaq ISE, LLC; Notice of Filing and Immediate Effectiveness of Proposed Rule Change To Amend FLEX Options Listing Rules",SEC,notices,https://www.federalregister.gov/documents/2026/08/04/2026-15737/self-regulatory-organizations-nasdaq-ise-llc-notice-of-filing-and-immediate-effectiveness-of,2026-08-04,test,guidance,A8,A3,high,P2,Product; Legal; Compliance; Regulatory change,"The SEC published a notice of Nasdaq ISE’s proposed rule change to amend FLEX Options listing rules for cash-settled FLEX ETF options. It would expand eligibility for newly qualifying ETFs, add tiered treatment if an ETF later falls below thresholds, and remove the 50-ETF cap. This is a proposal, so firms can comment but no binding change is in force yet.",function_off_matrix; class_disagrees_with_registry,,,,,3-head-class-A3,A3
5669,sec:notices#5669,Self-Regulatory Organizations; NYSE American LLC; Notice of Filing and Immediate Effectiveness of a Proposed Rule Change To Amend the Options Regulatory Fee (ORF),SEC,notices,https://www.federalregister.gov/documents/2026/08/06/2026-15926/self-regulatory-organizations-nyse-american-llc-notice-of-filing-and-immediate-effectiveness-of-a,2026-08-06,test,guidance,A8,A3,high,P2,Product; Compliance; Regulatory change,"NYSE American filed an immediately effective proposed rule change to amend its Options Regulatory Fee fee schedule, including conforming text and the ORF rate in effect through 31 August 2026 and from 1 September 2026. The SEC is publishing the notice and inviting comments. The filing concerns options market participants using NYSE American and their clearing/pass-through arrangements.",function_off_matrix; class_disagrees_with_registry,,,,,3-head-class-A3,A11
5639,sec:notices#5639,"Self-Regulatory Organizations; Miami International Securities Exchange, LLC; Notice of Filing and Immediate Effectiveness of a Proposed Rule Change To Amend Exchange Rule 515A Related to PRIME and cPRIME Functionality",SEC,notices,https://www.federalregister.gov/documents/2026/08/11/2026-16285/self-regulatory-organizations-miami-international-securities-exchange-llc-notice-of-filing-and,2026-08-11,test,guidance,A8,A3,high,P2,Product; Compliance,"MIAX filed and immediately made effective a proposed rule change to amend Exchange Rule 515A for PRIME and cPRIME auctions. The change removes the initiating price from RFR messages, so only option, side, and size will be disseminated. MIAX expects to implement the functionality in Q3 2026 and will later announce the exact date.",function_off_matrix; class_disagrees_with_registry,,,,,3-head-class-A3,A11
1641,occ:proposed_rules#1641,Community Reinvestment Act Regulations,OCC,proposed_rules,https://www.federalregister.gov/documents/2026/08/12/2026-16454/community-reinvestment-act-regulations,2026-08-12,test,consultation,A3,A3,high,P2,Regulatory change; Compliance,"The OCC and FDIC are proposing changes to Community Reinvestment Act regulations and related technical rules for banks, including clearer CRA consideration and reduced burden for community banks. Comments are due by 2026-10-13. This is a consultation only and does not yet change obligations.",,,,,,3-head-class-A3,A3
6609,cma:publications#6609,CMA proposes removing 27 market remedies in part or full following review,CMA,publications,https://www.gov.uk/government/news/cma-proposes-removing-27-market-remedies-in-part-or-full-following-review,2026-08-12,test,consultation,MIXED,A3,high,P2,Product; Regulatory change,"The CMA is consulting on a provisional decision to remove 23 market remedies, partially remove 4, and keep 6 in full. The remedies affect areas including retail banking, home credit, private motor insurance, soft drinks, current account switching and LPG. Interested parties can respond by 5pm on 11 September 2026; a final decision is expected in autumn 2026.",function_off_matrix,,,,,3-head-class-A3,A3
5625,sec:notices#5625,"Self-Regulatory Organizations; Nasdaq GEMX, LLC; Notice of Filing and Immediate Effectiveness of Proposed Rule Change To Amend Market Maker Quoting Obligations",SEC,notices,https://www.federalregister.gov/documents/2026/08/13/2026-16463/self-regulatory-organizations-nasdaq-gemx-llc-notice-of-filing-and-immediate-effectiveness-of,2026-08-13,test,guidance,A8,A3,high,P2,Product; Regulatory change,Nasdaq GEMX filed a proposed rule change to amend its options market maker quoting obligations by aggregating quoting activity for Primary Market Makers and Preferred Market Makers associated with the same member. The SEC is seeking comments on the proposal; no binding change is made yet.,class_disagrees_with_registry,,,,,3-head-class-A3,A3
3836,treas:proposed_rules#3836,Proposed Establishment of the Mill Creek-Walla Walla Valley Viticultural Area,TREAS,proposed_rules,https://www.federalregister.gov/documents/2026/08/14/2026-16669/proposed-establishment-of-the-mill-creek-walla-walla-valley-viticultural-area,2026-08-14,test,consultation,A3,A3,high,P2,Product; Regulatory change,"TTB proposes to establish the Mill Creek—Walla Walla Valley American viticultural area in part 9 of the wine labeling regulations. It is a notice of proposed rulemaking for vintners and related businesses, with comments due by 2026-10-13. The proposal would affect how wines from the area may be described on labels and in advertisements if finalized.",,,,,,3-head-class-A3,A3
5616,sec:notices#5616,Self-Regulatory Organizations; NYSE American LLC; Notice of Filing and Immediate Effectiveness of Proposed Change To Introduce the New One-Minute Interval Intra-Day Report,SEC,notices,https://www.federalregister.gov/documents/2026/08/14/2026-16561/self-regulatory-organizations-nyse-american-llc-notice-of-filing-and-immediate-effectiveness-of,2026-08-14,test,guidance,A8,A3,high,P2,Product; Regulatory change,"NYSE American filed a proposed rule change with the SEC to add a new One-Minute Interval Intra-Day Report for options volume data. The new report would update every minute during the trading day and be available to subscribers within five minutes after each interval. This is a proposal/comment solicitation, not a final rule.",class_disagrees_with_registry,,,,,3-head-class-A3,A3
5609,sec:notices#5609,"Self-Regulatory Organizations; Cboe BZX Exchange, Inc.; Notice of Filing and Immediate Effectiveness of a Proposed Rule Change To Amend its Fee Schedule",SEC,notices,https://www.federalregister.gov/documents/2026/08/17/2026-16691/self-regulatory-organizations-cboe-bzx-exchange-inc-notice-of-filing-and-immediate-effectiveness-of,2026-08-17,test,guidance,A8,A3,high,P2,Product; Regulatory change,"Cboe BZX filed a proposed rule change to amend its equities fee schedule, including removing Step-Up Tier 2, adding a new Single MPID Investor Tier, and dropping expired liquidity provision rates. The SEC is soliciting comments, and the exchange says it will implement the changes effective August 3, 2026. This affects firms trading on BZX.",function_off_matrix; class_disagrees_with_registry,,,,,3-head-class-A3,A11
5603,sec:notices#5603,"Self-Regulatory Organizations; MIAX Sapphire, LLC; Notice of Filing and Immediate Effectiveness of a Proposed Rule Change To Amend the MIAX Sapphire Options Exchange Fee Schedule Regarding the Routing Fee Table",SEC,notices,https://www.federalregister.gov/documents/2026/08/17/2026-16697/self-regulatory-organizations-miax-sapphire-llc-notice-of-filing-and-immediate-effectiveness-of-a,2026-08-17,test,guidance,A8,A3,high,P2,Product; Regulatory change; Compliance,"The SEC has published notice of MIAX Sapphire’s immediately effective proposed rule change to amend its options exchange fee schedule routing fee table. The changes add MX2 and IEX routing categories, reflect Nasdaq BX’s name change to Nasdaq Texas, and adjust MIAX Pearl’s fee tiers. It is effective immediately, with comments invited.",function_off_matrix; class_disagrees_with_registry,,,,,3-head-class-A3,A11
5592,sec:notices#5592,"Self-Regulatory Organizations; New York Stock Exchange LLC; Notice of Filing and Immediate Effectiveness of Proposed Rule Change of Amendments to Rules 7.31, 7.35, and 7.35B",SEC,notices,https://www.federalregister.gov/documents/2026/08/18/2026-16783/self-regulatory-organizations-new-york-stock-exchange-llc-notice-of-filing-and-immediate,2026-08-18,test,guidance,A8,A3,high,P2,Product; Compliance,"NYSE has filed a proposed rule change, effective immediately under SEC procedures, to amend Rules 7.31, 7.35 and 7.35B on discretionary orders and closing auction mechanics. It would enhance auction imbalance information and change related processing for UTP securities. This is a proposed exchange rule change, not a final SEC rule, so firms should review and comment before implementation details settle.",class_disagrees_with_registry,,,,,3-head-class-A3,A3
5564,sec:notices#5564,"Self-Regulatory Organizations; Cboe C2 Exchange, Inc.; Notice of Filing and Immediate Effectiveness of a Proposed Rule Change To Amend Its Fees Schedule Regarding Certain Free Trials",SEC,notices,https://www.federalregister.gov/documents/2026/08/20/2026-16951/self-regulatory-organizations-cboe-c2-exchange-inc-notice-of-filing-and-immediate-effectiveness-of-a,2026-08-20,test,guidance,A8,A3,high,P2,Product; Regulatory change,"The SEC published notice of Cboe C2’s immediately effective proposed rule change to amend its fee schedule for certain Open-Close Data free trials. Instead of letting each requester choose any six-month historical window, all participants would receive the fixed period July 1, 2022 to December 31, 2022 for the three data products. Comments are solicited; the filing is already effective.",class_disagrees_with_registry,,,,,3-head-class-A3,A11
5565,sec:notices#5565,"Self-Regulatory Organizations; Cboe EDGX Exchange, Inc.; Notice of Filing and Immediate Effectiveness of a Proposed Rule Change To Amend Its Fees Schedule Regarding Certain Free Trials",SEC,notices,https://www.federalregister.gov/documents/2026/08/20/2026-16950/self-regulatory-organizations-cboe-edgx-exchange-inc-notice-of-filing-and-immediate-effectiveness-of,2026-08-20,test,guidance,A8,A3,high,P2,Regulatory change; Product,"Cboe EDGX filed a proposed rule change to amend its fee schedule so all free trials for its Open-Close Data products use the same fixed historical sample period, July 1, 2022 through December 31, 2022, instead of letting each requester choose any six-month window. The SEC notice solicits comments; the change is not yet final.",class_disagrees_with_registry,,,,,3-head-class-A3,A3
5563,sec:notices#5563,"Self-Regulatory Organizations; Nasdaq ISE, LLC; Notice of Filing and Immediate Effectiveness of Proposed Rule Change To Amend the Exchange's Connectivity Schedule and Discontinue a Previously Proposed Offering",SEC,notices,https://www.federalregister.gov/documents/2026/08/21/2026-17058/self-regulatory-organizations-nasdaq-ise-llc-notice-of-filing-and-immediate-effectiveness-of,2026-08-21,test,guidance,A8,A3,high,P2,Product; Regulatory change,"Nasdaq ISE filed an immediately effective proposed rule change to clean up its connectivity schedule by removing terminated fiber-optic and wireless market data connectivity offerings and dropping an unimplemented POD colocation offering. The filing is open for SEC comment, and no new customer obligation is created beyond the exchange’s rulebook update. The terminated offerings are effective as of August 31, 2025 or September 30, 2026, as stated.",function_off_matrix; class_disagrees_with_registry,,,,,3-head-class-A3,
3281,cftc:proposed_rules#3281,Request for Comment on the Listing of Compute Derivatives Contracts,CFTC,proposed_rules,https://www.federalregister.gov/documents/2026/08/21/2026-17163/request-for-comment-on-the-listing-of-compute-derivatives-contracts,2026-08-21,test,consultation,A3,A3,high,P2,Product; Regulatory change,The CFTC is seeking comment on a proposed approach to the listing of compute derivatives contracts on designated contract markets. Market participants may comment by 2026-10-20. This is an input-gathering proposal only; it does not itself impose new requirements.,function_off_matrix,,,,,3-head-class-A3,A3
5538,sec:notices#5538,Self-Regulatory Organizations; NYSE American LLC; Notice of Filing and Immediate Effectiveness of a Proposed Rule Change To Amend Rule 7.18E Regarding Trading Halts,SEC,notices,https://www.federalregister.gov/documents/2026/08/26/2026-17363/self-regulatory-organizations-nyse-american-llc-notice-of-filing-and-immediate-effectiveness-of-a,2026-08-26,test,guidance,A8,A3,high,P2,Product; Compliance,The SEC noticed NYSE American’s immediately effective proposed rule change to amend Rule 7.18E on trading halts and resumptions for securities subject to certain corporate actions. It applies to NYSE American-listed securities and is part of the market’s move toward 23/5 trading. No compliance deadline is stated in the notice; firms should monitor the final operative rule and related exchange implementation.,function_off_matrix; class_disagrees_with_registry,,,,,3-head-class-A3,A3
5536,sec:notices#5536,ARK Venture Fund and ARK Investment Management LLC,SEC,notices,https://www.federalregister.gov/documents/2026/08/26/2026-17422/ark-venture-fund-and-ark-investment-management-llc,2026-08-26,test,guidance,A8,A3,high,P2,Product; Legal,"The SEC published a notice of an application by ARK Venture Fund and ARK Investment Management LLC to amend a prior exemptive order. The requested amendment would let the fund offer a listed exchange class and a tokenized class traded on ATSs, instead of relying only on the prior interval-fund structure. Interested persons may request a hearing by 2026-09-18.",function_off_matrix; class_disagrees_with_registry,,,,,3-head-class-A3,A11
2104,fdic:proposed_rules#2104,Disclosure of Information; Extension of Comment Period,FDIC,proposed_rules,https://www.federalregister.gov/documents/2026/08/28/2026-17649/disclosure-of-information-extension-of-comment-period,2026-08-28,test,consultation,A3,A3,high,P2,Compliance; Legal,"The FDIC has extended the comment period for its proposed rule on disclosure of information. Comments on the proposal, which would update FDIC rules on confidential supervisory information, FOIA disclosures and legal-process disclosures, are now due by 2026-10-05 instead of 2026-08-31.",function_off_matrix,,,,,3-head-class-A3,A3
5527,sec:notices#5527,"Self-Regulatory Organizations; Nasdaq ISE, LLC; Notice of Filing and Immediate Effectiveness of Proposed Rule Change To Delay the Implementation of SR-ISE-2026-18",SEC,notices,https://www.federalregister.gov/documents/2026/08/28/2026-17547/self-regulatory-organizations-nasdaq-ise-llc-notice-of-filing-and-immediate-effectiveness-of,2026-08-28,test,guidance,A8,A3,high,P2,Product; Regulatory change,"Nasdaq ISE filed an immediately effective proposed rule change to delay the implementation of SR-ISE-2026-18. The exchange says the underlying auction-mechanism changes are unchanged and the outside implementation date is extended to on or before 2026-11-10, with a later Options Trader Alert to announce the exact date.",class_disagrees_with_registry,,,,,3-head-class-A3,A3
5516,sec:notices#5516,Self-Regulatory Organizations; CME Securities Clearing Inc.; Notice of Filing of Proposed Rule Change To Adopt Standards for Establishing Cross-Margin Arrangements and Adopt a Cross-Margin Arrangement With Chicago Mercantile Exchange Inc.,SEC,notices,https://www.federalregister.gov/documents/2026/08/31/2026-17666/self-regulatory-organizations-cme-securities-clearing-inc-notice-of-filing-of-proposed-rule-change,2026-08-31,test,guidance,A8,A3,high,P2,Regulatory change; Prudential,The SEC is seeking comments on CME Securities Clearing Inc.’s proposed rule change to add cross-margining standards and implement an initial cross-margin arrangement with CME. The filing would revise CMESC rulebook provisions and related risk-management policies for cross-margining of eligible securities transactions and interest rate futures. No compliance date is set yet; comments are being solicited.,function_off_matrix; class_disagrees_with_registry,,,,,3-head-class-A3,A3
4229,sec:press_releases#4229,SEC Proposes to Modernize Rules for Registered Transfer Agents,SEC,press_releases,https://www.sec.gov/newsroom/press-releases/2026-81-sec-proposes-modernize-rules-registered-transfer-agents,2026-09-01,test,consultation,MIXED,A3,high,P2,Regulatory change; Compliance,"The SEC is proposing to modernize the rules and forms for registered transfer agents, including amendments to registration, annual reporting, processing, recordkeeping and safeguarding rules, plus new rules and a rescission. The proposal would affect registered transfer agents and related securities processing activities. Comments are due by 2026-11-03.",function_off_matrix,,,,,3-head-class-A3,A3
5506,sec:notices#5506,"Self-Regulatory Organizations; NYSE Texas, Inc.; Notice of Filing of Proposed Rule Change To Adopt New Rule 24 Under Article 22 of the NYSE Texas Rule Book",SEC,notices,https://www.federalregister.gov/documents/2026/09/01/2026-17801/self-regulatory-organizations-nyse-texas-inc-notice-of-filing-of-proposed-rule-change-to-adopt-new,2026-09-01,test,guidance,A8,A3,high,P2,Product; Regulatory change,The SEC is soliciting comments on NYSE Texas’s proposed rule change to add Rule 24 to its rule book. The rule would provide complimentary services to all listed issuers and a visibility/investor-engagement package for eligible dual listings meeting a 160 million shares-outstanding threshold. No compliance date is set because this is only a proposal.,function_off_matrix; class_disagrees_with_registry,,,,,3-head-class-A3,A3
5496,sec:notices#5496,"Self-Regulatory Organizations; MIAX Sapphire, LLC; Notice of Filing and Immediate Effectiveness of a Proposed Rule Change To Amend Fees and Rebates for Professional Customer Orders for QCC and cQCC Transactions and Establish a Tiered Fee Structure for Away Market Maker Facilitation of Customer QFOs or cQFOs",SEC,notices,https://www.federalregister.gov/documents/2026/09/02/2026-17909/self-regulatory-organizations-miax-sapphire-llc-notice-of-filing-and-immediate-effectiveness-of-a,2026-09-02,test,guidance,A8,A3,high,P2,Product; Regulatory change,"MIAX Sapphire filed and immediately made effective a proposed options fee schedule change for Professional Customer QCC/cQCC transactions and certain Trading Floor QFO/cQFO facilitation trades. It lowers some fees and rebates and adds a tiered fee structure based on breakup percentages and minimum sizes. The SEC is seeking comments; the filing is dated August 17, 2026, and the notice was published August 28, 2026.",class_disagrees_with_registry,,,,,3-head-class-A3,A3
5494,sec:notices#5494,Self-Regulatory Organizations; The Nasdaq Stock Market LLC; Notice of Filing and Immediate Effectiveness of Proposed Rule Change To Amend Exchange Rule Equity 7 Regarding Pricing of Ports for the Night Session,SEC,notices,https://www.federalregister.gov/documents/2026/09/02/2026-17911/self-regulatory-organizations-the-nasdaq-stock-market-llc-notice-of-filing-and-immediate,2026-09-02,test,guidance,A8,A3,high,P2,Regulatory change; Product,"Nasdaq filed a proposed rule change, immediately effective, to amend Equity 7 fees for ports used to connect to its Night Session trading environment and to add fee waivers for members. The exchange said it plans to implement the fee changes on 2026-09-01. This is a US exchange filing open for comment and affects market participants using Night Session access ports.",function_off_matrix; class_disagrees_with_registry,,,,,3-head-class-A3,A3
5486,sec:notices#5486,"Self-Regulatory Organizations; Cboe BZX Exchange, Inc.; Notice of Filing and Immediate Effectiveness of a Proposed Rule Change To Amend Its Fee Schedule To Implement an Exchange Order Entry Protocol Program",SEC,notices,https://www.federalregister.gov/documents/2026/09/02/2026-17919/self-regulatory-organizations-cboe-bzx-exchange-inc-notice-of-filing-and-immediate-effectiveness-of,2026-09-02,test,guidance,A8,A3,high,P2,Product; Compliance; Regulatory change,"The SEC has published notice of Cboe BZX Exchange’s proposed fee-schedule change to create an Exchange Order Entry Protocol Migration Program. Eligible members could receive fee credits for temporary redundant logical ports used only as backup connections during an exchange-initiated migration, subject to notice, cancellation, usage, and credit-request conditions. This is a proposal/open for comment, not a final rule.",function_off_matrix; class_disagrees_with_registry,,,,,3-head-class-A3,A11
5467,sec:notices#5467,Self-Regulatory Organizations; The Options Clearing Corporation; Notice of Filing of Proposed Rule Change by The Options Clearing Corporation Concerning Amendments to Its Clearing Membership Standards,SEC,notices,https://www.federalregister.gov/documents/2026/09/08/2026-18211/self-regulatory-organizations-the-options-clearing-corporation-notice-of-filing-of-proposed-rule,2026-09-08,test,guidance,A8,A3,high,P2,Regulatory change; Risk; Prudential,"The SEC has published a notice of OCC’s proposed rule change to amend clearing membership standards. It would tighten onboarding and ongoing risk requirements, raise certain capital-related expectations, expand grounds for denial or suspension, and broaden risk committee delegated authority. This is a consultation stage filing for comments, with no binding change yet.",function_off_matrix; class_disagrees_with_registry,,,,,3-head-class-A3,A3
5470,sec:notices#5470,Self-Regulatory Organizations; Texas Stock Exchange LLC; Notice of Filing and Immediate Effectiveness of a Proposed Rule Change To Permit a New Issue ETPs To Commence Trading at the Beginning of the Pre-Market Session,SEC,notices,https://www.federalregister.gov/documents/2026/09/08/2026-18208/self-regulatory-organizations-texas-stock-exchange-llc-notice-of-filing-and-immediate-effectiveness,2026-09-08,test,guidance,A8,A3,high,P2,Product; Regulatory change,"Texas Stock Exchange proposes a rule change to let new issue ETPs start trading at the beginning of the pre-market session unless the issuer opts for an IPO Auction, and to clean up related auction rule text. This is a proposed SEC notice for exchange members and market participants; comments are being solicited, but no firm compliance deadline is stated.",function_off_matrix; class_disagrees_with_registry,,,,,3-head-class-A3,A3
3960,treas:notices#3960,"Superfund Tax on Chemical Substances; Request To Modify List of Taxable Substances; Notice of Filing for Butadiene-acrylonitrile-methyl Methacrylate-styrene Copolymer; w=124.79, x=424.05, y=129.62, z=72.41",TREAS,notices,https://www.federalregister.gov/documents/2026/09/09/2026-18264/superfund-tax-on-chemical-substances-request-to-modify-list-of-taxable-substances-notice-of-filing,2026-09-09,test,guidance,A8,A3,high,P2,Regulatory change; Ops,"The IRS published a notice of filing and request for comments on a petition to add Modified SAN Latex to the U.S. Superfund list of taxable substances. Comments and hearing requests are due by 2026-11-09. The notice itself does not change the tax list, but it signals a potential future excise tax impact for importers and exporters of the substance.",function_off_matrix; class_disagrees_with_registry,,,,,3-head-class-A3,A3
3009,sec:proposed_rules#3009,Political Contributions by Certain Investment Advisers,SEC,proposed_rules,https://www.federalregister.gov/documents/2026/09/10/2026-18424/political-contributions-by-certain-investment-advisers,2026-09-10,test,consultation,A3,A3,high,P2,Regulatory change; Compliance,The SEC proposes to rescind the Advisers Act political contribution rule for investment advisers and to make related books-and-records amendments. The proposal is open for comment until 2026-11-09. It would affect advisers to government clients and their compliance programs if adopted.,,,,,,3-head-class-A3,A3
4172,fdic:financial_institution_letters#4172,Financial Institution Letter: Proposed Interagency Third-Party Risk Management Guidance and Issuance of Joint Statement on Community Banks’ Engagement with Core Service Providers,FDIC,financial_institution_letters,https://content.govdelivery.com/accounts/USFDIC/bulletins/42944bd,2026-09-11,test,guidance,A5,A3,high,P2,Regulatory change; Compliance; Risk,"The FDIC, OCC, FRB and NCUA have issued proposed interagency third-party risk management guidance for public comment, intended to replace existing guidance and emphasize tailoring controls to the level of risk. They also issued a joint statement on community banks’ engagement with core service providers. The proposal applies to FDIC-supervised financial institutions; no binding deadline is stated in the excerpt.",function_off_matrix; class_disagrees_with_registry,,,,,3-head-class-A3,A3
5426,sec:notices#5426,"Self-Regulatory Organizations; NYSE Texas, Inc.; Notice of Filing and Immediate Effectiveness of Proposed Rule Change To Add a New Partial Cabinet Solution Bundle as Part of Its Co-Location Services",SEC,notices,https://www.federalregister.gov/documents/2026/09/14/2026-18657/self-regulatory-organizations-nyse-texas-inc-notice-of-filing-and-immediate-effectiveness-of,2026-09-14,test,guidance,A8,A3,high,P2,Product; Regulatory change,"NYSE Texas filed a proposed rule change to add a new 4 kW Partial Cabinet Solution co-location bundle, relabel the existing bundle options, and tidy a timing-protocol reference in its fee schedule. The change is not yet final; the exchange expects it to become operative by 2026-10-31 and the SEC is soliciting comments.",function_off_matrix; class_disagrees_with_registry,,,,,3-head-class-A3,A11
5429,sec:notices#5429,"Self-Regulatory Organizations; Cboe EDGX Exchange, Inc.; Notice of Filing and Immediate Effectiveness of a Proposed Rule Change To Amend Its Fee Schedule To Update the Definition of “Trading Platform”",SEC,notices,https://www.federalregister.gov/documents/2026/09/14/2026-18654/self-regulatory-organizations-cboe-edgx-exchange-inc-notice-of-filing-and-immediate-effectiveness-of,2026-09-14,test,guidance,A8,A3,high,P2,Product; Regulatory change,The SEC is seeking comments on a Cboe EDGX proposed rule change to update its fee schedule definition of “Trading Platform” so it also covers similar order-matching venues and decentralized or tokenized platforms. This affects entities using EDGX fee schedules and related trading venues. No compliance date is set in the notice.,class_disagrees_with_registry,,,,,3-head-class-A3,A11
3205,sec:notices#3205,"Self-Regulatory Organizations; Cboe EDGA Exchange, Inc.; Notice of Filing and Immediate Effectiveness of a Proposed Rule Change To Amend Exchange Rules 11.1, 11.6, 11.7, and 11.8 To Add a New Time-in-Force Designation Known as “Regular `til Post Market”",SEC,notices,https://www.federalregister.gov/documents/2026/09/15/2026-18813/self-regulatory-organizations-cboe-edga-exchange-inc-notice-of-filing-and-immediate-effectiveness-of,2026-09-15,test,guidance,A8,A3,high,P2,Product; Compliance; Regulatory change,"Cboe EDGA has filed a proposed rule change to add a new time-in-force order type, “Regular ’til Post Market,” for execution during regular trading hours and the post-closing session, and to make conforming rule updates. This is a proposal, not a final rule. Comments were being solicited when published; no compliance date is stated.",function_off_matrix; class_disagrees_with_registry,,,,,3-head-class-A3,A3
3160,sec:notices#3160,"Self-Regulatory Organizations; NYSE Arca, Inc.; Notice of Filing of a Proposed Rule Change To Permit the Listing of Binary KPI Options",SEC,notices,https://www.federalregister.gov/documents/2026/09/18/2026-19139/self-regulatory-organizations-nyse-arca-inc-notice-of-filing-of-a-proposed-rule-change-to-permit-the,2026-09-18,test,guidance,A8,A3,high,P2,Product; Legal; Compliance,"The SEC is soliciting comments on NYSE Arca’s proposed rule change to allow listing of binary KPI options tied to issuer-reported performance metrics. This is a proposed exchange rule change, so firms involved in options trading or product governance should review the proposal and comment if relevant; no compliance deadline applies yet.",function_off_matrix; class_disagrees_with_registry,,,,,3-head-class-A3,A3
3170,sec:notices#3170,"Self-Regulatory Organizations; New York Stock Exchange LLC; Notice of Filing and Immediate Effectiveness of Proposed Rule Change To Amend Rule 7.12 Concerning the Resumption of Trading Following a Level 3 Market-Wide Circuit Breaker Halt in Connection With the Industry's Expansion of Trading Hours to 23 Hours per Day, 5 Days per Week",SEC,notices,https://www.federalregister.gov/documents/2026/09/18/2026-19125/self-regulatory-organizations-new-york-stock-exchange-llc-notice-of-filing-and-immediate,2026-09-18,test,guidance,A8,A3,high,P2,Product; Regulatory change,"The SEC published NYSE’s proposed rule change to amend Rule 7.12 on reopening trading after a Level 3 market-wide circuit breaker halt, to align with expanded 23/5 trading hours. This is a solicitation of comments, not a final rule. No immediate operational change is stated for NYSE itself; the notice explains the rule change in the context of planned overnight trading from December 6, 2026.",function_off_matrix; class_disagrees_with_registry,,,,,3-head-class-A3,A3
3154,sec:notices#3154,Self-Regulatory Organizations; Investors Exchange LLC; Notice of Filing and Immediate Effectiveness of Proposed Rule Change To Address Internal Inconsistencies in Rule 22.260 in Advance of the Launch of IEX Options,SEC,notices,https://www.federalregister.gov/documents/2026/09/21/2026-19218/self-regulatory-organizations-investors-exchange-llc-notice-of-filing-and-immediate-effectiveness-of,2026-09-21,test,guidance,A8,A3,high,P2,Product; Regulatory change; Compliance,The SEC published notice of IEX’s proposed immediate-effective rule change to fix internal inconsistencies in Rule 22.260 before IEX Options launches on 2026-10-02. It would delete Rule 22.260(b) and expand the orders exempted from Rule 22.260(e). The notice invites comments; it does not itself impose a new requirement on market participants.,function_off_matrix; class_disagrees_with_registry,,,,,3-head-class-A3,A3
3149,sec:notices#3149,"Self-Regulatory Organizations; Nasdaq PHLX LLC; Notice of Filing and Immediate Effectiveness of Proposed Rule Change To Adopt Options 10, Section 27, Influencing or Rewarding Employees of Others",SEC,notices,https://www.federalregister.gov/documents/2026/09/22/2026-19298/self-regulatory-organizations-nasdaq-phlx-llc-notice-of-filing-and-immediate-effectiveness-of,2026-09-22,test,guidance,A8,A3,high,P2,Compliance; Financial crime; Legal,"Nasdaq PHLX filed a proposed rule change to add Options 10, Section 27 on influencing or rewarding employees of others, largely mirroring FINRA Rule 3220. It would cap gifts/gratuities at $300 per person per year, require written agreements and records for certain employment-related payments, and allow exemptive relief. This is a proposal, so firms may comment before any further action.",function_off_matrix; class_disagrees_with_registry,,,,,3-head-class-A3,A3
3150,sec:notices#3150,Self-Regulatory Organizations; New York Stock Exchange LLC; Notice of Filing and Immediate Effectiveness of Proposed Rule Change To Amend Rule 7.10 Clearly Erroneous Executions,SEC,notices,https://www.federalregister.gov/documents/2026/09/22/2026-19296/self-regulatory-organizations-new-york-stock-exchange-llc-notice-of-filing-and-immediate,2026-09-22,test,guidance,A8,A3,high,P2,Product; Regulatory change,"NYSE has filed a proposed rule change to extend its clearly erroneous execution protections under Rule 7.10 to periods when overnight price bands apply for 23/5 trading. It is a consultation notice, not a final rule. Interested persons may submit comments; no compliance date is set in the text.",function_off_matrix; class_disagrees_with_registry,,,,,3-head-class-A3,A3
3145,sec:notices#3145,"Self-Regulatory Organizations; Financial Industry Regulatory Authority, Inc.; Notice of Filing and Immediate Effectiveness of a Proposed Rule Change To Modify the Implementation Schedule of Amendments To Schedule A to the FINRA By-Laws Adopted in SR-FINRA-2024-019 as Modified in SR-FINRA-2025-007",SEC,notices,https://www.federalregister.gov/documents/2026/09/23/2026-19393/self-regulatory-organizations-financial-industry-regulatory-authority-inc-notice-of-filing-and,2026-09-23,test,guidance,A8,A3,high,P2,Compliance; Product,"FINRA filed a rule change, effective immediately upon filing, to modify the implementation schedule for previously adopted fee-related amendments to Schedule A of the FINRA By-Laws. The change affects the timing of certain Corporate Financing review fees for private placements and public offerings, which were postponed to January 1, 2027. FINRA also solicits comments on the proposal.",function_off_matrix; class_disagrees_with_registry,,,,,3-head-class-A3,A11
