tier,doc_id,doc_hash,document_id,split,regulator,document_type,release_date,title,proposed_class,proposed_class_means,v3_predicted,model_priority,model_summary,document_text,url,human_alert_class,human_priority,human_functions,human_notes
1-A5-all-splits,2563,47b600fb9855102a916153d00bfc256f2896350524a62d5b835c8b6396cbb3ca,cfpb:notices#2563,train,CFPB,notices,2023-05-31,Statement on Enforcement and Supervisory Practices Relating to the Small Business Lending Rule Under the Equal Credit Opportunity Act and Regulation B,A5,"Supervisory communication (letter to firms, portfolio or priorities letter, supervisory advisory)",,P2,"The CFPB says it will focus supervisory and enforcement attention on covered lenders’ compliance with the new Small Business Lending Rule’s ban on discouraging applicants from providing demographic data. It applies from 2023-08-29 and especially targets response rates, monitoring, remediation and training under Regulation B/ECOA section 1071.","CONSUMER FINANCIAL PROTECTION BUREAU
Statement on Enforcement and Supervisory Practices Relating to the Small Business Lending Rule Under the Equal Credit Opportunity Act and Regulation B
AGENCY:
Consumer Financial Protection Bureau.
ACTION:
Policy guidance.
SUMMARY:
The Consumer Financial Protection Bureau (CFPB) is publishing a statutorily mandated small business lending rule concurrently with this Policy Guidance. The rule amends Regulation B to implement changes to the Equal Credit Opportunity Act (ECOA) made by section 1071 of the Consumer Financial Protection Act of 2010 (CFPA). This policy guidance informs covered financial institutions that the CFPB intends to focus its supervisory and enforcement activities in connection with the new rule in particular on ensuring that covered lenders do not discourage small business loan applicants from providing responsive data, including responses to lenders' ECOA-mandated demographic data requests.
DATES:
This Policy Guidance is applicable August 29, 2023.
FOR FURTHER INFORMATION CONTACT:
Vincent Herman, Senior Counsel, Office of Enforce",https://www.federalregister.gov/documents/2023/05/31/2023-07231/statement-on-enforcement-and-supervisory-practices-relating-to-the-small-business-lending-rule-under,,,,
1-A5-all-splits,2511,78e82ba3c29635170836093f88b8272469c76194b437eceb564977d8d977c139,cfpb:notices#2511,train,CFPB,notices,2024-10-18,Supervisory Highlights: Special Edition Auto Finance,A5,"Supervisory communication (letter to firms, portfolio or priorities letter, supervisory advisory)",,P2,"The CFPB issued a Supervisory Highlights special edition on auto finance, summarizing examination findings from completed reviews through 2024-08-30. It flags UDAAP issues in advertising, disclosures, servicing, credit reporting and add-on products, but does not itself create new rules or deadlines. Auto-finance firms and service providers should review marketing, disclosure, servicing and refund practices.","CONSUMER FINANCIAL PROTECTION BUREAU
Supervisory Highlights: Special Edition Auto Finance
AGENCY:
Consumer Financial Protection Bureau.
ACTION:
Supervisory highlights.
SUMMARY:
The Consumer Financial Protection Bureau (CFPB or Bureau) is issuing its thirty fifth edition of
Supervisory Highlights.
DATES:
The findings in this edition of
Supervisory Highlights
cover select examinations related to auto-finance that were generally completed from November 1, 2023, to August 30, 2024.
FOR FURTHER INFORMATION CONTACT:
Jaclyn Sellers, Senior Counsel, at (202) 435-7449. If you require this document in an alternative electronic format, please contact
.
SUPPLEMENTARY INFORMATION:
1. Introduction
This edition of
Supervisory Highlights
focuses on the Consumer Financial Protection Bureau's (CFPB's) work to put the brakes on wrongdoing in the auto-finance market. The impact of this market on American families is significant. Auto loan debt exceeds all other household-debt categories except for home mortgages. As of the second quarter of 2024, Americans owe $1.616 trillion",https://www.federalregister.gov/documents/2024/10/18/2024-24093/supervisory-highlights-special-edition-auto-finance,,,,
1-A5-all-splits,3451,6f9588bec10076cd81b3193b011357c7bfd8cd472b396613db7c24d57ad853f6,cftc:notices#3451,train,CFTC,notices,2024-07-19,Sunshine Act Meetings,A5,"Supervisory communication (letter to firms, portfolio or priorities letter, supervisory advisory)",,P3,The CFTC announced a closed Sunshine Act meeting on 26 July 2024 to consider enforcement matters. This is a notice only; it does not itself create new requirements for firms.,"COMMODITY FUTURES TRADING COMMISSION
Sunshine Act Meetings
TIME AND DATE:
9:00 a.m. EDT, Friday, July 26, 2024.
PLACE:
Virtual meeting.
STATUS:
Closed.
MATTERS TO BE CONSIDERED:
Enforcement matters. In the event that the time, date, or location of this meeting changes, an announcement of the change, along with the new time, date, and/or place of the meeting will be posted on the Commission's website at

CONTACT PERSON FOR MORE INFORMATION:
Christopher Kirkpatrick, 202-418-5964.
Authority:
5 U.S.C. 552b.
Dated: July 17, 2024.
Robert Sidman,
Deputy Secretary of the Commission.
[FR Doc. 2024-16071 Filed 7-17-24; 4:15 pm]
BILLING CODE 6351-01-P",https://www.federalregister.gov/documents/2024/07/19/2024-16071/sunshine-act-meetings,,,,
1-A5-all-splits,7328,689cceca0707238b14f73b1a239fa246f37709bbdf0f8011d883cc4b09a9dc50,cma:publications#7328,train,CMA,publications,2024-07-25,CMA letter to HSBC about breaching Part 7 of the Retail Banking Order,A5,"Supervisory communication (letter to firms, portfolio or priorities letter, supervisory advisory)",,P2,"The CMA wrote to HSBC about a breach of Part 7 of the Retail Banking Market Investigation Order 2017, after some devices displayed the wrong Monthly Maximum Charge for unarranged overdrafts. HSBC has corrected the issue, improved testing and shared lessons internally; the CMA is monitoring future compliance and may take action if further failures occur.","Queen Elizabeth House, 1 Sibbald Walk, Edinburgh, EH8 8FT
• • Twitter @CMAgovUK
HSBC UK Bank plc

From: Colin Garland
Director, Markets

25 July 2024

HSBC’s breach of the Retail Banking Market Investigation Order 2017 in
relation to the Monthly Maximum Charge
I am writing to you on behalf of the Competition and Markets Authority (CMA)
concerning a breach by HSBC UK Bank plc (HSBC) of Part 7 of the Retail Banking
Market Investigation Order 2017 (the Order).
Part 7 of the Order requires all providers of personal current accounts (PCAs) in the
UK to set a Monthly Maximum Charge (MMC) in relation to unarranged overdraft
charges. Providers cannot charge customers more than the MMC in relation to
unarranged overdrafts in any given month. Providers must say what their MMC is
each time they mention unarranged overdraft charges.
The breach
HSBC breached Part 7 of the Order by publishing an incorrect value for its MMC on
some of its multi-function devices (Devices), which can be used by consumers to
withdraw cash and which were introduced to replace",https://www.gov.uk/government/publications/cma-letter-to-hsbc-about-breaching-part-7-of-the-retail-banking-order,,,,
1-A5-all-splits,7286,8ebe2947dcbf68d2230b9918e37a91bf9bcc9088fb108f315959c5f449f62ceb,cma:publications#7286,train,CMA,publications,2024-09-03,CMA letter to Starling Bank about breaching Part 3 of the Retail Banking Order,A5,"Supervisory communication (letter to firms, portfolio or priorities letter, supervisory advisory)",,P2,The CMA wrote to Starling Bank about a breach of Part 3 of the Retail Banking Market Investigation Order 2017. Starling must include all relevant SME customers in its service quality surveys and report any non-compliance within 14 days. The CMA is not taking further formal action now but will monitor follow-up and future compliance.,"Queen Elizabeth House, 1 Sibbald Walk, Edinburgh, EH8 8FT
• • Twitter @CMAgovUK

Starling Bank

From: Colin Garland
Director, Markets

3 September 2024

Starling Bank’s breach of the Retail Banking Market Investigation Order 2017
in relation to the Service Quality Indicator remedy

I am writing to you on behalf of the Competition and Markets Authority (CMA)
concerning a breach by Starling Bank of Part 3 of the Retail Banking Market
Investigation Order 2017 (the Order).

Part 3 of the Order requires Business Current Account (BCA) providers with 20,000
or more SME customers in Great Britain to take part in a survey which assesses how
likely those customers are to recommend that provider. The results – showing each
bank’s score and its ranking compared with other BCA providers – are then
published on providers’ websites, on their banking apps, and in branches (as
appropriate). This is part of the Order’s Service Quality Indicator remedy.
Participating providers must supply the market research company which carries out
the independent survey wi",https://www.gov.uk/government/publications/cma-letter-to-starling-bank-about-breaching-part-3-of-the-retail-banking-order,,,,
1-A5-all-splits,7003,9c0a8d88c092dc9bc32558fc6e6539bcf6cff2ac96c4d5372b7915390720c80c,cma:publications#7003,train,CMA,publications,2025-06-04,"CMA letter to NatWest about breaching Parts 7, 8 and 9 of the Retail Banking Order",A5,"Supervisory communication (letter to firms, portfolio or priorities letter, supervisory advisory)",,P2,"The CMA wrote to NatWest about breaches of the Retail Banking Market Investigation Order 2017, covering monthly maximum charges, SME lending disclosures and the price/eligibility tool. NatWest self-reported and has begun remediation; the CMA is monitoring future compliance and may take formal action if failures recur. This is addressed to NatWest, with the public version copied to the FCA.","Queen Elizabeth House, 1 Sibbald Walk, Edinburgh, EH8 8FT
• • Twitter @CMAgovUK
NatWest Group plc

From: Colin Garland
Director, Markets

4 June 2025

NatWest’s breaches of the Retail Banking Market Investigation Order 2017 in
relation to the Monthly Maximum Charge, SME Lending and the Price and
Eligibility tool

I am writing to you on behalf of the Competition and Markets Authority (CMA)
concerning breaches by NatWest Group plc (NatWest) of Parts 7, 8 and 9 of the
Retail Banking Market Investigation Order 2017.

Part 7 of the Order requires all providers of personal current accounts (PCAs) in the
UK to set a Monthly Maximum Charge (MMC) in relation to unarranged overdraft
charges. Providers cannot charge customers more than the MMC in any given
month. Providers must say what their MMC is each time they mention unarranged
overdraft charges in product literature.

Part 8 of the Order requires providers of loans and overdrafts to SMEs to disclose
the representative cost in EAR terms of their overdrafts and in APR terms for their
loans. Becaus",https://www.gov.uk/government/publications/cma-letter-to-natwest-about-breaching-parts-7-8-and-9-of-the-retail-banking-order,,,,
1-A5-all-splits,6755,26d25873a711315b2dc11ca2def3f7be87bf1d7d4284176851db65755f3b85bc,cma:publications#6755,train,CMA,publications,2026-03-31,Business software and cloud services,A5,"Supervisory communication (letter to firms, portfolio or priorities letter, supervisory advisory)",,P2,"The CMA Board set out its next steps under the UK Digital Markets Competition Regime: it will keep engaging with Microsoft and Amazon on cloud issues and launch an SMS investigation into Microsoft’s business software ecosystem in May 2026. The paper explains the CMA’s prioritisation approach and the competition concerns it expects to address, but it does not itself impose rules on firms.","ACTIONS ON CLOUD AND
BUSINESS SOFTWARE
THROUGH THE UK DIGITAL
MARKETS COMPETITION
REGIME
31 March 2026

Summary
1. The CMA Board met on 25 March 2026 to determine the next programme of work under
the Digital Markets Competition Regime (DMCR).1 It decided to take a range of actions
to address, in aggregate, issues across cloud and business software, so that UK
businesses and public sector organisations can best select the digital infrastructure and
tools that meet their needs.
2. The CMA’s approach under the DMCR is to deliver the greatest possible impact for the
UK as quickly and proportionately as possible, using the flexibility of the framework to
select the most effective approach for each issue. This is evident in the careful tailoring
of the first three Strategic Market Status (SMS) designations, where the CMA has
consulted on the first set of conduct requirements in search, and on proposed
commitments from Apple and Google in mobile. Further measures will follow on both.
3. The CMA can achieve impact through a mix of approaches. Some are legally binding,
like SMS designations,",https://www.gov.uk/government/publications/business-software-and-cloud-services,,,,
1-A5-all-splits,6750,04fd519aff0c8775502aaa432ce856bf326249e752d827d1cb1bbcf64b5c7745,cma:publications#6750,train,CMA,publications,2026-04-02,Registering with and reporting your fuel prices to Fuel Finder,A5,"Supervisory communication (letter to firms, portfolio or priorities letter, supervisory advisory)",,P1,"The CMA tells motor fuel traders to register with Fuel Finder, report price changes within 30 minutes, and keep forecourt and organisation details updated. The legal obligations under the 2025 Regulations already apply, and the CMA says it will start prioritising enforcement from 1 May 2026. Applies to anyone selling petrol or diesel to the public in the UK.","The Cabot, 25 Cabot Square, London, E14 4QZ • Telephone 020 3738 6000 • Fax 020 3738 6067
• • Twitter @CMAgovUK

From: Juliette Enser,
Executive Director, Competition
Enforcement and Markets

2 April 2026

Open letter to Motor Fuel Traders
Registering with and reporting your fuel prices to Fuel Finder
On 3 July 2023, the CMA published its final report on its market study into the supply
of road fuel in the United Kingdom. The CMA found that competition at the pump
was not working as well as it should be. In response, the CMA recommended that
the UK government establish a new monitoring body to scrutinise prices and margins
on an ongoing basis1 and an Open Data scheme for fuel prices (Fuel Finder).
Fuel is an essential purchase for households and businesses, and even small
differences in pump prices can add up quickly. When competition works well, it puts
downward pressure on prices and helps people get the best deal, particularly when
budgets are under strain. A key barrier is that drivers often cannot easily compare
up‑to‑date prices acros",https://www.gov.uk/government/publications/registering-with-and-reporting-your-fuel-prices-to-fuel-finder,,,,
1-A5-all-splits,4194,286d80621339a392278f788d84e74b3009d0d74bd1345a8a9ee35721be18e96b,fdic:financial_institution_letters#4194,val,FDIC,financial_institution_letters,2026-07-10,Financial Institution Letter: Supervisory Relief to Help Financial Institutions and Facilitate Recovery for the Fort Peck Assiniboine and Sioux Tribes and the Crow Tribe of Montana Affected by Severe Storm and Straight-Line Winds,A5,"Supervisory communication (letter to firms, portfolio or priorities letter, supervisory advisory)",,P3,The FDIC issued a financial institution letter giving supervisory relief and recovery-related guidance for FDIC-supervised institutions affected by severe storm and straight-line winds in the Fort Peck and Crow tribal areas of Montana. It applies to all FDIC-supervised financial institutions and points firms to the FDIC disaster page. No specific compliance deadline is stated.,"Financial Institution Letter: Supervisory Relief to Help Financial Institutions and Facilitate Recovery for the Fort Peck Assiniboine and Sioux Tribes and the Crow Tribe of Montana Affected by Severe Storm and Straight-Line Winds

FDIC Subscriptions sent this bulletin at 07/10/2026 11:03 AM EDT

FINANCIAL INSTITUTION LETTER | JULY 10, 2026

Supervisory Relief to Help Financial Institutions and Facilitate Recovery for the Fort Peck Assiniboine and Sioux Tribes and the Crow Tribe of Montana Affected by Severe Storm and Straight-Line Winds

Summary:

The FDIC has announced a series of steps intended to provide regulatory relief to institutions and facilitate recovery in areas of the Fort Peck and Crow Indian Reservations affected by severe winter storm and straight-line winds.

Please review the
FDIC’s Disaster Page
to review information about what to do if your bank is affected.

Statement of Applicability:

The contents of, and material referenced in, this FIL apply to all FDIC-supervised financial institutions.

Distribution:

FDIC-Supervised Financial Institutions.

Read the FIL

Th",https://content.govdelivery.com/accounts/USFDIC/bulletins/41fcfd3,,,,
1-A5-all-splits,4190,61bc51db298de8f971280d6c04c7744c1958fbcd10c1d88a6b2b512c7ccbe984,fdic:financial_institution_letters#4190,val,FDIC,financial_institution_letters,2026-07-17,Financial Institution Letter: Supervisory Relief to Help Financial Institutions and Facilitate Recovery for the San Carlos Apache Tribe of Arizona Affected by Severe Storms and Flooding,A5,"Supervisory communication (letter to firms, portfolio or priorities letter, supervisory advisory)",,P3,"The FDIC issued a Financial Institution Letter offering supervisory relief and recovery support for FDIC-supervised institutions affected by severe storms and flooding in the San Carlos Apache Tribe of Arizona area. It applies to all FDIC-supervised financial institutions, with particular distribution to Arizona institutions. No filing deadline or new rule is stated.","Financial Institution Letter: Supervisory Relief to Help Financial Institutions and Facilitate Recovery for the San Carlos Apache Tribe of Arizona Affected by Severe Storms and Flooding

FDIC Subscriptions sent this bulletin at 07/17/2026 02:32 PM EDT

FINANCIAL INSTITUTION LETTER | JULY 17, 2026

Supervisory Relief to Help Financial Institutions and Facilitate Recovery for the San Carlos Apache Tribe of Arizona Affected by Severe Storms and Flooding

Summary:

The FDIC has announced a series of steps intended to provide regulatory relief to institutions and facilitate recovery in areas of the San Carlos Apache Indian Reservation affected by severe storms and flooding.

Please review the
FDIC’s Disaster Page
to review information about what to do if your bank is affected.

Statement of Applicability:

The contents of, and material referenced in, this FIL apply to all FDIC-supervised financial institutions.

Distribution:

FDIC-Supervised Financial Institutions in Arizona.

Read the FIL

The FDIC does not send unsolicited email. If this publication has reached you in error, or if you",https://content.govdelivery.com/accounts/USFDIC/bulletins/420f27c,,,,
1-A5-all-splits,4188,acfeaba4433f1e8886a026bce77e9d129ee58e95bf3a02cb03382af7090d1477,fdic:financial_institution_letters#4188,val,FDIC,financial_institution_letters,2026-07-22,"Financial Institution Letter: Supervisory Relief to Help Financial Institutions and Facilitate Recovery in Areas of Mississippi  Affected by Severe Storms, Straight-Line Winds, Tornadoes, and Flooding",A5,"Supervisory communication (letter to firms, portfolio or priorities letter, supervisory advisory)",,P2,"The FDIC issued a Financial Institution Letter giving supervisory relief and recovery-related guidance for FDIC-supervised institutions affected by severe storms, straight-line winds, tornadoes, and flooding in Mississippi. It applies to all FDIC-supervised financial institutions and is aimed at affected institutions in Mississippi. No specific compliance deadline is stated in the text provided.","Financial Institution Letter: Supervisory Relief to Help Financial Institutions and Facilitate Recovery in Areas of Mississippi Affected by Severe Storms, Straight-Line Winds, Tornadoes, and Flooding

FDIC Subscriptions sent this bulletin at 07/22/2026 04:26 PM EDT

FINANCIAL INSTITUTION LETTER | JULY 22, 2026

Supervisory Relief to Help Financial Institutions and Facilitate Recovery in Areas of Mississippi Affected by Severe Storms, Straight-Line Winds, Tornadoes, and Flooding

Summary:

The FDIC has announced a series of steps intended to provide regulatory relief to institutions and facilitate recovery in areas of Mississippi affected by severe storms, straight-line winds, tornadoes, and flooding.

Please review the
FDIC’s Disaster Page
to review information about what to do if your bank is affected.

Statement of Applicability:

The contents of, and material referenced in, this FIL apply to all FDIC-supervised financial institutions.

Distribution:

FDIC-Supervised Financial Institutions in Mississippi.

Read the FIL

The FDIC does not send unsolicited email. If this publication",https://content.govdelivery.com/accounts/USFDIC/bulletins/421a898,,,,
1-A5-all-splits,4189,665753a876cdd26d0f7870cb8d0f435621292a6955f567e49b1a742e9f9bd91a,fdic:financial_institution_letters#4189,val,FDIC,financial_institution_letters,2026-07-22,Financial Institution Letter: Supervisory Relief to Help Financial Institutions and Facilitate Recovery in Areas of Louisiana Affected by Tropical Storm Arthur,A5,"Supervisory communication (letter to firms, portfolio or priorities letter, supervisory advisory)",,P2,The FDIC issued a Financial Institution Letter offering supervisory relief to help FDIC-supervised institutions recover from Tropical Storm Arthur in affected areas of Louisiana. It applies to all FDIC-supervised financial institutions and points readers to the FDIC disaster page for further instructions. No new filing deadline or binding rule is stated in the text.,"Financial Institution Letter: Supervisory Relief to Help Financial Institutions and Facilitate Recovery in Areas of Louisiana Affected by Tropical Storm Arthur

FDIC Subscriptions sent this bulletin at 07/22/2026 04:19 PM EDT

FINANCIAL INSTITUTION LETTER | JULY 22, 2026

Supervisory Relief to Help Financial Institutions and Facilitate Recovery in Areas of Louisiana Affected by Tropical Storm Arthur

Summary:

The FDIC has announced a series of steps intended to provide regulatory relief to institutions and facilitate recovery in areas of Louisiana affected by Tropical Storm Arthur.

Please review the
FDIC’s Disaster Page
to review information about what to do if your bank is affected.

Statement of Applicability:

The contents of, and material referenced in, this FIL apply to all FDIC-supervised financial institutions.

Distribution:

FDIC-Supervised Financial Institutions in Louisiana.

Read the FIL

The FDIC does not send unsolicited email. If this publication has reached you in error, or if you no longer wish to receive this service, please
unsubscribe
.

CONNECT WITH US

Questio",https://content.govdelivery.com/accounts/USFDIC/bulletins/421a878,,,,
1-A5-all-splits,4187,bfdd77eddf48d735858d2f5e27fc860085e55d1e787f672d1e1636caaa3a8e67,fdic:financial_institution_letters#4187,val,FDIC,financial_institution_letters,2026-07-27,"Financial Institution Letter: Supervisory Relief to Help Financial Institutions and Facilitate Recovery in Areas of Wisconsin Affected by Severe Storms, Tornadoes, and Flooding",A5,"Supervisory communication (letter to firms, portfolio or priorities letter, supervisory advisory)",,P2,"The FDIC issued a Financial Institution Letter giving supervisory relief to FDIC-supervised financial institutions affected by severe storms, tornadoes and flooding in Wisconsin. It is aimed at helping recovery in the impacted area and applies immediately to affected institutions; no specific compliance deadline is stated in the text provided.","Financial Institution Letter: Supervisory Relief to Help Financial Institutions and Facilitate Recovery in Areas of Wisconsin Affected by Severe Storms, Tornadoes, and Flooding

FDIC Subscriptions sent this bulletin at 07/27/2026 01:20 PM EDT

FINANCIAL INSTITUTION LETTER | JULY 27, 2026

Supervisory Relief to Help Financial Institutions and Facilitate Recovery in Areas of Wisconsin Affected by Severe Storms, Tornadoes, and Flooding

Summary:

The FDIC has announced a series of steps intended to provide regulatory relief to institutions and facilitate recovery in areas of Wisconsin affected by severe storms, tornadoes, and flooding.

Please review the
FDIC’s Disaster Page
to review information about what to do if your bank is affected.

Statement of Applicability:

The contents of, and material referenced in, this FIL apply to all FDIC-supervised financial institutions.

Distribution:

FDIC-Supervised Financial Institutions in Wisconsin.

Read the FIL

The FDIC does not send unsolicited email. If this publication has reached you in error, or if you no longer wish to receive this serv",https://content.govdelivery.com/accounts/USFDIC/bulletins/4224ff9,,,,
1-A5-all-splits,4186,531c80bef6de0ec177a3a04e7d6aded7a7401a1ea2ef5ccca8d77c5371a84235,fdic:financial_institution_letters#4186,val,FDIC,financial_institution_letters,2026-07-30,Financial Institution Letter: Community Bank Leverage Ratio Framework: Community Bank Compliance Guide Update,A5,"Supervisory communication (letter to firms, portfolio or priorities letter, supervisory advisory)",,P2,"The FDIC, OCC and Federal Reserve issued an updated Community Bank Leverage Ratio compliance guide to reflect changes made by the April 2026 CBLR final rule. It applies to qualifying FDIC-supervised institutions with less than $10 billion in assets that are not advanced approaches banks and elect the CBLR framework. No new deadline is stated in the bulletin.","Financial Institution Letter: Community Bank Leverage Ratio Framework: Community Bank Compliance Guide Update

FDIC Subscriptions sent this bulletin at 07/30/2026 12:01 PM EDT

FINANCIAL INSTITUTION LETTER | JULY 30, 2026

Community Bank Leverage Ratio Framework: Community Bank Compliance Guide Update

Summary:

The Office of the Comptroller of the Currency, the Federal Reserve Board, and Federal Deposit Insurance Corporation (together, the agencies) are issuing an updated community bank leverage ratio (CBLR) framework compliance guide, consistent with the changes made to the framework in the CBLR final rule published in April 2026.

Statement of Applicability:

The contents of, and materials referenced in, this FIL apply to qualifying FDIC-supervised financial institutions with less than $10 billion in total consolidated assets that are not advanced approaches banks and elect the CBLR framework.

Distribution:

FDIC-supervised financial institutions with less than $10 billion in total consolidated assets that are not advanced approaches banks and elect the CBLR framework.

Read the",https://content.govdelivery.com/accounts/USFDIC/bulletins/422d11d,,,,
1-A5-all-splits,4183,0bc7136a51bf3ce6763dc211af2063187843759a2010b99c2576b521b4b44105,fdic:financial_institution_letters#4183,test,FDIC,financial_institution_letters,2026-08-04,"Financial Institution Letter: Supervisory Relief to Help Financial Institutions and Facilitate Recovery in Areas of Michigan Affected by Severe Storms, Tornadoes, and Flooding",A5,"Supervisory communication (letter to firms, portfolio or priorities letter, supervisory advisory)",A4,P3,"The FDIC issued supervisory relief for FDIC-supervised financial institutions in Michigan affected by severe storms, tornadoes and flooding. It is guidance on how affected banks should handle the disruption and recovery process; the publication itself does not create new binding requirements. Applies immediately to FDIC-supervised institutions in the affected areas.","Financial Institution Letter: Supervisory Relief to Help Financial Institutions and Facilitate Recovery in Areas of Michigan Affected by Severe Storms, Tornadoes, and Flooding

FDIC Subscriptions sent this bulletin at 08/04/2026 03:30 PM EDT

FINANCIAL INSTITUTION LETTER | AUGUST 4, 2026

Supervisory Relief to Help Financial Institutions and Facilitate Recovery in Areas of Michigan Affected by Severe Storms, Tornadoes, and Flooding

Summary:

The FDIC has announced a series of steps intended to provide regulatory relief to institutions and facilitate recovery in areas of Michigan affected by severe storms, tornadoes, and flooding.

Please review the
FDIC’s Disaster Page
for more information about what to do if your bank is affected.

Statement of Applicability:

The contents of, and material referenced in, this FIL apply to all FDIC-supervised financial institutions.

Distribution:

FDIC-Supervised Financial Institutions in Michigan.

Read the FIL

The FDIC does not send unsolicited email. If this publication has reached you in error, or if you no longer wish to receive this service,",https://content.govdelivery.com/accounts/USFDIC/bulletins/4239b4d,,,,
1-A5-all-splits,4184,6fb460cd7df3b2b8a7900edba813f2dc721ea4aa0b858b0aaf6f938d8d7b2b44,fdic:financial_institution_letters#4184,test,FDIC,financial_institution_letters,2026-08-04,Financial Institution Letter: FDIC Office of Supervisory Appeals Is Operational,A5,"Supervisory communication (letter to firms, portfolio or priorities letter, supervisory advisory)",A4,P1,The FDIC says its new Office of Supervisory Appeals is now operational and the revised Guidelines for Appeals of Material Supervisory Determinations take effect on 2026-08-04. It applies to all FDIC-supervised financial institutions and changes the final review process for material supervisory determinations.,"Financial Institution Letter: FDIC Office of Supervisory Appeals Is Operational

FDIC Subscriptions sent this bulletin at 08/04/2026 12:53 PM EDT

FINANCIAL INSTITUTION LETTER | AUGUST 4, 2026

FDIC Office of Supervisory Appeals Is Operational

Summary:

On January 22, 2026, the FDIC Board approved revised Guidelines for Appeals of Material Supervisory Determinations (Guidelines), which established an independent, standalone
Office of Supervisory Appeals (Office)
to serve as the final level of review of material supervisory determinations made by the FDIC. The Office, which replaces the Supervision Appeals Review Committee, is now fully operational, and the revised Guidelines take effect today.

Statement of Applicability:

The contents of, and materials referenced in, this FIL apply to all FDIC-supervised financial institutions.

Distribution:

FDIC-supervised financial institutions.

Read the FIL

The FDIC does not send unsolicited email. If this publication has reached you in error, or if you no longer wish to receive this service, please
unsubscribe
.

CONNECT WITH US

Questions",https://content.govdelivery.com/accounts/USFDIC/bulletins/423944a,,,,
1-A5-all-splits,4182,182aeca2c125d1487918029801511a79d88baf645229373bedf90affaa115a99,fdic:financial_institution_letters#4182,test,FDIC,financial_institution_letters,2026-08-10,Financial Institution Letter: Revised Procedures for Processing Federal Deposit Insurance Applications,A5,"Supervisory communication (letter to firms, portfolio or priorities letter, supervisory advisory)",A4,P2,"The FDIC issued a Financial Institution Letter revising procedures for processing federal deposit insurance applications for proposed insured depository institutions. It introduces a two-phase process with a contingent authorization within 120 days and a final approval within the following 12 months, with coordination with the chartering authority and pre-opening conditions confirmed before opening.","Financial Institution Letter: Revised Procedures for Processing Federal Deposit Insurance Applications

FDIC Subscriptions sent this bulletin at 08/10/2026 02:15 PM EDT

FINANCIAL INSTITUTION LETTER | AUGUST 10, 2026

Revised Procedures for Processing Federal Deposit Insurance Applications

Summary:

The Federal Deposit Insurance Corporation (FDIC) recognizes the importance of processing federal deposit insurance (FDI) applications on a timely basis to help promote the vitality of the banking industry and meet the credit, deposit, and other financial services needs of communities across the United States. Accordingly, the FDIC is reforming its procedures for processing FDI applications by adopting a two-phase approach, whereby the FDIC will provide applicants that satisfy the relevant requirements: (1) a contingent authorization within 120 days of receiving an FDI application; and (2) an approval within the subsequent 12 months, following the receipt of additional application information and completion of the organizational phase. When the applicant provides notification that the ins",https://content.govdelivery.com/accounts/USFDIC/bulletins/423cabd,,,,
1-A5-all-splits,4180,54f882dc8e7f4c4c44ba6160796f321d17ed315ce11e1499288ef54bff2dd113,fdic:financial_institution_letters#4180,test,FDIC,financial_institution_letters,2026-08-17,Financial Institution Letter: Supervisory Relief to Help Financial Institutions and Facilitate Recovery in Areas of West Virginia Affected by Severe Storms,A5,"Supervisory communication (letter to firms, portfolio or priorities letter, supervisory advisory)",A4,P3,"The FDIC issued a Financial Institution Letter offering supervisory relief to help FDIC-supervised financial institutions recover from severe storms in West Virginia. It applies to all FDIC-supervised institutions, with particular relevance to those operating in the affected area. No specific compliance deadline or new rule is stated.","Financial Institution Letter: Supervisory Relief to Help Financial Institutions and Facilitate Recovery in Areas of West Virginia Affected by Severe Storms

FDIC Subscriptions sent this bulletin at 08/17/2026 04:09 PM EDT

FINANCIAL INSTITUTION LETTER | AUGUST 17, 2026

Supervisory Relief to Help Financial Institutions and Facilitate Recovery in Areas of West Virginia Affected by Severe Storms

Summary:

The FDIC has announced a series of steps intended to provide regulatory relief to institutions and facilitate recovery in areas of West Virginia affected by severe storms.

Please review the
FDIC’s Disaster Page
to review information about what to do if your bank is affected.

Statement of Applicability:

The contents of, and material referenced in, this FIL apply to all FDIC-supervised financial institutions.

Distribution:

FDIC-Supervised Financial Institutions in West Virginia.

Read the FIL

The FDIC does not send unsolicited email. If this publication has reached you in error, or if you no longer wish to receive this service, please
unsubscribe
.

CONNECT WITH US

Questions for",https://content.govdelivery.com/accounts/USFDIC/bulletins/4255f02,,,,
1-A5-all-splits,4181,8fcfdf22d4258f0e8e2f99e4637a9bf0710bf93ce0811540486e7729446f7ac2,fdic:financial_institution_letters#4181,test,FDIC,financial_institution_letters,2026-08-17,Financial Institution Letter: Supervisory Relief to Help Financial Institutions and Facilitate Recovery in Areas of Mississippi Affected by Tropical Storm Arthur,A5,"Supervisory communication (letter to firms, portfolio or priorities letter, supervisory advisory)",A4,P2,The FDIC issued a Financial Institution Letter offering supervisory relief and recovery support for FDIC-supervised financial institutions in Mississippi affected by Tropical Storm Arthur. It is applicable immediately to all FDIC-supervised institutions in the affected area; no new filing date or hard compliance deadline is stated.,"Financial Institution Letter: Supervisory Relief to Help Financial Institutions and Facilitate Recovery in Areas of Mississippi Affected by Tropical Storm Arthur

FDIC Subscriptions sent this bulletin at 08/17/2026 03:47 PM EDT

FINANCIAL INSTITUTION LETTER | AUGUST 17, 2026

Supervisory Relief to Help Financial Institutions and Facilitate Recovery in Areas of Mississippi Affected by Tropical Storm Arthur

Summary:

The FDIC has announced a series of steps intended to provide regulatory relief to institutions and facilitate recovery in areas of Mississippi affected by Tropical Storm Arthur.

Please review the
FDIC’s Disaster Page
to review information about what to do if your bank is affected.

Statement of Applicability:

The contents of, and material referenced in, this FIL apply to all FDIC-supervised financial institutions.

Distribution:

FDIC-Supervised Financial Institutions in Mississippi.

Read the FIL

The FDIC does not send unsolicited email. If this publication has reached you in error, or if you no longer wish to receive this service, please
unsubscribe
.

CONNECT WITH U",https://content.govdelivery.com/accounts/USFDIC/bulletins/4255eb9,,,,
1-A5-all-splits,4178,f7ef2578e18cb6606cf505346cd60d1e8f84d255131ca1bb33ff673e533c4e87,fdic:financial_institution_letters#4178,test,FDIC,financial_institution_letters,2026-08-25,Financial Institution Letter: Rescission of Interagency Statement on Special Purpose Credit Programs Under the Equal Credit Opportunity Act and Regulation B,A5,"Supervisory communication (letter to firms, portfolio or priorities letter, supervisory advisory)",A4,P2,FDIC issued a Financial Institution Letter telling FDIC-supervised institutions that the interagency statement on special purpose credit programs under ECOA/Regulation B has been rescinded. The change is effective via the agencies’ Federal Register notice dated 2026-08-25 and means firms should not rely on the rescinded statement when designing or operating such programs.,"Financial Institution Letter: Rescission of Interagency Statement on Special Purpose Credit Programs Under the Equal Credit Opportunity Act and Regulation B

FDIC Subscriptions sent this bulletin at 08/25/2026 01:41 PM EDT

FINANCIAL INSTITUTION LETTER | AUGUST 25, 2026

Rescission of Interagency Statement on Special Purpose Credit Programs Under the Equal Credit Opportunity Act and Regulation B

Summary:

On August 25, 2026, the Federal Deposit Insurance Corporation, the National Credit Union Administration, the Office of the Comptroller of the Currency, the Consumer Financial Protection Bureau, the Department of Housing and Urban Development, the Department of Justice, and the Federal Housing Finance Agency (collectively, the agencies) issued a Federal Register notice to rescind the 2022 Interagency Statement on Special Purpose Credit Programs Under the Equal Credit Opportunity Act and Regulation B (Interagency Statement). Rescission of the Interagency Statement is necessary to ensure that creditors do not rely on it to engage in discriminatory activities that are inconsistent with",https://content.govdelivery.com/accounts/USFDIC/bulletins/426ae7c,,,,
1-A5-all-splits,4176,ecab3ef74c6804e912ed4ad4404d717b1b1f57c46f647c8abacb9eec5c6ef932,fdic:financial_institution_letters#4176,test,FDIC,financial_institution_letters,2026-08-28,Financial Institution Letter: Supervisory Relief to Help Financial Institutions and Facilitate Recovery in Areas of the  Northern Mariana Islands Affected by Super Typhoon Bavi,A5,"Supervisory communication (letter to firms, portfolio or priorities letter, supervisory advisory)",A4,P2,"The FDIC issued a Financial Institution Letter offering supervisory relief to help FDIC-supervised institutions recover in areas of the Northern Mariana Islands affected by Super Typhoon Bavi. It applies to all FDIC-supervised financial institutions, with operational response expected immediately and no specific compliance deadline stated.","Financial Institution Letter: Supervisory Relief to Help Financial Institutions and Facilitate Recovery in Areas of the Northern Mariana Islands Affected by Super Typhoon Bavi

FDIC Subscriptions sent this bulletin at 08/28/2026 02:00 PM EDT

FINANCIAL INSTITUTION LETTER | AUGUST 28, 2026

Supervisory Relief to Help Financial Institutions and Facilitate Recovery in Areas of the Northern Mariana Islands Affected by Super Typhoon Bavi

Summary:

The FDIC has announced a series of steps intended to provide regulatory relief to institutions and facilitate recovery in areas of the Northern Mariana Islands affected by Super Typhoon Bavi.

Please review the
FDIC’s Disaster Page
to review information about what to do if your bank is affected.

Statement of Applicability:

The contents of, and material referenced in, this FIL apply to all FDIC-supervised financial institutions.

Distribution:

FDIC-Supervised Financial Institutions in Northern Mariana Islands.

Read the FIL

The FDIC does not send unsolicited email. If this publication has reached you in error, or if you no longer wish to rec",https://content.govdelivery.com/accounts/USFDIC/bulletins/42740aa,,,,
1-A5-all-splits,4175,2b5793a3cdbcdcaa5a752ace2d42c37cf8001dc8ce0fb37eeedaee8fa2764b47,fdic:financial_institution_letters#4175,test,FDIC,financial_institution_letters,2026-09-02,Financial Institution Letter: Joint Statement on Suspicious Activity Report Confidentiality Considerations Regarding Communications with Customers,A5,"Supervisory communication (letter to firms, portfolio or priorities letter, supervisory advisory)",A4,P2,"The FDIC and other US agencies issued a joint statement reminding FDIC-insured institutions about SAR confidentiality when communicating with customers about suspicious or potentially fraudulent activity, including payment fraud and account closures. It is immediate guidance for all FDIC-insured financial institutions; no specific compliance date is given.","Financial Institution Letter: Joint Statement on Suspicious Activity Report Confidentiality Considerations Regarding Communications with Customers

FDIC Subscriptions sent this bulletin at 09/02/2026 11:01 AM EDT

FINANCIAL INSTITUTION LETTER | SEPTEMBER 2, 2026

Joint Statement on Suspicious Activity Report Confidentiality Considerations Regarding Communications with Customers

Summary:

The Board of Governors of the Federal Reserve System, the Federal Deposit Insurance Corporation, the National Credit Union Administration, and the Office of the Comptroller of the Currency (collectively, the Agencies), and the Financial Crimes Enforcement Network are issuing this statement to clarify confidentiality requirements related to Suspicious Activity Reports (SARs). This joint statement is particularly relevant when banks communicate with their customers regarding potentially fraudulent transactions, other suspicious activity (e.g., payment fraud, including check fraud), or account closures.

Statement of Applicability:

The contents of, and material referenced in, this FIL apply to all FDI",https://content.govdelivery.com/accounts/USFDIC/bulletins/427f03f,,,,
1-A5-all-splits,4174,f918183d13b8676514a7f57bd0a32d1e793c0926f9cade84c293a20882f409f7,fdic:financial_institution_letters#4174,test,FDIC,financial_institution_letters,2026-09-08,Financial Institution Letter: Frequently Asked Questions Regarding Treatment of Verifiable Digital Credentials Under the Customer Identification Program Rule,A5,"Supervisory communication (letter to firms, portfolio or priorities letter, supervisory advisory)",A4,P2,"FDIC and other US agencies issued FAQs on using state-issued mobile driver’s licences and other government digital credentials to verify natural-person customers under CIP, and updated a prior FAQ’s terminology for verifiable digital credentials. It applies to FDIC-insured financial institutions immediately; no separate compliance date is stated.","Financial Institution Letter: Frequently Asked Questions Regarding Treatment of Verifiable Digital Credentials Under the Customer Identification Program Rule

FDIC Subscriptions sent this bulletin at 09/08/2026 02:01 PM EDT

FINANCIAL INSTITUTION LETTER | SEPTEMBER 8, 2026

Frequently Asked Questions Regarding Treatment of Verifiable Digital Credentials Under the Customer Identification Program Rule

Summary:

The Financial Crimes Enforcement Network, Board of Governors of the Federal Reserve System, Federal Deposit Insurance Corporation, National Credit Union Administration, and Office of the Comptroller of the Currency are issuing two new frequently asked questions (FAQs) that address the use of state-issued mobile driver’s licenses (mDLs) and other government-issued digital credentials, which may be used to verify the identities of natural person customers under the Customer Identification Program (CIP) rule. Additionally, FinCEN and the Agencies are amending a previously issued FAQ to reflect updated terminology being used to describe verifiable digital credentials (VDCs).

State",https://content.govdelivery.com/accounts/USFDIC/bulletins/428f691,,,,
1-A5-all-splits,4957,7130e7a07e3de75904ee9667b8c577f92ffacbd6a1c33d7bb1c89b97b66f2352,frb:notices#4957,train,FRB,notices,2024-10-21,"Formations of, Acquisitions by, and Mergers of Bank Holding Companies",A5,"Supervisory communication (letter to firms, portfolio or priorities letter, supervisory advisory)",,P2,"The Federal Reserve published a notice inviting public comments on a bank holding company acquisition application under the Bank Holding Company Act and Regulation Y. Interested persons may comment by 2024-11-20 on EverBank Financial Corp’s proposed acquisition of Sterling Bank and Trust, F.S.B.","FEDERAL RESERVE SYSTEM
Formations of, Acquisitions by, and Mergers of Bank Holding Companies
The companies listed in this notice have applied to the Board for approval, pursuant to the Bank Holding Company Act of 1956 (12 U.S.C. 1841
et seq.
) (BHC Act), Regulation Y (12 CFR part 225), and all other applicable statutes and regulations to become a bank holding company and/or to acquire the assets or the ownership of, control of, or the power to vote shares of a bank or bank holding company and all of the banks and nonbanking companies owned by the bank holding company, including the companies listed below.
The public portions of the applications listed below, as well as other related filings required by the Board, if any, are available for immediate inspection at the Federal Reserve Bank(s) indicated below and at the offices of the Board of Governors. This information may also be obtained on an expedited basis, upon request, by contacting the appropriate Federal Reserve Bank and from the Board's Freedom of Information Office at

Interest",https://www.federalregister.gov/documents/2024/10/21/2024-24279/formations-of-acquisitions-by-and-mergers-of-bank-holding-companies,,,,
1-A5-all-splits,4923,61f3c652ffacd1d119a2f97368a9af55394a379b55ea6914682a3e07179b4030,frb:notices#4923,train,FRB,notices,2024-11-25,"Formations of, Acquisitions by, and Mergers of Bank Holding Companies",A5,"Supervisory communication (letter to firms, portfolio or priorities letter, supervisory advisory)",,P2,"The Federal Reserve published a notice of bank holding company application activity under the Bank Holding Company Act and Regulation Y, inviting public comments on a proposed acquisition. Comments on the listed application must be received by 2024-12-26. This is a supervisory/public notice, not a rule or enforcement action.","FEDERAL RESERVE SYSTEM
Formations of, Acquisitions by, and Mergers of Bank Holding Companies
The companies listed in this notice have applied to the Board for approval, pursuant to the Bank Holding Company Act of 1956 (12 U.S.C. 1841
et seq.
) (BHC Act), Regulation Y (12 CFR part 225), and all other applicable statutes and regulations to become a bank holding company and/or to acquire the assets or the ownership of, control of, or the power to vote shares of a bank or bank holding company and all of the banks and nonbanking companies owned by the bank holding company, including the companies listed below.
The public portions of the applications listed below, as well as other related filings required by the Board, if any, are available for immediate inspection at the Federal Reserve Bank(s) indicated below and at the offices of the Board of Governors. This information may also be obtained on an expedited basis, upon request, by contacting the appropriate Federal Reserve Bank and from the Board's Freedom of Information Office at

Interest",https://www.federalregister.gov/documents/2024/11/25/2024-27573/formations-of-acquisitions-by-and-mergers-of-bank-holding-companies,,,,
1-A5-all-splits,4808,fb955eb1f1fb0c7e5234c4af73101899db681429a6fec466dff7916cd8f704c3,frb:notices#4808,train,FRB,notices,2025-04-02,"Formations of, Acquisitions by, and Mergers of Bank Holding Companies",A5,"Supervisory communication (letter to firms, portfolio or priorities letter, supervisory advisory)",,P2,The Federal Reserve published a notice inviting public comments on an application by Old Second Bancorp to merge with Bancorp Financial and indirectly acquire Evergreen Bank Group. Comments must be submitted by 2025-05-02. This affects bank holding company merger approvals under the BHC Act and Regulation Y.,"FEDERAL RESERVE SYSTEM
Formations of, Acquisitions by, and Mergers of Bank Holding Companies
The companies listed in this notice have applied to the Board for approval, pursuant to the Bank Holding Company Act of 1956 (12 U.S.C. 1841
et seq.
) (BHC Act), Regulation Y (12 CFR part 225), and all other applicable statutes and regulations to become a bank holding company and/or to acquire the assets or the ownership of, control of, or the power to vote shares of a bank or bank holding company and all of the banks and nonbanking companies owned by the bank holding company, including the companies listed below.
The public portions of the applications listed below, as well as other related filings required by the Board, if any, are available for immediate inspection at the Federal Reserve Bank(s) indicated below and at the offices of the Board of Governors. This information may also be obtained on an expedited basis, upon request, by contacting the appropriate Federal Reserve Bank and from the Board's Freedom of Information Office at

Interest",https://www.federalregister.gov/documents/2025/04/02/2025-05651/formations-of-acquisitions-by-and-mergers-of-bank-holding-companies,,,,
1-A5-all-splits,4763,d0759733cbab53fee57c7c588383f6da5545ba80956a83458d114fdf59a11884,frb:notices#4763,train,FRB,notices,2025-05-27,"Formations of, Acquisitions by, and Mergers of Bank Holding Companies",A5,"Supervisory communication (letter to firms, portfolio or priorities letter, supervisory advisory)",,P2,"The Federal Reserve announced a public comment notice for a bank holding company application: USV Bancorp, Inc. seeks approval to become a bank holding company by acquiring CNB National Financial Corporation and indirectly The City National Bank of San Saba. Comments must be received by 2025-06-26.","FEDERAL RESERVE SYSTEM
Formations of, Acquisitions by, and Mergers of Bank Holding Companies
The companies listed in this notice have applied to the Board for approval, pursuant to the Bank Holding Company Act of 1956 (12 U.S.C. 1841
et seq.
) (BHC Act), Regulation Y (12 CFR part 225), and all other applicable statutes and regulations to become a bank holding company and/or to acquire the assets or the ownership of, control of, or the power to vote shares of a bank or bank holding company and all of the banks and nonbanking companies owned by the bank holding company, including the companies listed below.
The public portions of the applications listed below, as well as other related filings required by the Board, if any, are available for immediate inspection at the Federal Reserve Bank(s) indicated below and at the offices of the Board of Governors. This information may also be obtained on an expedited basis, upon request, by contacting the appropriate Federal Reserve Bank and from the Board's Freedom of Information Office at

Interest",https://www.federalregister.gov/documents/2025/05/27/2025-09441/formations-of-acquisitions-by-and-mergers-of-bank-holding-companies,,,,
1-A5-all-splits,4604,78f732a032a96515881740d894182a7a6c37b52812d71433cb9c5b9b892aecd5,frb:notices#4604,train,FRB,notices,2025-12-29,"Formations of, Acquisitions by, and Mergers of Savings and Loan Holding Companies",A5,"Supervisory communication (letter to firms, portfolio or priorities letter, supervisory advisory)",,P2,"The Federal Reserve is publishing a notice of applications for savings and loan holding company formations, acquisitions, and mergers. Interested persons may submit comments on whether the proposed transaction complies with HOLA standards by 2026-01-28. This is a public notice, not a rule or approval.","FEDERAL RESERVE SYSTEM
Formations of, Acquisitions by, and Mergers of Savings and Loan Holding Companies
The companies listed in this notice have applied to the Board for approval, pursuant to the Home Owners' Loan Act (12 U.S.C. 1461
et seq.
) (HOLA), Regulation LL (12 CFR part 238), and Regulation MM (12 CFR part 239), and all other applicable statutes and regulations to become a savings and loan holding company and/or to acquire the assets or the ownership of, control of, or the power to vote shares of a savings association.
The public portions of the applications listed below, as well as other related filings required by the Board, if any, are available for immediate inspection at the Federal Reserve Bank(s) indicated below and at the offices of the Board of Governors. This information may also be obtained on an expedited basis, upon request, by contacting the appropriate Federal Reserve Bank and from the Board's Freedom of Information Office at

Interested persons may express their views in writing on whether the proposed transacti",https://www.federalregister.gov/documents/2025/12/29/2025-23882/formations-of-acquisitions-by-and-mergers-of-savings-and-loan-holding-companies,,,,
1-A5-all-splits,4550,81243c3e7204b2649489184e167247a4dcd7e362e9cc0c00f768afa45a8c165a,frb:notices#4550,train,FRB,notices,2026-03-20,"Formations of, Acquisitions by, and Mergers of Bank Holding Companies",A5,"Supervisory communication (letter to firms, portfolio or priorities letter, supervisory advisory)",,P3,The Federal Reserve published a notice inviting public comments on a bank holding company application: Bank of Nova Scotia seeks approval to acquire up to 19.99% of KeyCorp and indirectly KeyBank National Association. Comments must be submitted by 2026-04-20.,"FEDERAL RESERVE SYSTEM
Formations of, Acquisitions by, and Mergers of Bank Holding Companies
The companies listed in this notice have applied to the Board for approval, pursuant to the Bank Holding Company Act of 1956 (12 U.S.C. 1841
et seq.
) (BHC Act), Regulation Y (12 CFR part 225), and all other applicable statutes and regulations to become a bank holding company and/or to acquire the assets or the ownership of, control of, or the power to vote shares of a bank or bank holding company and all of the banks and nonbanking companies owned by the bank holding company, including the companies listed below.
The public portions of the applications listed below, as well as other related filings required by the Board, if any, are available for immediate inspection at the Federal Reserve Bank(s) indicated below and at the offices of the Board of Governors. This information may also be obtained on an expedited basis, upon request, by contacting the appropriate Federal Reserve Bank and from the Board's Freedom of Information Office at

Interest",https://www.federalregister.gov/documents/2026/03/20/2026-05530/formations-of-acquisitions-by-and-mergers-of-bank-holding-companies,,,,
1-A5-all-splits,4547,4e1e2b290b4723d7ac0f726c894188e7242660138862bd6375c4605fc734f698,frb:notices#4547,train,FRB,notices,2026-03-23,"Formations of, Acquisitions by, and Mergers of Bank Holding Companies",A5,"Supervisory communication (letter to firms, portfolio or priorities letter, supervisory advisory)",,P3,"The Federal Reserve is inviting public comments on an application by Rhinebeck Bancorp MHC to convert from mutual to stock form and merge with its subsidiary as part of a bank holding company transaction. Comments are due by 2026-04-22. This is a notice of application and comment period, not a rule or approval.","FEDERAL RESERVE SYSTEM
Formations of, Acquisitions by, and Mergers of Bank Holding Companies
The companies listed in this notice have applied to the Board for approval, pursuant to the Bank Holding Company Act of 1956 (12 U.S.C. 1841
et seq.
) (BHC Act), Regulation Y (12 CFR part 225), and all other applicable statutes and regulations to become a bank holding company and/or to acquire the assets or the ownership of, control of, or the power to vote shares of a bank or bank holding company and all of the banks and nonbanking companies owned by the bank holding company, including the companies listed below.
The public portions of the applications listed below, as well as other related filings required by the Board, if any, are available for immediate inspection at the Federal Reserve Bank(s) indicated below and at the offices of the Board of Governors. This information may also be obtained on an expedited basis, upon request, by contacting the appropriate Federal Reserve Bank and from the Board's Freedom of Information Office at

Interest",https://www.federalregister.gov/documents/2026/03/23/2026-05630/formations-of-acquisitions-by-and-mergers-of-bank-holding-companies,,,,
1-A5-all-splits,2054,375d96c5ac8e2a999bae2a507715ae62d4b7e8990364979be1e95d82e27b0d1a,frb:notices#2054,train,FRB,notices,2026-04-27,"Formations of, Acquisitions by, and Mergers of Bank Holding Companies",A5,"Supervisory communication (letter to firms, portfolio or priorities letter, supervisory advisory)",,P2,The Federal Reserve published a notice of bank holding company application activity: Independent Bank Corporation seeks approval to merge with HCB Financial Corp and indirectly acquire Highpoint Community Bank. Interested persons may comment by 2026-05-27.,"FEDERAL RESERVE SYSTEM
Formations of, Acquisitions by, and Mergers of Bank Holding Companies
The companies listed in this notice have applied to the Board for approval, pursuant to the Bank Holding Company Act of 1956 (12 U.S.C. 1841
et seq.
) (BHC Act), Regulation Y (12 CFR part 225), and all other applicable statutes and regulations to become a bank holding company and/or to acquire the assets or the ownership of, control of, or the power to vote shares of a bank or bank holding company and all of the banks and nonbanking companies owned by the bank holding company, including the companies listed below.
The public portions of the applications listed below, as well as other related filings required by the Board, if any, are available for immediate inspection at the Federal Reserve Bank(s) indicated below and at the offices of the Board of Governors. This information may also be obtained on an expedited basis, upon request, by contacting the appropriate Federal Reserve Bank and from the Board's Freedom of Information Office at

Interest",https://www.federalregister.gov/documents/2026/04/27/2026-08162/formations-of-acquisitions-by-and-mergers-of-bank-holding-companies,,,,
1-A5-all-splits,1359,b54c9528bba665f01ab566f3f465e9571d35f8bbb007d8390b14488f527af9e3,hmt:policy_papers#1359,train,HMT,policy_papers,2022-04-26,Treasury Minutes – 26 April 2022,A5,"Supervisory communication (letter to firms, portfolio or priorities letter, supervisory advisory)",,P2,"HM Treasury’s Treasury Minutes set out the government’s responses to PAC recommendations across several public-spending and operational reports, including EU Exit border planning and HMRC performance. It asks departments to implement or report back on specific actions, with some target dates through October 2022, Winter 2023 and Spring 2023. This is an accountability/expectations document, not a rule change.","Treasury Minutes
Government Response to the Committee of
Public Accounts on the Thirty-Sixth to the Forty-
Second reports from Session 2021-22
CP 667 April 2022

Treasury Minutes
Government Response to the Committee of Public
Accounts on the Thirty-Sixth to the Forty-Second
reports from Session 2021-22
Presented to Parliament
by the Exchequer Secretary to the Treasury
by Command of Her Majesty
April 2022
CP 667

© Crown copyright 2022
This publication is licenced under the term of the Open Government Licence v.3.0
except where otherwise stated. To view this licence, visit
nationalarchives.gov.uk/doc/open-government-licence/version/3.
Where we have identified any third party copyright information, you will need to obtain
permission from the copyright holders concerned.
This publication is available at
Any enquiries regarding this publication should be sent to us at:
ISBN 978-1-5286-3314-7
E02744636 04/22
Printed on paper containing 40% recycled fibre content minimum.
Printed in the UK by HH Associates Ltd. on behalf of the Controller of Her Majesty’s
Sta",https://www.gov.uk/government/publications/treasury-minutes-26-april-2022,,,,
1-A5-all-splits,1060,b0e130f00a8c588be830bdf9da449e5a9e9dcea872399ad5a6d36e4231ae2173,hmt:policy_papers#1060,train,HMT,policy_papers,2025-03-19,Statement of Strategic Priorities to the National Wealth Fund,A5,"Supervisory communication (letter to firms, portfolio or priorities letter, supervisory advisory)",,P2,"HM Treasury sets out the government’s strategic priorities for the National Wealth Fund and asks it to produce a new Strategic Plan aligned to growth and clean energy missions. It also signals that legislation will be introduced when parliamentary time allows to broaden the Fund’s mandate beyond infrastructure. This is directed at the NWF, not firms generally.","HM Treasury, 1 Horse Guards Road, London, SW1A 2HQ

John Flint
CEO
National Wealth Fund
2 Whitehall Quay
Leeds
19 March 2025

Dear John,

Statement of Strategic Priorities to the National Wealth Fund

On 14 October 2024, I launched the National Wealth Fund (NWF), with £27.8 billion of
capital to catalyse and mobilise additional private investment across the UK. I am now
writing to formally communicate the government’s strategic priorities for the NWF over
this Parliament, in accordance with section 3 (‘strategic priorities and plans’) of the UK
Infrastructure Bank Act. This statement is intended to confirm the NWF’s role in financing
the capital investment needed to deliver the government’s policy agenda. It is the next step
in enabling the NWF to deliver the government’s growth and clean energy missions, with
formal governance arrangements and legislation to follow.

Growth is this government’s top priority. Mobilising private investment alongside public
sector finance is central to the growth mission, delivery of which will create jobs, improve
living standards, and make communitie",https://www.gov.uk/government/publications/statement-of-strategic-priorities-to-the-national-wealth-fund,,,,
1-A5-all-splits,1050,1b87c7fb92f3c52d0fde70a70c2ddcfd9cd405a71e83e4bd32c107953ec83917,hmt:policy_papers#1050,train,HMT,policy_papers,2025-04-11,Reappointment of Financial Conduct Authority Chief Executive Officer,A5,"Supervisory communication (letter to firms, portfolio or priorities letter, supervisory advisory)",,P3,"HM Treasury reappoints the FCA Chief Executive for a second five-year term and sets expectations for the FCA to embed its competitiveness and growth objective, maintain consumer protection and market integrity, and work with government on reducing regulatory burden and developing a Financial Services Growth and Competitiveness Strategy.","HM Treasury, 1 Horse Guards Road, London, SW1A 2HQ

Nikhil Rathi
Chief Executive Officer
Financial Conduct Authority
12 Endeavour Square
London E20 1JN

10 April 2025

Dear Nikhil,

Reappointment to the Board of the Financial Conduct Authority

I am pleased to reappoint you to the Financial Conduct Authority’s Board as Chief Executive
for a second five-year term.
As you know, growth is the defining mission of this government and the UK’s financial
services sector plays a fundamental role in deliver ing this – both driving growth and
investment throughout the economy, and advancing the UK’s prosperity in its own right
as a world-leading, dynamic financial centre.
It is vital that the UK’s regulatory environment supports growth and investment , whilst
protecting consumer from detriment and maintaining their confidence in markets.
I welcome the steps the Financial Conduct Authority (FCA) has already taken in support of
this mission. But there is more work to do to boost business confidence, improve our
investment climate, and foster sustainable economic growth.
Over the next year, and t",https://www.gov.uk/government/publications/reappointment-of-financial-conduct-authority-chief-executive-officer,,,,
1-A9-all-splits,6069,e472c7615181553790a573ddb63db65701620a63ed647996c730723ed4ec447c,cftc:notices#6069,train,CFTC,notices,2022-08-05,"Agency Information Collection Activities: Notice of Intent To Renew Collection 3038-0111, Margin Requirements for Uncleared Swaps for Swap Dealers and Major Swap Participants-Cross-Border Application of the Margin Requirements",A9,Market or operational notice,,P3,The CFTC published a notice seeking 60 days of public comment on renewing an existing information collection tied to its cross-border uncleared swaps margin rule for swap dealers and major swap participants. It concerns requests for comparability determinations and recordkeeping/policies for non-netting and non-segregation jurisdictions. Comments are due by 2022-10-04.,"COMMODITY FUTURES TRADING COMMISSION
Agency Information Collection Activities: Notice of Intent To Renew Collection 3038-0111, Margin Requirements for Uncleared Swaps for Swap Dealers and Major Swap Participants—Cross-Border Application of the Margin Requirements
AGENCY:
Commodity Futures Trading Commission.
ACTION:
Notice.
SUMMARY:
The Commodity Futures Trading Commission (“CFTC” or “Commission”) is announcing an opportunity for public comment on the proposed renewal of a collection of certain information by the agency. Under the Paperwork Reduction Act (“PRA”), Federal agencies are required to publish notice in the
Federal Register
concerning each proposed collection of information, including each proposed extension of an existing collection of information, and to allow 60 days for public comment. This notice solicits comments on the burdens associated
with the following aspects of the Commission's Margin Requirements for Uncleared Swaps for Swap Dealers and Major Swap Participants—Cross-Border Application of the Margin Requirements (“Final Rule”): (1) requesting a comparability de",https://www.federalregister.gov/documents/2022/08/05/2022-16774/agency-information-collection-activities-notice-of-intent-to-renew-collection-3038-0111-margin,,,,
1-A9-all-splits,6053,6461bd13f3eabe33c917c3a28be4b750e6f34009e3668c63bbbb13b7b5b6d140,cftc:notices#6053,train,CFTC,notices,2022-09-23,Sunshine Act Meetings,A9,Market or operational notice,,P3,The CFTC issued a Sunshine Act meeting notice updating the time and date of a previously announced closed meeting to 1:00 p.m. EDT on 27 September 2022. The meeting place and agenda were unchanged.,"COMMODITY FUTURES TRADING COMMISSION
Sunshine Act Meetings
FEDERAL REGISTER CITATION OF PREVIOUS ANNOUNCEMENT:
87 FR 57486, September 20, 2022.
PREVIOUSLY ANNOUNCED TIME AND DATE OF THE MEETING:
10:30 a.m. EDT, Thursday, September 22, 2022.
CHANGES IN THE MEETING:
The time and date of the meeting have changed. This meeting will now start at 1:00 p.m. EDT on Tuesday, September 27, 2022. The meeting place, Closed status, and matters to be considered, as previously announced, remain unchanged.
CONTACT PERSON FOR MORE INFORMATION:
Christopher Kirkpatrick, 202-418-5964.
Authority:
5 U.S.C. 552b.
Dated: September 21, 2022.
Christopher Kirkpatrick,
Secretary of the Commission.
[FR Doc. 2022-20817 Filed 9-21-22; 4:15 pm]
BILLING CODE 6351-01-P",https://www.federalregister.gov/documents/2022/09/23/2022-20817/sunshine-act-meetings,,,,
1-A9-all-splits,6022,67c50c148111cd3f507068b9509b40718724ef6924bf44973666d78997f7f7bd,cftc:notices#6022,train,CFTC,notices,2023-02-14,Sunshine Act Meetings,A9,Market or operational notice,,P3,The CFTC announced a change to the location of a previously scheduled Sunshine Act meeting; it will now be held virtually on the same date and time. No substantive regulatory requirements are created or changed.,"COMMODITY FUTURES TRADING COMMISSION
Sunshine Act Meetings
FEDERAL REGISTER CITATION OF PREVIOUS ANNOUNCEMENT:
88 FR 8262, February 8, 2023.
PREVIOUSLY ANNOUNCED TIME AND DATE OF THE MEETING:
1:00 p.m. EST, Wednesday, February 15, 2023.
CHANGES IN THE MEETING:
The place of the meeting has changed. This meeting will now take place virtually. The meeting time and date, Closed status, and matters to be considered, as previously announced, remain unchanged.
CONTACT PERSON FOR MORE INFORMATION:
Christopher Kirkpatrick, 202-418-5964.
Authority:
5 U.S.C. 552b.
Dated: February 9, 2023.
Christopher Kirkpatrick,
Secretary of the Commission.
[FR Doc. 2023-03179 Filed 2-10-23; 11:15 am]
BILLING CODE 6351-01-P",https://www.federalregister.gov/documents/2023/02/14/2023-03179/sunshine-act-meetings,,,,
1-A9-all-splits,6011,f92fe30a0c3aedbb6272bcbdb3cb69cfcffbbd191cedaa67d21d321adb891ec0,cftc:notices#6011,train,CFTC,notices,2023-03-17,Sunshine Act Meetings,A9,Market or operational notice,,P3,The CFTC announced a change to the timing of a previously scheduled Sunshine Act Commission meeting. The meeting remains closed and otherwise unchanged; this is for information only and creates no new regulatory requirements.,"COMMODITY FUTURES TRADING COMMISSION
Sunshine Act Meetings
Federal Register CITATION OF PREVIOUS ANNOUNCEMENT:
88 FR 15991, March 15, 2023.
PREVIOUSLY ANNOUNCED TIME AND DATE OF THE MEETING:
1:00 p.m. EDT, Tuesday, March 21, 2023.
CHANGES IN THE MEETING:
The time of the meeting has changed. This meeting will now start at 12:30 p.m. EDT. The meeting date, place, Closed status, and matters to be considered, as previously announced, remain unchanged.
CONTACT PERSON FOR MORE INFORMATION:
Christopher Kirkpatrick, 202-418-5964.
Authority:
5 U.S.C. 552b.
Dated: March 15, 2023.
Christopher Kirkpatrick,
Secretary of the Commission.
[FR Doc. 2023-05616 Filed 3-15-23; 4:15 pm]
BILLING CODE 6351-01-P",https://www.federalregister.gov/documents/2023/03/17/2023-05616/sunshine-act-meetings,,,,
1-A9-all-splits,7357,a16798c99676058f3e0aff27816b819ee4d9ea2060c69795123226964b209fe3,cma:publications#7357,train,CMA,publications,2024-05-28,Hanson / Mick George merger inquiry,A9,Market or operational notice,,P3,"The CMA published a merger notice for Hanson Quarry Products Europe Limited’s anticipated acquisition of Mick George Limited. It confirms the merger notice meets statutory requirements and starts the initial review period, with the CMA’s referral decision deadline set for 14 November 2023. This is a market/transaction notice, not a rule or enforcement action.","19 September 2023
Anticipated acquisition by Hanson Quarry Products Europe Limited
of Mick George Limited
Notice under section 96(2A) of the Enterprise Act 2002 (the Act)
published pursuant to section 107(1)(i) of the Act
The Competition and Markets Authority (CMA) hereby gives notice pursuant to
section 96(2A) of the Act that the merger notice provided by Hanson Quarry
Products Europe Limited (Hanson) and Mick George Limited (MGL) in relation to the
anticipated acquisition by Hanson of MGL (the Merger) meets the requirements of
section 96(2) of the Act.
The initial period defined in section 34ZA(3) of the Act in relation to the Merger will
therefore commence on the first working day after the date of this notice, ie on 20
September 2023. The deadline for the CMA to announce its decision whether to
refer the Merger for a Phase 2 investigation is therefore 14 November 2023.",https://www.gov.uk/cma-cases/hanson-slash-mick-george-merger-inquiry,,,,
1-A9-all-splits,7315,8262a123845e18fd7a88c7126423dcb6c7999e98844527e199bb386831271b54,cma:publications#7315,train,CMA,publications,2024-07-30,Thermo Fisher Scientific / Olink merger inquiry,A9,Market or operational notice,,P3,The CMA published a notice that Thermo Fisher Scientific’s planned acquisition of Olink has entered the UK merger review process under the Enterprise Act 2002. It states the initial review period started on 13 May 2024 and the CMA’s phase 2 referral deadline was 8 July 2024. This is informational and does not create new obligations for firms generally.,"The Cabot, 25 Cabot Square, London, E14 4QZ • Telephone 020 3738 6000 • Fax 020 3738 6067
• • Twitter @CMAgovUK
ANTICIPATED ACQUISITION BY THERMO FISHER
SCIENTIFIC INC. OF OLINK HOLDING AB
10 May 2024
NOTICE UNDER SECTION 96(2A) OF THE ENTERPRISE ACT 2002
PUBLISHED PURSUANT TO SECTION 107(1)(I) OF THE ENTERPRISE
ACT 2002
The Competition and Markets Authority (CMA) hereby gives notice pursuant to section
96(2A) of the Enterprise Act 2002 (the Act) that the merger notice provided by Thermo
Fisher Scientific Inc. and Olink Holding AB in relation to the anticipated acquisition by
Thermo Fisher Scientific Inc of Olink Holding AB (the Transaction) meets the
requirements of section 96(2) of the Act.
The initial period defined in section 34ZA(3) of the Act in relation to the Transaction will
therefore commence on the first working day after the date of this notice, ie on 13 May
2024. The deadline for the CMA to announce its decision whether to refer the Merger for a
phase 2 investigation is therefore 8 July 2024.",https://www.gov.uk/cma-cases/thermo-fisher-scientific-slash-olink-merger-inquiry,,,,
1-A9-all-splits,7304,0c5fe647ebea085ab0db03c5ce7c669a968923011028d26ca7fc7da895668fd4,cma:publications#7304,train,CMA,publications,2024-08-14,Scanpole / C&G merger inquiry,A9,Market or operational notice,,P3,The CMA published a merger notice for the anticipated acquisition of Calders & Grandidge (Boston) Limited by Scanpole Limited. It starts the CMA’s initial merger review period on 26 June 2024 and sets 20 August 2024 as the deadline for a phase 2 referral decision.,"The Cabot, 25 Cabot Square, London, E14 4QZ • Telephone 020 3738 6000 • Fax 020 3738 6067
• • Twitter @CMAgovUK
ANTICIPATED ACQUISITION BY SCANPOLE LIMITED
OF CALDERS AND GRANDIDGE (BOSTON) LIMITED
25 June 2024
NOTICE UNDER SECTION 96(2A) OF THE ENTERPRISE ACT 2002
PUBLISHED PURSUANT TO SECTION 107(1)(I) OF THE ENTERPRISE
ACT 2002
The Competition and Markets Authority (CMA) hereby gives notice pursuant to section
96(2A) of the Enterprise Act 2002 (the Act) that the merger notice provided by Scanpole
Limited and Calders & Grandidge (Boston) Limited in relation to the anticipated acquisition
by Scanpole Limited of Calders & Grandidge (Boston) Limited (the Transaction) meets
the requirements of section 96(2) of the Act.
The initial period defined in section 34ZA(3) of the Act in relation to the Transaction will
therefore commence on the first working day after the date of this notice, ie on 26 June
2024. The deadline for the CMA to announce its decision whether to refer the Merger for a
phase 2 investigation is therefore 20 August 2024.",https://www.gov.uk/cma-cases/scanpole-slash-c-and-g-merger-inquiry,,,,
1-A9-all-splits,7301,f855aae6e1a3166d730004098afe999fc3daa98a67320b7bc6ecdc9279f45ab2,cma:publications#7301,train,CMA,publications,2024-08-19,Eurofins / Cellmark merger inquiry,A9,Market or operational notice,,P3,The CMA has issued a procedural notice under the Enterprise Act saying it has enough information to start its initial merger review of Eurofins Forensics Lux Holding Sarl’s anticipated acquisition of DNACO Limited (Cellmark). The notice sets the initial period start date as 19 July 2024 and the CMA’s deadline to decide on a Phase 2 reference as 13 September 2024.,"The Cabot, 25 Cabot Square, London, E14 4QZ • Telephone 020 3738 6000 • Fax 020 3738 6067
• • Twitter @CMAgovUK
ANTICIPATED ACQUISITION BY EUROFINS FORENSICS
LUX HOLDING SARL OF DNACO LIMITED (CELLMARK)
18 July 2024
NOTICE UNDER PARAGRAPH (B) OF THE DEFINITION OF ‘INITIAL
PERIOD’ IN SECTION 34ZA(3) OF THE ENTERPRISE ACT 2002
PUBLISHED PURSUANT TO SECTION 107(1)(AB) OF THE ENTERPRISE
ACT 2002
The Competition and Markets Authority (CMA) hereby gives notice pursuant to paragraph
(b) of the definition of ‘initial period’ in section 34ZA(3) of the Enterprise Act 2002 (the Act)
that it has sufficient information in relation to the anticipated acquisition by Eurofins
Forensics Lux Holding Sarl of DNACO Limited (Cellmark) (the Merger) to enable it to
begin an investigation for the purposes of deciding whether to make a reference for a
phase 2 investigation.
The initial period defined in section 34ZA(3) of the Act in relation to the Merger will
therefore commence on the first working day after the date of this notice, ie on 19 July
2024. The end of",https://www.gov.uk/cma-cases/eurofins-slash-cellmark-merger-inquiry,,,,
1-A9-all-splits,7292,f373a89e547386033be63312bf5f92cbd4a4e871e6f083300f3774fc989d0694,cma:publications#7292,train,CMA,publications,2024-08-22,EasyPark / Flowbird merger inquiry,A9,Market or operational notice,,P3,"The CMA published a merger notice for EasyPark Group AS’s anticipated acquisition of Mobility 1 SAS (Flowbird). It says the initial CMA review period began on 14 June 2024 and the phase 1 referral decision deadline was 8 August 2024. This is an antitrust process notice, not a new rule, and it has no direct compliance obligations for banks unless they are involved in the deal.","The Cabot, 25 Cabot Square, London, E14 4QZ • Telephone 020 3738 6000 • Fax 020 3738 6067
• • Twitter @CMAgovUK
Anticipated acquisition by EasyPark
Group AS of Mobility 1 SAS
13 June 2024
NOTICE UNDER SECTION 96(2A) OF THE ENTERPRISE ACT 2002
PUBLISHED PU
RSUANT TO SECTION 107(1)(I) OF THE ENTERPRISE
ACT 2002
The Competition and Markets Authority (CMA) hereby gives notice pursuant to section
96(2A) of the Enterprise Act 2002 (the Act) that the merger notice provide d by EasyPark
Group AS and Flowbird Group
in relation to the anticipated acquisition by EasyPark
Group AS of Mobility 1 SAS (the Merger) meets the requirements of section 96(2) of the
Act.
The initial period defined in section 34ZA(3) of the Act in relation to the Merger will
therefore commence on the first working day after the date of this notice, ie on 14 June
2024. The
deadline for the CMA to announce its decision whether to refer the Merger for a
phase 2 investigation is therefore 8 August 2024.",https://www.gov.uk/cma-cases/easypark-slash-flowbird-merger-inquiry,,,,
1-A9-all-splits,7010,5344fbacc4e097f893c572bc9a9490d6535ab8a5203870b174745e85f6697a16,cma:publications#7010,train,CMA,publications,2025-06-03,Barratt / Redrow merger inquiry,A9,Market or operational notice,,P3,"The CMA published a merger-inquiry notice for Barratt Developments’ anticipated acquisition of Redrow. It confirms the merger notice meets statutory requirements and starts the CMA’s initial review period, with a decision on whether to refer the deal for phase 2 due by 8 August 2024. This is relevant only as market/transaction awareness, not as a direct regulatory requirement for banks.","The Cabot, 25 Cabot Square, London, E14 4QZ • Telephone 020 3738 6000 • Fax 020 3738 6067
• • Twitter @CMAgovUK
ANTICIPATED ACQUISITION BY BARRATT
DEVELOPMENTS PLC OF REDROW PLC
13 June 2024
NOTICE UNDER SECTION 96(2A) OF THE ENTERPRISE ACT 2002
PUBLISHED PURSUANT TO SECTION 107(1)(I) OF THE ENTERPRISE
ACT 2002
The Competition and Markets Authority (CMA) hereby gives notice pursuant to section
96(2A) of the Enterprise Act 2002 (the Act) that the merger notice provided by Barratt
Developments plc (Barratt) and Redrow plc (Redrow) in relation to the anticipated
acquisition by Barratt of Redrow (the Merger) meets the requirements of section 96(2) of
the Act.
The initial period defined in section 34ZA(3) of the Act in relation to the Merger will
therefore commence on the first working day after the date of this notice, ie on 14 June
2024. The deadline for the CMA to announce its decision whether to refer the Merger for a
phase 2 investigation is therefore 8 August 2024.",https://www.gov.uk/cma-cases/barratt-slash-redrow-merger-inquiry,,,,
1-A9-all-splits,7011,e5f920425a359b100416b7849d9757bc5cdf3ceeea06702f113c12ce3db70403,cma:publications#7011,train,CMA,publications,2025-06-03,Hitachi / Thales merger inquiry,A9,Market or operational notice,,P3,"The CMA published a merger notice for Hitachi Rail’s anticipated acquisition of Thales’s Ground Transportation Systems business and set the Phase 1 timetable, including the referral decision deadline. This is an antitrust case-management notice only; it does not impose substantive obligations on firms generally.","14 Oc
tober 2022

Anticipated acquisition by Hitachi Rail, Ltd of Thales
SA’s Ground Transportation Systems Business
NOTICE UNDER SECTION 96(2A) OF THE ENTERPRISE ACT 2002 (THE
ACT) PUBLISHED PURSUANT TO SECTION 107(1)(I) OF THE ACT
The Competition and Markets Authority (CMA) hereby gives notice pursuant to section
96(2A) of the Act that the merger notice provided by Hitachi Rail, Ltd. in relation to the
anticipated acquisition by Hitachi Rail, Ltd of Thales SA’s Ground Transportation Systems
Business of (the Merger) meets the requirements of section 96(2) of the Act.
The initial period defined in section 34ZA(3) of the Act in relation to the Merger will
therefore commence on the first working day after the date of this notice, ie on 17 October
2022. The deadline for the CMA to announce its decision whether to refer the Merger for a
Phase 2 investigation is therefore 9 December 2022.",https://www.gov.uk/cma-cases/hitachi-slash-thales-merger-inquiry,,,,
1-A9-all-splits,6985,0c5bad61eced73381ad9d565c00bf38f31cdaa4afedaacc807896971fa18b565,cma:publications#6985,train,CMA,publications,2025-06-22,Tell the CMA about a merger that might affect you,A9,Market or operational notice,,P3,"CMA guidance explains how customers, competitors and other interested parties can provide information during merger reviews, including calls, RFIs and invitations to comment. It also notes the CMA’s legal powers to compel information and the need to respond truthfully and by any deadline set in an RFI. No new rules are created.","Guidance

Tell the CMA about a merger that might affect you

Why the Competition and Markets Authority (CMA) has asked you for information about a merger, and how to share it with us.

The CMA investigates some mergers and assesses how they could affect competition in the UK.

When we investigate a merger, we usually want to hear from:

the merging businesses’ customers or competitors

people or businesses with expert knowledge of the relevant products, services or markets

any other people or businesses that have helpful information

You may have been asked to share information or join a call with us. This page explains why and what you can do next.

Tell the CMA about a merger it is not investigating

Email
to tell us about a merger that we are not already investigating.

Tell us briefly which merger you are referring to and why you think it could affect competition in the UK.

Tell the CMA about a merger you are involved in.

Who we are

The CMA is the independent, non-ministerial government department responsible for keeping markets open and competitive. One important duty we hav",https://www.gov.uk/guidance/tell-the-cma-about-a-merger-that-might-affect-you,,,,
1-A9-all-splits,6981,2f70b4fb9d7473dc44375a8f42296f15d312138943b61dbbd76485aae6f0f7c0,cma:publications#6981,train,CMA,publications,2025-06-24,Submit a case team request form for your merger,A9,Market or operational notice,,P3,The CMA published a merger case team request form for parties who plan to notify an anticipated or completed merger. It explains what information to provide so the CMA can allocate a case team and discuss the merger notice process; no new filing obligation or deadline is created in this page itself.,"Form

Submit a case team request form for your merger

Complete this form so the Competition and Markets Authority (CMA) can assign a merger investigation case team.

Case team allocation form

ODT
,
432 KB

This file is in an
OpenDocument
format

If you decide to notify an anticipated or completed merger to the CMA, complete this form and submit it to
.

Once we’ve received your form, we’ll assign a case team to discuss your merger with you, including what information you should put in your
merger notice form
.

What you’ll need to know

To complete the form, you’ll need to know:

the names and UK turnover of the merging businesses

details of the merger, for example when it completed or will complete

when you expect to submit the first draft of the merger notice to us

Find out more about
how to tell us about a merger
.",https://www.gov.uk/government/publications/submit-a-case-team-request-form-for-your-merger,,,,
1-A9-all-splits,6932,3b66e9aaa833c3890bf1dd028a238f64d8a1945f24ccaaafa67f5fa4e4184b85,cma:publications#6932,train,CMA,publications,2025-09-02,Safran / Collins merger inquiry,A9,Market or operational notice,,P3,"The CMA issued a merger notice for Safran’s planned acquisition of part of Collins Aerospace’s actuation and flight control business. It starts the initial review period on 19 February 2025 and sets 16 April 2025 as the deadline for the CMA to decide whether to refer the deal for a phase 2 investigation. This is competition-process notice for the parties, not a new rule for firms.","The Cabot, 25 Cabot Square, London, E14 4QZ • Telephone 020 3738 6000 • Fax 020 3738 6067
• • Twitter @CMAgovUK
ANTICIPATED ACQUISITION BY SAFRAN OF A PART
OF COLLINS AEROSPACE’S ACTUATION AND FLIGHT
CONTROL BUSINESS
18 February 2025
NOTICE UNDER SECTION 96(2A) OF THE ENTERPRISE ACT 2002
PUBLISHED PURSUANT TO SECTION 107(1)(I) OF THE ENTERPRISE
ACT 2002
The Competition and Markets Authority (CMA) hereby gives notice pursuant to section 96(2A) of
the Enterprise Act 2002 (the Act) that the merger notice provided by Safran S.A. (Safran) and RTX
Corporation (RTX) in relation to the anticipated acquisition by Safran of a part of Collins
Aerospace’s (a business unit of RTX) actuation and flight control business (the Merger) meets the
requirements of section 96(2) of the Act.
The initial period defined in section 34ZA(3) of the Act in relation to the Transaction will therefore
commence on the first working day after the date of this notice, ie on 19 February 2025. The
deadline for the CMA to announce its decision whether to refer the Merger for a",https://www.gov.uk/cma-cases/safran-slash-collins-merger-inquiry,,,,
1-A9-all-splits,6929,c1d143e65ecdeb8abce03bc2e0a732541db1950c734915065c4be1df6416dc6b,cma:publications#6929,train,CMA,publications,2025-09-05,EVRi / DHL merger inquiry,A9,Market or operational notice,,P3,"The CMA published a notice starting the initial merger review period for Evri’s anticipated acquisition of DHL Parcel UK and DHL Group’s minority stake in Evri. The CMA’s phase 1 referral decision deadline is 25 September 2025. This is a competition-process notice affecting the parties to the transaction, not a rule change for firms generally.","The Cabot, 25 Cabot Square, London, E14 4QZ • Telephone 020 3738 6000 • Fax 020 3738 6067
• • Twitter @CMAgovUK
THE ANTICIPATED ACQUISITION BY EVRI OF DHL
ECOMMERCE UK, AND DHL GROUP’S ACQUISITION OF
A MINORITY STAKE IN EVRI
29 July 2025
NOTICE UNDER SECTION 96(2A) OF THE ENTERPRISE ACT 2002
PUBLISHED PURSUANT TO SECTION 107(1)(I) OF THE ENTERPRISE
ACT 2002
The Competition and Markets Authority (CMA) hereby gives notice pursuant to section
96(2A) of the Enterprise Act 2002 (the Act) that the merger notice provided by Apollo
Capital Management L.P. (Apollo) and Deutsche Post AG (DHL Group) in relation to the
anticipated acquisition by Evri Limited (ultimately controlled by investment funds managed
by affiliates of Apollo) of DHL Parcel UK Holding Limited from DHL eCommerce
International Holdings BV (ultimately controlled by DHL Group), and DHL Group’s
anticipated acquisition of a minority stake in Evri Limited (through Project Edge Topco
Limited) (the Transaction) meets the requirements of section 96(2) of the Act.
The initial period defined",https://www.gov.uk/cma-cases/evri-slash-dhl-merger-inquiry,,,,
1-A9-all-splits,6881,b63c72e1192d471eca3d806860896894b2d9a514123cbf45906f229134edc821,cma:publications#6881,train,CMA,publications,2025-11-03,Sportradar / IMG Arena merger inquiry,A9,Market or operational notice,,P3,"The CMA published notice that Sportradar Group AG’s merger notice for its anticipated acquisition of IMG Arena US Parent, LLC meets the statutory requirements under the Enterprise Act 2002. The notice starts the initial merger review period and states the CMA’s phase 2 referral decision deadline. This is relevant to firms tracking competition-law merger control timelines.","ANTICIPATED ACQUISITION BY SPORTRADAR GROUP
AG OF IMG ARENA US PARENT, LLC
29 August 2025
NOTICE UNDER SECTION 96(2A) OF THE ENTERPRISE ACT 2002
PUBLISHED PURSUANT TO SECTION 107(1)(I) OF THE ENTERPRISE
ACT 2002
The Competition and Markets Authority (CMA) hereby gives notice pursuant to section
96(2A) of the Enterprise Act 2002 (the Act) that the merger notice provided by Sportradar
Group AG in relation to its anticipated acquisition of IMG Arena US Parent, LLC (the
Transaction) meets the requirements of section 96(2) of the Act.
The initial period defined in section 34ZA(3) of the Act in relation to the Transaction will
therefore commence on the first working day after the date of this notice, ie on 1
September 2025. The deadline for the CMA to announce its decision whether to refer the
Merger for a phase 2 investigation is therefore 24 October 2025.",https://www.gov.uk/cma-cases/sportradar-slash-img-arena-merger-inquiry,,,,
1-A9-all-splits,6856,80777d3b0c0d5341400b8992a8e6e8dcbfa32e2cc4db9e4099d09d7db77edc00,cma:publications#6856,train,CMA,publications,2025-12-05,Unite / Empiric merger inquiry,A9,Market or operational notice,,P3,"The CMA has issued a notice confirming that the merger notice for Unite Group’s proposed acquisition of Empiric Student Property meets the statutory filing requirements. It starts the CMA’s initial review period, with the decision deadline on 19 December 2025 on whether to refer the merger for a phase 2 investigation.","ANTICIPATED ACQUISITION BY UNITE GROUP PLC OF
EMPIRIC STUDENT PROPERTY PLC
23 October 2025
NOTICE UNDER SECTION 96(2A) OF THE ENTERPRISE ACT 2002
PUBLISHED PURSUANT TO SECTION 107(1)(I) OF THE ENTERPRISE
ACT 2002
The Competition and Markets Authority (CMA) hereby gives notice pursuant to section
96(2A) of the Enterprise Act 2002 (the Act) that the merger notice provided by Unite
Group Plc (Unite) and Empiric Student Property plc (Empiric) in relation to the anticipated
acquisition by Unite of Empiric (the Merger) meets the requirements of section 96(2) of the
Act.
The initial period defined in section 34ZA(3) of the Act in relation to the Merger will
therefore commence on the first working day after the date of this notice, ie on 24 October
2025. The end of the initial period and the deadline for the CMA to announce its decision
whether to refer the Merger for a phase 2 investigation is therefore 19 December 2025.",https://www.gov.uk/cma-cases/unite-slash-empiric-merger-inquiry,,,,
1-A9-all-splits,6741,111ff096a9c173701f2b8a0cb200d5822fba64b6a23094a2bba64157dbd3a601,cma:publications#6741,train,CMA,publications,2026-04-16,AkzoNobel / Axalta merger inquiry,A9,Market or operational notice,,P3,The CMA published a merger notice for the anticipated Akzo Nobel/Axalta transaction and said the phase 1 initial period starts on 17 September 2026. It also stated the CMA’s deadline to decide whether to refer the merger to phase 2 is 11 November 2026.,"The Cabot, 25 Cabot Square, London, E14 4QZ • Telephone 020 3738 6000 • Fax 020 3738 6067
• • Twitter @CMAgovUK
ANTICIPATED MERGER BETWEEN AKZO NOBEL N.V.
AND AXALTA COATING SYSTEMS LTD
16 September 2026
NOTICE UNDER SECTION 96(2A) OF THE ENTERPRISE ACT 2002
PUBLISHED PURSUANT TO SECTION 107(1)(I) OF THE ENTERPRISE
ACT 2002
The Competition and Markets Authority (CMA) hereby gives notice pursuant to section
96(2A) of the Enterprise Act 2002 (the Act) that the merger notice provided by Akzo Nobel
N.V. and Axalta Coating Systems Ltd in relation to the anticipated merger between Akzo
Nobel N.V. and Axalta Coating Systems Ltd. (the Transaction) meets the requirements of
section 96(2) of the Act.
The initial period defined in section 34ZA(3) of the Act in relation to the Transaction will
therefore commence on the first working day after the date of this notice, ie on 17
September 2026. The deadline for the CMA to announce its decision whether to refer the
Merger for a phase 2 investigation is therefore 11 November 2026.",https://www.gov.uk/cma-cases/akzonobel-slash-axalta-merger-inquiry,,,,
1-A9-all-splits,6642,ae9a8f7bc6badb136e87621bbd9f3e6571d584c6c3a723389a61c865da32f5a9,cma:publications#6642,val,CMA,publications,2026-07-17,eBay / Depop merger inquiry,A9,Market or operational notice,,P3,"The CMA has published a merger notice for eBay Inc.'s anticipated acquisition of Depop Limited. It starts the UK merger control initial review period on 9 June 2026, with the CMA's phase 2 referral decision due by 6 August 2026. This is a market/operational notice rather than a rule or enforcement action.","The Cabot, 25 Cabot Square, London, E14 4QZ • Telephone 020 3738 6000 • Fax 020 3738 6067
• • Twitter @CMAgovUK
ANTICIPATED ACQUISITION BY EBAY INC. OF
DEPOP LIMITED
08 June 2026
NOTICE UNDER SECTION 96(2A) OF THE ENTERPRISE ACT 2002
PUBLISHED PURSUANT TO SECTION 107(1)(I) OF THE ENTERPRISE
ACT 2002
The Competition and Markets Authority (CMA) hereby gives notice pursuant to section
96(2A) of the Enterprise Act 2002 (the Act) that the merger notice provided by eBay Inc.
and Depop Limited in relation to anticipated Acquisition by eBay Inc. of Depop Limited (the
Transaction) meets the requirements of section 96(2) of the Act.
The initial period defined in section 34ZA(3) of the Act in relation to the Transaction will
therefore commence on the first working day after the date of this notice, ie on 9 June
2026. The deadline for the CMA to announce its decision whether to refer the Merger for a
phase 2 investigation is therefore 6 August 2026.",https://www.gov.uk/cma-cases/ebay-slash-depop-merger-inquiry,,,,
1-A9-all-splits,6584,543f3f7b80f5784f388abfb165bb0924afa7b9a52db281458803488fac949a76,cma:publications#6584,test,CMA,publications,2026-08-25,Danone / Huel merger inquiry,A9,Market or operational notice,A14,P3,"The CMA has published a merger notice for Danone Holdings (UK)’s anticipated acquisition of Huel Limited. It starts the CMA’s initial review period and sets the phase 2 reference decision deadline for 11 September 2026. This is a competition-law notice affecting the parties to the transaction, not a conduct rule for firms generally.","The Cabot, 25 Cabot Square, London, E14 4QZ • Telephone 020 3738 6000 • Fax 020 3738 6067
• • Twitter @CMAgovUK
ANTICIPATED ACQUISITION BY DANONE HOLDINGS
(UK) OF HUEL LIMITED
NOTICE UNDER SECTION 96(2A) OF THE ENTERPRISE ACT 2002
PUBLISHED PURSUANT TO SECTION 107(1)(I) OF THE ENTERPRISE
ACT 2002
The Competition and Markets Authority (CMA) hereby gives notice pursuant to section
96(2A) of the Enterprise Act 2002 (the Act) that the merger notice provided by Danone
Holdings (UK) and Huel Limited in relation to the anticipated acquisition by Danone
Holdings (UK) of Huel Limited (the Transaction) meets the requirements of section 96(2)
of the Act.
The initial period defined in section 34ZA(3) of the Act in relation to the Transaction will
therefore commence on the first working day after the date of this notice, ie on 16 July
2026. The deadline for the CMA to announce its decision whether to refer the Merger for a
phase 2 investigation is therefore 11 September 2026.",https://www.gov.uk/cma-cases/danone-slash-huel-merger-inquiry,,,,
1-A9-all-splits,6582,ba0ebd6a0cf762755f71e6adc7fb240b61a8ce86644ebd432e1602a759182266,cma:publications#6582,test,CMA,publications,2026-08-26,The Brink’s Company / NCR Atleos Corporation merger inquiry,A9,Market or operational notice,A14,P3,"The UK CMA has published a notice confirming the merger notice for The Brink’s Company’s proposed acquisition of NCR Atleos Corporation meets statutory requirements. The CMA’s initial review period starts on 27 August 2026, and it must decide by 22 October 2026 whether to refer the merger for a phase 2 investigation.","The Cabot, 25 Cabot Square, London, E14 4QZ • Telephone 020 3738 6000 • Fax 020 3738 6067
• • Twitter @CMAgovUK
ANTICIPATED ACQUISITION BY THE BRINK’S
COMPANY OF NCR ATLEOS CORPORATION
NOTICE UNDER SECTION 96(2A) OF THE ENTERPRISE ACT
2002 PUBLISHED PURSUANT TO SECTION 107(1)(I) OF THE
ENTERPRISE ACT 2002
1. The Competition and Markets Authority (CMA) hereby gives notice pursuant to
section 96(2A) of the Enterprise Act 2002 (the Act) that the merger notice
provided by The Brink’s Company and NCR Atleos Corporation in relation to
anticipated acquisition by The Brink’s Company of NCR Atleos Corporation (the
Merger) meets the requirements of section 96(2) of the Act.
2. The initial period defined in section 34ZA(3) of the Act in relation to the Merger will
therefore commence on the first working day after the date of this notice, ie on 27
August 2026. The deadline for the CMA to announce its decision whether to refer
the Merger for a phase 2 investigation is therefore 22 October 2026.",https://www.gov.uk/cma-cases/the-brinks-company-slash-ncr-atleos-corporation-merger-inquiry,,,,
1-A9-all-splits,6560,4ac7d0bf84dea8b4beeffef16ac6169484b7295473f5f575375751a1531f2974,cma:publications#6560,test,CMA,publications,2026-09-15,Vandemoortele / Délifrance merger inquiry,A9,Market or operational notice,A14,P3,The CMA has published a merger notice for Vandemoortele’s anticipated acquisition of Délifrance and confirmed the phase 1 review timetable under the Enterprise Act 2002. The initial period starts on 13 October 2025 and the CMA’s referral deadline is 8 December 2025. This is a market/operational notice for the parties and does not impose bank compliance obligations.,"The Cabot, 25 Cabot Square, London, E14 4QZ • Telephone 020 3738 6000 • Fax 020 3738 6067
• • Twitter @CMAgovUK
ANTICIPATED ACQUISITION BY VANDEMOORTELE
GROUP OF DELIFRANCE S.A.
NOTICE UNDER SECTION 96(2A) OF THE ENTERPRISE ACT
2002 PUBLISHED PURSUANT TO SECTION 107(1)(I) OF THE
ENTERPRISE ACT 2002
1. The Competition and Markets Authority (CMA) hereby gives notice pursuant to
section 96(2A) of the Enterprise Act 2002 (the Act) that the merger notice
provided by Vandemoortele Group (Vandemoortele) and Délifrance S.A.
(Délifrance) in relation to the anticipated acquisition by Vandemoortele of
Délifrance (the Merger) meets the requirements of section 96(2) of the Act.
2. The initial period defined in section 34ZA(3) of the Act in relation to the Merger will
therefore commence on the first working day after the date of this notice, ie on 13
October 2025. The deadline for the CMA to announce its decision whether to refer
the Merger for a phase 2 investigation is therefore 8 December 2025.",https://www.gov.uk/cma-cases/vandemoortele-slash-delifrance-merger-inquiry,,,,
1-A9-all-splits,5267,910f7c71d992b741a846fd4ef03336b6d774133f350d726089935749478645ad,fdic:notices#5267,train,FDIC,notices,2022-01-11,Notice of Inflation Adjustments for Civil Money Penalties,A9,Market or operational notice,,P3,The FDIC published its 2022 inflation-adjusted maximum civil money penalties for FDIC-administered violations. The updated amounts apply to penalties assessed after 2022-01-15 for conduct on or after 2015-11-02. Firms supervised by the FDIC should use the revised penalty ceilings when assessing enforcement exposure.,"FEDERAL DEPOSIT INSURANCE CORPORATION
RIN 3064-ZA29
Notice of Inflation Adjustments for Civil Money Penalties
AGENCY:
Federal Deposit Insurance Corporation.
ACTION:
Notice of monetary penalties 2022.
SUMMARY:
The Federal Deposit Insurance Corporation is providing notice of its maximum civil money penalties as adjusted for inflation.
DATES:
The adjusted maximum amounts of civil money penalties in this notice are applicable to penalties assessed after January 15, 2022, for conduct occurring on or after November 2, 2015.
FOR FURTHER INFORMATION CONTACT:
Graham N. Rehrig, Senior Attorney, Legal Division, (703) 314-3401,
;
Federal Deposit Insurance Corporation, 550 17th Street NW, Washington, DC 20429.
SUPPLEMENTARY INFORMATION:
This notice announces changes to the maximum amount of each civil money penalty (CMP) within the Federal Deposit Insurance Corporation's (FDIC) jurisdiction to administer to account for inflation under the Federal Civil Penalties Inflation Adjustment Act of 1990 (1990 Adjustment Act),
as amended by the Federal Civil Penalties Inflation Adjustment A",https://www.federalregister.gov/documents/2022/01/11/2022-00286/notice-of-inflation-adjustments-for-civil-money-penalties,,,,
1-A9-all-splits,5195,0237e2752ac8dc08314df80605c2a1a4db9517f0216dd634b0bf4e4b69c3ffed,fdic:notices#5195,train,FDIC,notices,2022-10-24,Designated Reserve Ratio for 2023,A9,Market or operational notice,,P1,"The FDIC published its annual notice that the Designated Reserve Ratio for the Deposit Insurance Fund will remain at 2% for 2023. This applies to FDIC-insured banks and affects deposit insurance fund assessment settings, with no amendment needed to the existing regulation.","FEDERAL DEPOSIT INSURANCE CORPORATION
Designated Reserve Ratio for 2023
AGENCY:
Federal Deposit Insurance Corporation.
ACTION:
Notice of Designated Reserve Ratio for 2023.
SUMMARY:
Pursuant to the Federal Deposit Insurance Act (FDI Act), the Board of Directors (Board) of the Federal Deposit Insurance Corporation (FDIC) designates that the Designated Reserve Ratio (DRR) for the Deposit Insurance Fund shall remain at 2 percent for 2023. The Board is publishing this notice as required by the FDI Act.
FOR FURTHER INFORMATION CONTACT:
Ashley Mihalik, Chief, Banking and Regulatory Policy Section, Division of Insurance and Research, 202-898-3793,
;
Daniel Hoople, Chief, Fund Analysis and Pricing Section, Division of Insurance and Research, 202-898-3835,
;
or Kathryn Marks, Counsel, Legal Division, 202-898-3896,
.
SUPPLEMENTARY INFORMATION:
Pursuant to the FDI Act, the Board designates that the DRR for the Deposit Insurance Fund shall remain at 2 percent for 2023. The Board is publishing this notice as required by section 7(b)(3)(A)(i) of the F",https://www.federalregister.gov/documents/2022/10/24/2022-22987/designated-reserve-ratio-for-2023,,,,
1-A9-all-splits,5177,e19e319e2ac662f22c84edebc88ec9f92fed0bf5cf7d3869ab33d46358d46fb7,fdic:notices#5177,train,FDIC,notices,2023-02-01,Notice to All Interested Parties of Intent To Terminate Receiverships,A9,Market or operational notice,,P3,"The FDIC gives notice that it intends to terminate receiverships for a list of failed banks after liquidation is complete. Comments must be submitted in writing within 30 days of the notice date; the termination becomes effective no sooner than 30 days after the notice date. This is an informational market/operational notice, not a new rule.","FEDERAL DEPOSIT INSURANCE CORPORATION
Notice to All Interested Parties of Intent To Terminate Receiverships
Notice is hereby given that the Federal Deposit Insurance Corporation (FDIC or Receiver), as Receiver for the institutions listed below, intends to terminate its receivership for said institutions.
Notice of Intent To Terminate Receiverships
Fund
Receivership name
City
State
Date of
appointment of receiver
10013
Silver State Bank
Henderson
NV
09/05/2008
10025
First Georgia Community Bank
Jackson
GA
12/05/2008
10027
Haven Trust Bank
Duluth
GA
12/12/2008
10029
Bank of Clark County
Vancouver
WA
01/16/2009
10032
Ocala National Bank
Ocala
FL
01/30/2009
10050
New Frontier Bank
Greeley
CO
04/10/2009
10055
First Bank of Idaho, FSB
Ketchum
ID
04/24/2009
10056
Michigan Heritage Bank
Farmington Hills
MI
04/24/2009
10058
Citizens Community Bank
Ridgewood
NJ
05/01/2009
10060
Westsound Bank
Bremerton
WA
05/08/2009
10068
Community Bank of West Georgia
Villa Rica
GA
06/26/2009
10095
Integrity Bank
Jupiter
FL
07/31/2009
10102
Union Bank, NA
Gilbert
AZ
08/14/2009
10329
Enterprise Banking Co
McDo",https://www.federalregister.gov/documents/2023/02/01/2023-02115/notice-to-all-interested-parties-of-intent-to-terminate-receiverships,,,,
1-A9-all-splits,5152,03395c1fbf35ec3206513c31653144ae0c2fb14367ca93e0d47266df6402a428,fdic:notices#5152,train,FDIC,notices,2023-05-22,Notice to All Interested Parties of Intent To Terminate Receiverships,A9,Market or operational notice,,P3,The FDIC announced its intent to terminate receiverships for a list of failed US banks and savings banks after liquidation is complete. Interested parties may submit written comments within 30 days of the notice date. The termination will be effective no sooner than 30 days after the notice.,"FEDERAL DEPOSIT INSURANCE CORPORATION
Notice to All Interested Parties of Intent To Terminate Receiverships
Notice is hereby given
that the Federal Deposit Insurance Corporation (FDIC or Receiver), as Receiver for the institutions listed below, intends to terminate its receivership for said institutions.
Notice of Intent To Terminate Receiverships
Fund
Receivership name
City
State
Date of appointment of receiver
10021
Franklin Bank, SSB
Houston
TX
11/07/2008.
10047
FirstCity Bank
Stockbridge
GA
03/20/2009.
10048
Omni National Bank
Atlanta
GA
03/27/2009.
10053
American Southern Bank
Kennesaw
GA
04/24/2009.
10054
First Bank of Beverly Hills
Calabasas
CA
04/24/2009.
10064
Bank of Lincolnwood
Lincolnwood
IL
06/05/2009.
10100
Community Bank of Nevada
Las Vegas
NV
08/14/2009.
10101
Community Bank of Arizona
Phoenix
AZ
08/14/2009.
10120
Irwin Union Bank & Trust Co
Columbus
IN
09/18/2009.
10180
Community Bank & Trust
Cornelia
GA
01/29/2010.
10195
The Park Avenue Bank
New York
NY
03/12/2010.
10205
Desert Hills Bank
Phoenix
AZ
03/26/2010.
10217
Tamalpais Bank
San Rafael
CA
04/16/2010.
10224
Wh",https://www.federalregister.gov/documents/2023/05/22/2023-10838/notice-to-all-interested-parties-of-intent-to-terminate-receiverships,,,,
1-A9-all-splits,5019,e6ab7c5c5a0915ae8f4eb4623f9e65aae3c15a8e1abd31893e9252ddc6a460f6,fdic:notices#5019,train,FDIC,notices,2024-10-22,Designated Reserve Ratio for 2025,A9,Market or operational notice,,P1,"The FDIC notified that the Designated Reserve Ratio for the Deposit Insurance Fund will remain at 2% for 2025. No regulatory text was amended, but the ratio setting is an applicable FDIC requirement for insured deposit institutions.","FEDERAL DEPOSIT INSURANCE CORPORATION
Designated Reserve Ratio for 2025
AGENCY:
Federal Deposit Insurance Corporation.
ACTION:
Notice of Designated Reserve Ratio for 2025.
SUMMARY:
Pursuant to the Federal Deposit Insurance Act (FDI Act), the Board of Directors (Board) of the Federal Deposit Insurance Corporation (FDIC) designates that the Designated Reserve Ratio (DRR) for the Deposit Insurance Fund shall remain at 2 percent for 2025.
The Board is publishing this notice as required by the FDI Act.
FOR FURTHER INFORMATION CONTACT:
Ashley Mihalik, Associate Director, Financial Risk Management, Division of Insurance and Research, 202-898-3793,
;
Daniel Hoople, Chief, Fund Analysis and Pricing Section, Division of Insurance and Research, 202-898-3835,
;
or Kathryn Marks, Counsel, Legal Division, 202-898-3896,
.
SUPPLEMENTARY INFORMATION:
Pursuant to the FDI Act, the Board designates that the DRR for the Deposit Insurance Fund shall remain at 2 percent for 2025. The Board is publishing this notice as required by section 7(b)(3)(A)(i) of the",https://www.federalregister.gov/documents/2024/10/22/2024-24438/designated-reserve-ratio-for-2025,,,,
1-A9-all-splits,5020,0619b627dd4c32fed41f3791a21427cd83ab4371a95437ef6fc19f147e9e65cc,fdic:notices#5020,train,FDIC,notices,2024-10-22,Notice of Meeting Held With Less Than Seven Days Advance Notice,A9,Market or operational notice,,P3,"The FDIC announced a Board meeting held on less than seven days’ notice and listed agenda items including a possible delay to the compliance date for amendments to the FDIC official sign and advertising rule. This is a meeting notice, not a rule change itself. It is mainly for awareness, with no direct obligation yet.","FEDERAL DEPOSIT INSURANCE CORPORATION
Notice of Meeting Held With Less Than Seven Days Advance Notice
TIME AND DATE:
10:00 a.m. on October 17, 2024.
PLACE:
The meeting was held in the FDIC Board Room, 550 17th Street NW, Washington, DC, and was webcast to the public.
STATUS:
Open to public observation via webcast.
MATTERS TO BE CONSIDERED:
Pursuant to the provisions of the “Government in the Sunshine Act” (5 U.S.C. 552b), notice is given that the Federal Deposit Insurance Corporation's Board of Directors met in open session to consider the following matters:
Summary Agenda
Designated Reserve Ratio for 2025.
Delay of Compliance Date for Subpart A Amendments to FDIC Official Sign and Advertising Rule.
Minutes of a Board of Directors' Meeting Previously Distributed.
Discussion Agenda
Briefing:
Semi-annual Update on the Deposit Insurance Fund (DIF) Restoration Plan.
SUPPLEMENTARY INFORMATION:
In calling the meeting, the Board determined, on motion of Director Rohit Chopra (Director, Consumer Financial Protection Bureau), seconded by Director Michael J. Hsu (Acting Comptroller of the Curr",https://www.federalregister.gov/documents/2024/10/22/2024-24436/notice-of-meeting-held-with-less-than-seven-days-advance-notice,,,,
1-A9-all-splits,2222,65e61e6cbed93b8d73fcbfd65678185b9caf198626ec82f84034d3bf5993cfe4,fdic:notices#2222,train,FDIC,notices,2026-01-07,Community Reinvestment Act Regulations Asset-Size Thresholds,A9,Market or operational notice,,P3,"The FDIC and Federal Reserve announced updated 2026 CRA asset-size thresholds for defining small bank and intermediate small bank. The thresholds apply from 2026-01-07 through 2026-12-31 and affect which banks are subject to the related CRA performance standards. This is an annual inflation adjustment notice, not a new rulemaking.","FEDERAL RESERVE SYSTEM
FEDERAL DEPOSIT INSURANCE CORPORATION
Community Reinvestment Act Regulations Asset-Size Thresholds
AGENCY:
Board of Governors of the Federal Reserve System (Board); Federal Deposit Insurance Corporation (FDIC).
ACTION:
Announcement of 2026 asset-size thresholds.
SUMMARY:
Under their Community Reinvestment Act (CRA) regulations, the Board and the FDIC (collectively, the Agencies) annually adjust the asset-size thresholds used to define “small bank” and “intermediate small bank.” As required by the CRA regulations, the adjustment to the threshold amounts is based on the annual percentage change in the Consumer Price Index for Urban Wage Earners and Clerical Workers (CPI-W). Applying this annual inflation adjustment methodology, the Agencies are announcing that, from January 7, 2026 through December 31, 2026, “small bank” will mean a bank that, as of December 31 of either of the prior two calendar years, had assets of less than $1.649 billion; and “intermediate small bank” will mean a small bank with assets of at least $412 million as of December 31 of both of the",https://www.federalregister.gov/documents/2026/01/07/2026-00042/community-reinvestment-act-regulations-asset-size-thresholds,,,,
1-A9-all-splits,2184,3392c105f60b1f68902a42b7204639fd6ab45bc99db151e68e29f5b6a65bff76,fdic:notices#2184,val,FDIC,notices,2026-06-29,Sunshine Act Meetings,A9,Market or operational notice,,P3,"The FDIC announced a closed Board meeting under the Government in the Sunshine Act to consider resolution, supervision and corporate matters. It is an informational notice only and does not create requirements for firms.","FEDERAL DEPOSIT INSURANCE CORPORATION
Sunshine Act Meetings
TIME AND DATE:
2:24 p.m. on Thursday, June 25, 2026.
PLACE:
The meeting was held in the Board Room on the sixth floor of the FDIC Building located at 550 17th Street NW, Washington, DC.
STATUS:
Closed.
MATTERS TO BE CONSIDERED:
The Board of Directors of the Federal Deposit Insurance Corporation met to consider matters related to the Corporation's resolution, supervision, and corporate activities. In calling the meeting, the Board determined, on motion of Director Russell Vought (Acting Director, Consumer Financial Protection Bureau), seconded by Director Jonathan V. Gould (Comptroller of the Currency), by the unanimous vote of Chairman Travis Hill, Director Gould, and Director Vought, that Corporation business required its consideration of the matters which were to be the subject of this meeting on less than seven days' notice to the public; that no earlier notice of the meeting was practicable; that the public interest did not require consideration of the matters in a meeting open to public observation; and that the matters",https://www.federalregister.gov/documents/2026/06/29/2026-13115/sunshine-act-meetings,,,,
1-A9-all-splits,4104,607fb5b925a0ce69207812e712f5893a6ba010c998f4fce2f25b884cdb90ef22,ffiec:notices#4104,train,FFIEC,notices,2023-11-16,Appraisal Subcommittee; Notice of Meeting; Cancellation,A9,Market or operational notice,,P3,"The Appraisal Subcommittee cancelled its previously scheduled open meeting. No new requirements, deadlines, or substantive policy changes were announced.","FEDERAL FINANCIAL INSTITUTIONS EXAMINATION COUNCIL
[Docket No. AS23-19]
Appraisal Subcommittee; Notice of Meeting; Cancellation
AGENCY:
Appraisal Subcommittee of the Federal Financial Institutions Examination Council.
ACTION:
Notice of meeting; cancellation.
The Open Meeting, which was published in accordance with Section 1104(b) of Title XI of the Financial Institutions Reform, Recovery, and Enforcement Act of 1989, as amended, at 88 FR 77320, November 9, 2023 and scheduled for Wednesday, November 15, 2023 at 10:00 a.m. ET, has been cancelled.
James R. Park,
Executive Director.
[FR Doc. 2023-25281 Filed 11-15-23; 8:45 am]
BILLING CODE 6700-01-P",https://www.federalregister.gov/documents/2023/11/16/2023-25281/appraisal-subcommittee-notice-of-meeting-cancellation,,,,
1-A9-all-splits,4922,47c706a7f5c82cea409a1f57c5126e7996729c4aad18a303e880dbf6593bc12a,frb:notices#4922,train,FRB,notices,2024-11-27,Federal Reserve Bank Services,A9,Market or operational notice,,P3,The Federal Reserve Board approved 2025 fee schedules for Federal Reserve priced services and the 2025 private-sector adjustment factor. The new fees take effect on 2025-01-01 and affect institutions that use Fed payment and settlement services.,"FEDERAL RESERVE SYSTEM
[Docket No. OP-1862]
Federal Reserve Bank Services
AGENCY:
Board of Governors of the Federal Reserve System.
ACTION:
Notice.
SUMMARY:
The Board of Governors of the Federal Reserve System (Board) has approved the private-sector adjustment factor (PSAF) for 2025 of $31.9 million and the 2025 fee schedules for Federal Reserve priced services and electronic access. These actions were taken in
accordance with the Monetary Control Act of 1980, which requires that, over the long run, fees for Federal Reserve priced services be established based on all direct and indirect costs, including the PSAF.
DATES:
The new fee schedules become effective January 1, 2025.
FOR FURTHER INFORMATION CONTACT:
For questions regarding the fee schedules: Ian Spear, Deputy Associate Director, (202) 452-3959; Anjana Ravi, Manager, (202) 530-6286; Division of Reserve Bank Operations and Payment Systems. For questions regarding the PSAF: Casey Clark, Associate Director, (202) 912-7978; Jamie Noonan, Assistant Director, (202) 530-6296; Grace Milbank, Lead Financial Institution Policy Analyst,",https://www.federalregister.gov/documents/2024/11/27/2024-27831/federal-reserve-bank-services,,,,
1-A9-all-splits,4648,5303c2bcf75ab10ee8517464e5df64f2242c5c7dceedc91eb7294163c3f8af2e,frb:notices#4648,train,FRB,notices,2025-11-17,Federal Reserve Action To Expand Fedwirer® Funds Service and National Settlement Service Operating Hours,A9,Market or operational notice,,P3,"The Federal Reserve announced it will expand Fedwire Funds Service hours to 22x6 and NSS hours to 21.5 hours per day, with implementation expected in 2028 or 2029. This is a service announcement, not a rule, and it has no immediate compliance deadline. Banks using U.S. payment rails should monitor the planned change and assess operational readiness.","FEDERAL RESERVE SYSTEM
[Docket No. OP-1870]
Federal Reserve Action To Expand Fedwirer® Funds Service and National Settlement Service Operating Hours
AGENCY:
Board of Governors of the Federal Reserve System.
ACTION:
Service Announcement.
SUMMARY:
The Board of Governors of the Federal Reserve System (Board) is announcing that the Federal Reserve Banks (Reserve Banks) will expand the operating hours for the Fedwirer Funds Service to 22 hours per day, 6 days per week, operating Sunday through Friday, including weekday holidays (22x6).
The Board is also announcing a corresponding expansion of the National Settlement Service's (NSS) operating hours to 21.5 hours per day, 6 days per week, operating Sunday through Friday, including weekday holidays, with NSS closing 30 minutes earlier than the Fedwire Funds Service. The Board expects the Reserve Banks to implement this expansion in 2028 or 2029 to ensure technological, operational, and industry readiness. The decision to expand operating hours is intended to support a wide range of payment activities, as well as the U.S. dollar's key role in",https://www.federalregister.gov/documents/2025/11/17/2025-19942/federal-reserve-action-to-expand-fedwirer-funds-service-and-national-settlement-service-operating,,,,
1-A9-all-splits,4622,1d1fd797e4151d4e90218181e3887d4b7b8e81fe0c66b7a0ea29ff93092ad3da,frb:notices#4622,train,FRB,notices,2025-12-09,Federal Reserve Bank Services,A9,Market or operational notice,,P3,"The Federal Reserve approved 2026 fee schedules for priced services and electronic access, effective 2026-01-01. It also announced service changes including a new Payee Name Verification tool, sunsets for some products, and expanded eligibility for an ACH receipt discount program. This is a market/operational notice for users of Federal Reserve services, not a new rule for banks.","FEDERAL RESERVE SYSTEM
[Docket No. OP-1873]
Federal Reserve Bank Services
AGENCY:
Board of Governors of the Federal Reserve System.
ACTION:
Notice.
SUMMARY:
The Board of Governors of the Federal Reserve System (Board) has approved the private-sector adjustment factor (PSAF) for 2026 of $34.1 million and the 2026 fee schedules for Federal Reserve priced services and electronic access. These actions were taken in accordance with the Monetary Control Act of 1980 (MCA), which requires that, over the long run, fees for Federal Reserve priced services be established based on all direct and indirect costs, including the PSAF.
DATES:
The new fee schedules become effective January 1, 2026.
FOR FURTHER INFORMATION CONTACT:
For questions regarding the fee schedules: Ian Spear, Deputy Associate Director, (202) 285-2732; Neha Contractor, Manager, (202) 568-0125; Baran Cansever, Senior Financial Institution Policy Analyst, (202) 580-9880; Division of Reserve Bank Operations and Payment Systems. For questions regarding the PSAF: Casey Clark, Associate Director, (202) 912-7978; Jamie Noonan, Assista",https://www.federalregister.gov/documents/2025/12/09/2025-22268/federal-reserve-bank-services,,,,
1-A9-all-splits,1992,8ff6f05b965ff439e4cd74e99999b757b4fc3b9b1f09688bb2507e7b12970050,frb:notices#1992,val,FRB,notices,2026-07-13,Inflation Adjustments for Civil Money Penalties,A9,Market or operational notice,,P3,The Federal Reserve Board says its civil money penalty amounts will not increase for 2026 and that the 2025 penalty levels in 12 CFR 263.65 remain in effect. This is a notice only and does not impose a new filing or compliance deadline.,"FEDERAL RESERVE SYSTEM
Inflation Adjustments for Civil Money Penalties
AGENCY:
Board of Governors of the Federal Reserve System.
ACTION:
Notice.
SUMMARY:
The Board of Governors of the Federal Reserve System (the “Board”) is providing notice that pursuant to the Federal Civil Penalties Inflation Adjustment Act Improvements Act of 2015 the Board's civil money penalty (“CMP”) amounts will not increase for 2026.
FOR FURTHER INFORMATION CONTACT:
Thomas Kelly, Senior Counsel, (202) 730-5276, Legal Division, Board of Governors of the Federal Reserve System, 20th Street and Constitution Avenue NW, Washington, DC 20551. For users of TDD-TYY, (202) 263-4869 or dial 711 from any telephone anywhere in the United States.
SUPPLEMENTARY INFORMATION:
Federal Civil Penalties Inflation Adjustment Act
The Federal Civil Penalties Inflation Adjustment Act of 1990, 28 U.S.C. 2461 note (“FCPIA Act”), requires federal agencies to adjust, by regulation, the CMPs within their jurisdiction to account for inflation. The Federal Civil Penalties Inflation Adjustment Act Improvements Act of 2015 (the “2015 Act”)
a",https://www.federalregister.gov/documents/2026/07/13/2026-14060/inflation-adjustments-for-civil-money-penalties,,,,
1-A9-all-splits,6335,453d50af693a8d2370e4268e0e48a398cb398c5f6b844abaed90eeff1ffa8d2e,hmt:news#6335,train,HMT,news,2026-01-27,Pubs and Live Music Venues Relief,A9,Market or operational notice,,P3,"HMT announced a 15% business rates relief for eligible pubs and live music venues in 2026-27, with bills then frozen in real terms for 2027-28 and 2028-29. The notice explains eligibility and examples for local authorities and affected businesses. No direct obligations are created for banks or financial firms.","News story

Pubs and Live Music Venues Relief

In 2026-27, all pubs and live music venues will benefit from a 15% business rates relief on top of the support announced at Budget 2025. Their bills will then be frozen in real terms for a further two years.

This was published under the
2024 to 2026 Starmer Labour government

Eligibility

Pubs

Relief will be awarded to pubs that meet all of the following characteristics:

a. is open to the general public,

b. allows free entry other than when occasional entertainment is provided,

c. allows drinking without requiring food to be consumed, and

d. permits drinks to be purchased at a bar.

For these purposes, the meaning of pub does not include:

a. Restaurants, cafes, nightclubs, snack bars,

b. Hotels, guesthouses, boarding houses,

c. sporting venues,

d. festival sites, theatres, concert halls, cinemas,

e. museums, exhibition halls, and

f. casinos

The proposed exclusions in the list in the paragraph above is not intended to be exhaustive and it will be for Local Authorities to determine those cases where eligibility is unclear. Loc",https://www.gov.uk/government/news/pubs-and-live-music-venues-relief,,,,
1-A9-all-splits,5401,7ba353ad34a3e39d0e7e18b5952cafbd505fd270d3cf0df413f81af78db8b467,ncua:notices#5401,train,NCUA,notices,2022-09-20,Sunshine Act Meetings,A9,Market or operational notice,,P3,"The NCUA announced an open Board meeting for 22 September 2022 and listed agenda items including a Share Insurance Fund quarterly report and items on credit union bylaws, member expulsion, and subordinated debt. This is a notice only and does not itself change requirements.","NATIONAL CREDIT UNION ADMINISTRATION
Sunshine Act Meetings
TIME AND DATE:
10:00 a.m., September 22, 2022.
PLACE:
Board Room, 7th Floor, Room 7047, 1775 Duke Street (All visitors must use Diagonal Road Entrance), Alexandria, VA 22314-3428.
STATUS:
This meeting will be open to the public.
MATTERS TO BE CONSIDERED:
1. Board Briefing, Share Insurance Fund Quarterly Report.
2. NCUA Rules and Regulations, Federal Credit Union Bylaws, Member Expulsion.
3. NCUA Rules and Regulations, Subordinated Debt.
CONTACT PERSON FOR MORE INFORMATION:
Melane Conyers-Ausbrooks, Secretary of the Board, Telephone: 703-518-6304.
Melane Conyers-Ausbrooks,
Secretary of the Board.
[FR Doc. 2022-20388 Filed 9-16-22; 11:15 am]
BILLING CODE 7535-01-P",https://www.federalregister.gov/documents/2022/09/20/2022-20388/sunshine-act-meetings,,,,
1-A9-all-splits,5382,6ea37fd8a65a54aa4e4dbbb1e74cc6d6d892aeab7938eeb70dfb8c17e4f0272b,ncua:notices#5382,train,NCUA,notices,2023-03-14,Sunshine Act Meetings,A9,Market or operational notice,,P3,NCUA announced an खुले public board meeting for 16 March 2023 and said one agenda item would be NCUA Rules and Regulations on subordinated debt. This is a meeting notice only; it does not itself change any requirements or set deadlines.,"NATIONAL CREDIT UNION ADMINISTRATION
Sunshine Act Meetings
TIME AND DATE:
10 a.m., Thursday, March 16, 2023.
PLACE:
Board Room, 7th Floor, Room 7B, 1775 Duke Street (All visitors must use Diagonal Road Entrance), Alexandria, VA 22314-3428.
STATUS:
This meeting will be open to the public.
MATTERS TO BE CONSIDERED:
1. NCUA Rules and Regulations, Subordinated Debt.
CONTACT PERSON FOR MORE INFORMATION:
Melane Conyers-Ausbrooks, Secretary of the Board, Telephone: 703-518-6304.
Melane Conyers-Ausbrooks,
Secretary of the Board.
[FR Doc. 2023-05266 Filed 3-10-23; 11:15 am]
BILLING CODE 7535-01-P",https://www.federalregister.gov/documents/2023/03/14/2023-05266/sunshine-act-meetings,,,,
1-A9-all-splits,2837,c84fbf01847c930abd29ab7fd18b110cf6126ac75be290234b41a8260ed2ab9b,ncua:notices#2837,train,NCUA,notices,2024-08-23,Sunshine Act Meetings,A9,Market or operational notice,,P3,"NCUA announced a closed Sunshine Act Board meeting on August 27, 2024 to consider a Board appeal. This is a meeting notice only and does not create or change obligations for credit unions or other firms.","NATIONAL CREDIT UNION ADMINISTRATION
Sunshine Act Meetings
TIME AND DATE:
1:00 p.m., Tuesday, August 27, 2024.
PLACE:
Board Room, 7th Floor, Room 7B, 1775 Duke Street (All visitors must use Diagonal Road Entrance), Alexandria, VA 22314-3428.
STATUS:
Closed.
MATTERS TO BE CONSIDERED:
1. Board Appeal. Closed pursuant to Exemption (8).
CONTACT PERSON FOR MORE INFORMATION:
Melane Conyers-Ausbrooks, Secretary of the Board, Telephone: 703-518-6304.
Melane Conyers-Ausbrooks,
Secretary of the Board.
[FR Doc. 2024-19029 Filed 8-21-24; 11:15 am]
BILLING CODE 7535-01-P",https://www.federalregister.gov/documents/2024/08/23/2024-19029/sunshine-act-meetings,,,,
1-A9-all-splits,2835,4ef25bf8a82649665df5446b924b2cba4eb2e889c2239ed1767ce565ecbf38ab,ncua:notices#2835,train,NCUA,notices,2024-09-17,Sunshine Act Meetings,A9,Market or operational notice,,P3,"NCUA published a Sunshine Act notice announcing an open Board meeting on 19 September 2024. The agenda includes a Share Insurance Fund quarterly report and two rulemaking topics, but the notice itself creates no obligations or deadlines for firms.","NATIONAL CREDIT UNION ADMINISTRATION
Sunshine Act Meetings
TIME AND DATE:
10:00 a.m., Thursday, September 19, 2024.
PLACE:
Board Room, 7th Floor, Room 7B, 1775 Duke Street (All visitors must use Diagonal Road Entrance), Alexandria, VA 22314-3428.
STATUS:
Open.
MATTERS TO BE CONSIDERED:
1. Board Briefing, Share Insurance Fund Quarterly Report.
2. NCUA Rules and Regulations, Simplification of Insurance Rules.
3. NCUA Rules and Regulations, Fair Hiring in Banking.
CONTACT PERSON FOR MORE INFORMATION:
Melane Conyers-Ausbrooks, Secretary of the Board, Telephone: 703-518-6304.
Melane Conyers-Ausbrooks,
Secretary of the Board.
[FR Doc. 2024-21255 Filed 9-13-24; 4:15 pm]
BILLING CODE 7535-01-P",https://www.federalregister.gov/documents/2024/09/17/2024-21255/sunshine-act-meetings,,,,
1-A9-all-splits,2806,7556264bae13829c5aa13f46afb578ac0f8b4d0604f63d565801f2970279f1ef,ncua:notices#2806,train,NCUA,notices,2025-07-07,Chartering and Field of Membership-Public Hearing; Community Charter Application for Area With a Population of 2.5 Million or More,A9,Market or operational notice,,P3,"NCUA has issued a notice of public hearing on Dade County Federal Credit Union’s request to expand its community charter to a proposed area with a population over 2.5 million. Interested parties may register and submit comments by 2025-08-26, and the hearing will take place on 2025-09-23. The notice describes hearing procedures and does not itself change any requirements.","NATIONAL CREDIT UNION ADMINISTRATION
Chartering and Field of Membership—Public Hearing; Community Charter Application for Area With a Population of 2.5 Million or More
AGENCY:
National Credit Union Administration (NCUA).
ACTION:
Notice of public hearing.
SUMMARY:
The NCUA will hold a public hearing on a request from Dade County Federal Credit Union, submitted on September 19, 2024, seeking to expand its existing community charter. The Census Bureau estimates the proposed community's population is 6,263,813 people. This public hearing is being held pursuant to the NCUA's Chartering and Field of Membership Manual, and the agency is requesting comments from interested stakeholders regarding whether the area qualifies as a well-defined local community.
DATES:
The public hearing will be held on September 23, 2025, at 1 p.m. Eastern. Interested parties seeking to make presentations during the hearing must register by August 26, 2025, to be placed on a list of presenters. The applicant along with no more than seven other interested parties may request to make presentations. The first six in",https://www.federalregister.gov/documents/2025/07/07/2025-12531/chartering-and-field-of-membership-public-hearing-community-charter-application-for-area-with-a,,,,
1-A9-all-splits,2797,857f79a77fb02892123c579735576df95a7c1af3e996900a7754fd00e1442336,ncua:notices#2797,train,NCUA,notices,2025-10-01,2025 Community Development Revolving Loan Fund,A9,Market or operational notice,,P3,"NCUA issued a notice of funding opportunity for 2025 technical assistance grants under the Community Development Revolving Loan Fund. It is open to eligible low-income-designated credit unions and sets application rules, eligibility criteria, and deadlines. Applications open 2025-10-15 and close 2025-12-16; inquiries close 2025-12-09.","NATIONAL CREDIT UNION ADMINISTRATION
2025 Community Development Revolving Loan Fund
AGENCY:
National Credit Union Administration (NCUA).
ACTION:
Notice of funding opportunity.
SUMMARY:
NCUA is issuing this Notice of Funding Opportunity (NOFO) to announce the availability of funding for technical assistance grants for low-income-designated credit unions (LIDs) through the Community Development Revolving Loan Fund (CDRLF). The CDRLF provides financial support that helps credit unions support the communities in which they operate.
SUPPLEMENTARY INFORMATION:
Table of Contents
Basic Information
Eligibility
Program Description
Application Contents and Format
Submission Requirements and Deadlines
Application Review Information
Award Notices
Post-Award Requirements and Administration
Basic Information
Funding Opportunity Title:
Community Development Revolving Loan Fund (CDRLF) Technical assistance grants.
Announcement Type:
Initial announcement.
Funding Opportunity Number:
NCUA-CDRLF-2025G.
Assistance Listing Number:
44.002.
Funding Details:
We expect the total amount of funding awarded will",https://www.federalregister.gov/documents/2025/10/01/2025-19091/2025-community-development-revolving-loan-fund,,,,
1-A9-all-splits,2795,86763189609c72c5eb29b719e0bfcad016cb31bd40a3f9e4e3e6cae189e39bfc,ncua:notices#2795,train,NCUA,notices,2025-10-27,The NCUA Staff Draft 2026-2027 Budget,A9,Market or operational notice,,P3,"The NCUA rescheduled the public hearing on its staff draft 2026-2027 budget from November 6, 2025 to November 5, 2025 at 1:00 p.m. Eastern. No substantive budget requirements changed; all other details and deadlines remain as previously published.","NATIONAL CREDIT UNION ADMINISTRATION
[NCUA-2025-0543]
The NCUA Staff Draft 2026-2027 Budget
AGENCY:
National Credit Union Administration (NCUA).
ACTION:
Notice.
SUMMARY:
The NCUA's staff draft “detailed business-type budget” for 2026 and 2027 was made available for public review in the
Federal Register
as required by federal statute on September 29, 2025 as docket number NCUA-2025-0543. The NCUA will hold an in-person budget hearing to discuss its staff draft budget. This notice is being issued to let the public know the hearing has been rescheduled to November 5, 2025 at 1 p.m. Eastern.
DATES:
The hearing date included in the notice published on October 21, 2025 (90 FR 48439) is changed to November 5, 2025, at 1 p.m. Eastern.
FOR FURTHER INFORMATION CONTACT:
Melissa L. Lowden, Acting Chief Financial Officer, National Credit Union Administration, 1775 Duke Street, Alexandria, Virginia 22314-3428, or telephone: (703) 518-1182.
SUPPLEMENTARY INFORMATION:
As noted in documents published on September 29, 2025 (90 FR 4664) and October 21, 2025 (90 FR 48439), the NCUA will hold a public he",https://www.federalregister.gov/documents/2025/10/27/2025-19659/the-ncua-staff-draft-2026-2027-budget,,,,
1-A9-all-splits,1722,048decd179203f2b205c6833455e37d9b3c06eadf7da57e790b90deb446d4fe9,occ:notices#1722,train,OCC,notices,2025-12-23,Agency Information Collection Activities: Information Collection Renewal; Comment Request; OCC Supplier Registration Form,A9,Market or operational notice,,P3,"The OCC is seeking comment on a revised OCC Supplier Registration Form under the Paperwork Reduction Act. The change updates the format of business classification information, but does not change the ability of suppliers to register. Comments are due by 2026-02-23.","DEPARTMENT OF THE TREASURY
Office of the Comptroller of the Currency
Agency Information Collection Activities: Information Collection Renewal; Comment Request; OCC Supplier Registration Form
AGENCY:
Office of the Comptroller of the Currency (OCC), Treasury.
ACTION:
ACTION: Notice and request for comment.
SUMMARY:
The OCC, as part of its continuing effort to reduce paperwork and respondent burden, invites comment on a continuing information collection, as required by the Paperwork Reduction Act of 1995 (PRA). In accordance with the requirements of the PRA, the OCC may not conduct or sponsor, and the respondent is not required to respond to, an information collection unless it displays a currently valid Office of Management and Budget (OMB) control number. The OCC is soliciting comment concerning a revision to its information collection titled, “OCC Supplier Registration Form.”
DATES:
Comments must be received by February 23, 2026.
ADDRESSES:
Commenters are encouraged to submit comments by email, if possible. You may submit comments by any of the following methods:
•
•
Mail:
Chief Coun",https://www.federalregister.gov/documents/2025/12/23/2025-23769/agency-information-collection-activities-information-collection-renewal-comment-request-occ-supplier,,,,
1-A9-all-splits,4167,f07d572d00cc46f67a3ea90c7215c09c96bb547958bdb6b81bb93b718de355f3,occ:news#4167,test,OCC,news,2026-08-31,OCC Issues Fourth Quarter 2026 and First Quarter 2027 CRA Evaluation Schedule,A9,Market or operational notice,A8,P3,"The OCC published a schedule of upcoming CRA evaluations for named banks across multiple US states, listing the month of examination. This is an informational notice only; it does not create new requirements, but firms listed should note the planned evaluation window.","Bank Name Date Address City State Zip
First National Bank Alaska 01/2027 101 West 36th Avenue Anchorage AK 99503
Citizens Business Bank, NA 02/2027 701 North Haven Avenue Ontario CA 91764
Asian Pacific National Bank 01/2027 333 West Valley Boulevard San Gabriel CA 91776
First National Bank, Cortez 02/2027 2258 East Main Street Cortez CO 81321
Santander Bank, NA 01/2027 824 North Market Street, Ste 100 Wilmington DE 19801
Wilmington Savings Fund Society, FSB 01/2027 WSFS Bank Center - 500 Delaware Avenue Wilmington DE 19801
Natbank NA 11/2026 4031 Oakwood Boulevard Hollywood FL 33020
First Century Bank, NA 01/2027 1731 North Elm Street Commerce GA 30529
Douglas National Bank 11/2026 211 East Ward Street Douglas GA 31533
Southeast First National Bank 11/2026 10144 Commerce Street Summerville GA 30747
Thomasville National Bank 02/2027 301 North Broad Street Thomasville GA 31792
Commercial Banking Company 11/2026 3462 North Valdosta Road Valdosta GA 31602
Hawaii National Bank 03/2027 45 North King Street Honolulu HI 96817
Clinton National Bank 11/2026 235 Sixth Avenue South Clinton IA 52",https://www.occ.gov/news-issuances/news-releases/2026/nr-occ-2026-73.html,,,,
1-A9-all-splits,5807,db6388502b71b75ab0db44951302b24993fc252632e2621a79cc34165da3c3f8,sec:notices#5807,val,SEC,notices,2026-07-16,Sunshine Act Meetings,A9,Market or operational notice,,P3,"The SEC announced a change to the timing of a previously scheduled closed Sunshine Act meeting, moving it from 2:00 p.m. to 1:30 p.m. on July 16, 2026. This is a meeting notice only and does not create any new obligations.","SECURITIES AND EXCHANGE COMMISSION
Sunshine Act Meetings
FEDERAL REGISTER CITATION OF PREVIOUS ANNOUNCEMENTS:
91 FR 42996, July 13, 2026.
PREVIOUSLY ANNOUNCED TIME AND DATE OF THE MEETING:
Thursday, July 16, 2026, at 2 p.m.
CHANGES IN THE MEETING:
The Closed Meeting scheduled for Thursday, July 16, 2026, at 2 p.m., has been changed to Thursday, July 16, 2026, at 1:30 p.m.
CONTACT PERSON FOR MORE INFORMATION:
For further information; please contact Vanessa A. Countryman from the Office of the Secretary at (202) 551-5400.
Authority:
5 U.S.C. 552b.
Dated: July 14, 2026.
Vanessa A. Countryman,
Secretary.
[FR Doc. 2026-14379 Filed 7-14-26; 4:15 pm]
BILLING CODE 8011-01-P",https://www.federalregister.gov/documents/2026/07/16/2026-14379/sunshine-act-meetings,,,,
1-A9-all-splits,5799,af8f82ff7590c01ffd848b94e111d17acfaae01c50aa6b55cbd4a7cdec3cf134,sec:notices#5799,val,SEC,notices,2026-07-17,"Self-Regulatory Organizations; NYSE Arca, Inc.; Notice of Filing and Immediate Effectiveness of Proposed Rule Change To Amend the NYSE Arca Equities Fees and Charges",A9,Market or operational notice,,P3,NYSE Arca gave notice that it had immediately filed a fee change to waive the Gross FOCUS Fee for ETP Holders from 2026-07-01 through 2026-12-31. The filing is effective immediately but is subject to SEC notice-and-comment; it affects exchange fee billing rather than creating a broad new compliance regime.,"SECURITIES AND EXCHANGE COMMISSION
[Release No. 34-105907; File No. SR-NYSEARCA-2026-72]
Self-Regulatory Organizations; NYSE Arca, Inc.; Notice of Filing and Immediate Effectiveness of Proposed Rule Change To Amend the NYSE Arca Equities Fees and Charges
July 14, 2026.
Pursuant to Section 19(b)(1)
of the Securities Exchange Act of 1934 (“Act”)
and Rule 19b-4 thereunder,
notice is hereby given that on July 1, 2026, NYSE Arca, Inc. (“NYSE Arca” or the “Exchange”) filed with the Securities and Exchange Commission (“Commission”) the proposed rule change as described in Items I, II, and III below, which Items have been prepared by the Exchange. The Commission is publishing this notice to solicit comments on the proposed rule change from interested persons.
15 U.S.C. 78s(b)(1).
15 U.S.C. 78a.
17 CFR 240.19b-4.
I. Self-Regulatory Organization's Statement of the Terms of Substance of the Proposed Rule Change
The Exchange proposes to amend the NYSE Arca Equities Fees and Charges (“Fee Schedule”) regarding the gross FOCUS fee charged to ETP Holders (“Gross FOCUS Fee”), effective July 1, 2026.",https://www.federalregister.gov/documents/2026/07/17/2026-14403/self-regulatory-organizations-nyse-arca-inc-notice-of-filing-and-immediate-effectiveness-of-proposed,,,,
1-A9-all-splits,5751,7673958f69fe0b4c4bc46bbe3476b9fee47b06127f4a61233611e188679d1232,sec:notices#5751,val,SEC,notices,2026-07-23,Self-Regulatory Organizations; MEMX LLC; Notice of Filing and Immediate Effectiveness of a Proposed Rule Change To Establish the Options Regulatory Fee (ORF) Under the New Methodology for Transactions That Occur on the Exchange,A9,Market or operational notice,,P1,"MEMX filed a proposed amendment to its options fee schedule to set an on-exchange Options Regulatory Fee rate of $0.0200 per contract side, effective immediately, and to tidy related fee text. The notice applies to MEMX members and options market participants trading on the exchange. No filing deadline is set, but the fee change is already effective under the exchange filing.","SECURITIES AND EXCHANGE COMMISSION
[Release No. 34-105952; File No. SR-MEMX-2026-21]
Self-Regulatory Organizations; MEMX LLC; Notice of Filing and Immediate Effectiveness of a Proposed Rule Change To Establish the Options Regulatory Fee (ORF) Under the New Methodology for Transactions That Occur on the Exchange
July 20, 2026.
Pursuant to Section 19(b)(1) of the Securities Exchange Act of 1934 (the “Act”),
and Rule 19b-4 thereunder,
notice is hereby given that on July 14, 2026, MEMX LLC (“MEMX” or the “Exchange”) filed with the Securities and Exchange Commission (the “Commission”) the proposed rule change as described in Items I and II below, which Items have been prepared by the Exchange. The Commission is publishing this notice to solicit comments on the proposed rule change from interested persons.
15 U.S.C. 78s(b)(1).
17 CFR 240.19b-4.
I. Self-Regulatory Organization's Statement of the Terms of Substance of the Proposed Rule Change
The Exchange is filing with the Commission a proposed rule change to amend the Exchange's fee schedule applicable to Members
(the “Fee Schedule”) pursu",https://www.federalregister.gov/documents/2026/07/23/2026-14862/self-regulatory-organizations-memx-llc-notice-of-filing-and-immediate-effectiveness-of-a-proposed,,,,
1-A9-all-splits,5557,a803d85462959c5cc2de1ab38aa482a9613f050d87902633080d643a6e90f778,sec:notices#5557,test,SEC,notices,2026-08-21,"Self-Regulatory Organizations; Nasdaq ISE, LLC; Notice of Filing and Immediate Effectiveness of Proposed Rule Change To Amend the Exchange's Rules at Options 7, Section 4 (Complex Order Fees and Rebates) and Section 6 (Other Options Fees and Rebates)",A9,Market or operational notice,A3,P3,Nasdaq ISE filed an immediately effective proposed rule change to amend its options fee and rebate schedule for complex orders and other options fees. The notice solicits public comments but does not itself impose a new compliance deadline in the text provided. It affects exchange participants trading options on Nasdaq ISE.,"SECURITIES AND EXCHANGE COMMISSION
[Release No. 34-106158; File No. SR-ISE-2026-46]
Self-Regulatory Organizations; Nasdaq ISE, LLC; Notice of Filing and Immediate Effectiveness of Proposed Rule Change To Amend the Exchange's Rules at Options 7, Section 4 (Complex Order Fees and Rebates) and Section 6 (Other Options Fees and Rebates)
August 18, 2026.
Pursuant to Section 19(b)(1) of the Securities Exchange Act of 1934 (“Act”),
and Rule 19b-4 thereunder
,
notice is hereby given that on August 6, 2026, Nasdaq ISE, LLC (“ISE” or “Exchange”) filed with the Securities and Exchange Commission (“SEC” or “Commission”) the proposed rule change as described in Items I, II, and III, below, which Items have been prepared by the Exchange. The Commission is publishing this notice to solicit comments on the proposed rule change from interested persons.
15 U.S.C. 78s(b)(1).
17 CFR 240.19b-4.
I. Self-Regulatory Organization's Statement of the Terms of Substance of the Proposed Rule Change
The Exchange proposes to amend the Exchange's Rules at Options 7, Section 4 (Complex Order Fees and Rebates) and Se",https://www.federalregister.gov/documents/2026/08/21/2026-17064/self-regulatory-organizations-nasdaq-ise-llc-notice-of-filing-and-immediate-effectiveness-of,,,,
1-A9-all-splits,5537,4bd4b323af471c63cd1e5d1a9ebcdcdeb68d692dd9d670d83e825a97622c5a7d,sec:notices#5537,test,SEC,notices,2026-08-26,Order Making Fiscal Year 2027 Annual Adjustments to Registration Fee Rates,A9,Market or operational notice,A1,P3,"The SEC announces the FY 2027 annual adjustment to securities registration fee rates, which affects issuers filing registration statements and related Exchange Act fee calculations. It updates the target fee collection amount and applies the statutory methodology for calculating the new rate. The order is effective for FY 2027; no firm-specific filing deadline is stated in the excerpt.","SECURITIES AND EXCHANGE COMMISSION
[Release Nos. 33-11436; 34-106170]
Order Making Fiscal Year 2027 Annual Adjustments to Registration Fee Rates
August 21, 2026.
I. Background
The Commission collects fees under various provisions of the securities laws. Section 6(b) of the Securities Act of 1933 (“Securities Act”) requires the Commission to collect fees from issuers on the registration of securities.
Section 13(e) of the Securities Exchange Act of 1934 (“Exchange Act”) requires the Commission to collect fees on specified purchases of securities.
Section 14(g) of the Exchange Act requires the Commission to collect fees on specified proxy solicitations and specified tender offers.
These provisions require the Commission to make annual adjustments to the applicable fee rates.
15 U.S.C. 77f(b).
15 U.S.C. 78m(e). Per section 13(e)(2), a purchase by or for the issuer or any person controlling, controlled by, or under common control with the issuer, or a purchase subject to control of the issuer or any such person, shall be deemed to be a purchase by the issuer for some or all purposes of s",https://www.federalregister.gov/documents/2026/08/26/2026-17421/order-making-fiscal-year-2027-annual-adjustments-to-registration-fee-rates,,,,
1-A9-all-splits,5526,2edeb9a928c25c3dc5369f605e72e4a28f84c5141888b9e22b3d55cef4295d26,sec:notices#5526,test,SEC,notices,2026-08-28,"Program for Allocation of Regulatory Responsibilities Pursuant to Rule 17d-2; Notice of Filing and Order Approving and Declaring Effective an Amendment to the Plan for the Allocation of Regulatory Responsibilities Among Cboe BZX Exchange, Inc., BOX Exchange, LLC, Cboe Exchange, Inc., Cboe C2 Exchange, Inc., Nasdaq ISE, LLC, Financial Industry Regulatory Authority, Inc., Miami International Securities Exchange, LLC, NYSE American LLC, NYSE Arca, Inc., The Nasdaq Stock Market LLC, Nasdaq Texas LLC, Nasdaq PHLX LLC, Nasdaq GEMX, LLC, Cboe EDGX Exchange, Inc., Nasdaq MRX, LLC, MIAX PEARL, LLC, MIAX Emerald, LLC, MIAX Sapphire, LLC, MEMX LLC, MX2 LLC and Investors Exchange LLC Concerning Options-Related Sales Practice Matters",A9,Market or operational notice,A14,P3,"The SEC approved and made effective an amended Rule 17d-2 plan allocating regulatory responsibilities among multiple U.S. options exchanges and FINRA for options-related sales practice matters. It affects how member-firm regulatory exams and enforcement duties are shared, but it does not create new substantive conduct requirements for firms. No compliance date is stated beyond the order becoming effective.","SECURITIES AND EXCHANGE COMMISSION
[Release No. 34-106186; File No. S7-966]
Program for Allocation of Regulatory Responsibilities Pursuant to Rule 17d-2; Notice of Filing and Order Approving and Declaring Effective an Amendment to the Plan for the Allocation of Regulatory Responsibilities Among Cboe BZX Exchange, Inc., BOX Exchange, LLC, Cboe Exchange, Inc., Cboe C2 Exchange, Inc., Nasdaq ISE, LLC, Financial Industry Regulatory Authority, Inc., Miami International Securities Exchange, LLC, NYSE American LLC, NYSE Arca, Inc., The Nasdaq Stock Market LLC, Nasdaq Texas LLC, Nasdaq PHLX LLC, Nasdaq GEMX, LLC, Cboe EDGX Exchange, Inc., Nasdaq MRX, LLC, MIAX PEARL, LLC, MIAX Emerald, LLC, MIAX Sapphire, LLC, MEMX LLC, MX2 LLC and Investors Exchange LLC Concerning Options-Related Sales Practice Matters
August 25, 2026.
Notice is hereby given that the Securities and Exchange Commission
(“Commission”) has issued an Order, pursuant to Section 17(d) of the Securities Exchange Act of 1934 (“Act”),
approving and declaring effective an amendment to the plan for allocating regulatory responsibility",https://www.federalregister.gov/documents/2026/08/28/2026-17548/program-for-allocation-of-regulatory-responsibilities-pursuant-to-rule-17d-2-notice-of-filing-and,,,,
1-A9-all-splits,5474,eea0df00a07631e6c7d8150bb37c75d410440eadc6a958d88c37dcc327d96523,sec:notices#5474,test,SEC,notices,2026-09-04,"Self-Regulatory Organizations; Cboe C2 Exchange, Inc.; Notice of Filing and Immediate Effectiveness of a Proposed Rule Change To Amend Its Fee Schedule To Implement an Exchange Order Entry Protocol Migration Program",A9,Market or operational notice,A3,P3,"Cboe C2 filed a fee-schedule change, immediately effective, to create an Order Entry Protocol Migration Program that can credit Trading Permit Holders for temporary backup logical ports used during exchange-initiated protocol migrations. The notice seeks SEC comments; no firm-wide compliance deadline is stated, but affected exchange participants should review eligibility and billing impacts.","SECURITIES AND EXCHANGE COMMISSION
[Release No. 34-106256; File No. SR-C2-2026-023]
Self-Regulatory Organizations; Cboe C2 Exchange, Inc.; Notice of Filing and Immediate Effectiveness of a Proposed Rule Change To Amend Its Fee Schedule To Implement an Exchange Order Entry Protocol Migration Program
September 1, 2026.
Pursuant to Section 19(b)(1) of the Securities Exchange Act of 1934 (“Act”)
and Rule 19b-4 thereunder,
notice is hereby given that on August 20, 2026, Cboe C2 Exchange, Inc. (the “Exchange” or “C2”) filed with the Securities and Exchange Commission (“Commission”) the proposed rule change as described in Items I, II, and III below, which Items have been prepared by the Exchange. The Commission is publishing this notice to solicit comments on the proposed rule change from interested persons.
15 U.S.C. 78s(b)(1).
17 CFR 240.19b-4.
I. Self-Regulatory Organization's Statement of the Terms of Substance of the Proposed Rule Change
Cboe C2 Exchange, Inc. (the “Exchange” or “C2”) proposes to amend its fee schedule to implement an Exchange Order Entry Protocol Migration Program. T",https://www.federalregister.gov/documents/2026/09/04/2026-18112/self-regulatory-organizations-cboe-c2-exchange-inc-notice-of-filing-and-immediate-effectiveness-of-a,,,,
1-A9-all-splits,5476,5e8ce2056237cfee6d0a4a7b92953cf0bea3dc5ea711f96bcf195f321d10cafb,sec:notices#5476,test,SEC,notices,2026-09-04,"Self-Regulatory Organizations; Cboe BZX Exchange, Inc.; Notice of Filing and Immediate Effectiveness of a Proposed Rule Change To Amend its Fee Schedule To Implement an Exchange Order Entry Protocol Migration Program",A9,Market or operational notice,A3,P3,"Cboe BZX filed and the SEC noticed an immediately effective fee schedule change to create an Order Entry Protocol Migration Program. Eligible members can receive credits for backup logical port fees during an exchange-initiated migration, subject to notification, cancellation, and credit-request conditions. No firm-wide regulatory deadline is set in the notice.","SECURITIES AND EXCHANGE COMMISSION
[Release No. 34-106252; File No. SR-CboeBZX-2026-069]
Self-Regulatory Organizations; Cboe BZX Exchange, Inc.; Notice of Filing and Immediate Effectiveness of a Proposed Rule Change To Amend its Fee Schedule To Implement an Exchange Order Entry Protocol Migration Program
September 1, 2026.
Pursuant to Section 19(b)(1) of the Securities Exchange Act of 1934 (“Act”)
and Rule 19b-4 thereunder,
notice is hereby given that on August 20, 2026 Cboe BZX Exchange, Inc. (the “Exchange” or “BZX”) filed with the Securities and Exchange Commission (“Commission”) the proposed rule change as described in Items I, II, and III below, which Items have been
prepared by the Exchange. The Commission is publishing this notice to solicit comments on the proposed rule change from interested persons.
15 U.S.C. 78s(b)(1).
17 CFR 240.19b-4.
I. Self-Regulatory Organization's Statement of the Terms of Substance of the Proposed Rule Change
Cboe BZX Exchange, Inc. (the “Exchange” or “BZX Options”) proposes to amend its fee schedule to implement an Exchange Order Entry Protocol Mig",https://www.federalregister.gov/documents/2026/09/04/2026-18110/self-regulatory-organizations-cboe-bzx-exchange-inc-notice-of-filing-and-immediate-effectiveness-of,,,,
1-A9-all-splits,3215,547815769d08126f5fee45a4dd5e7ac8b96ce42e747df1671b77fdc4394d6f49,sec:notices#3215,test,SEC,notices,2026-09-14,Sunshine Act Meetings,A9,Market or operational notice,A11,P3,"The SEC announced a change to the time of a previously scheduled closed Sunshine Act meeting, moving it from 2 p.m. to 3 p.m. on September 10, 2026. This is an informational meeting notice only and does not create obligations for firms.","SECURITIES AND EXCHANGE COMMISSION
Sunshine Act Meetings
FEDERAL REGISTER CITATION OF PREVIOUS ANNOUNCEMENT:
91 FR 57183, September 8, 2026.
PREVIOUSLY ANNOUNCED TIME AND DATE OF THE MEETING:
Thursday, September 10, 2026, at 2 p.m.
CHANGES IN THE MEETING:
The Closed Meeting scheduled for Thursday, September 10, 2026, at 2 p.m., has been changed to Thursday, September 10, 2026, at 3 p.m.
CONTACT PERSON FOR MORE INFORMATION:
For further information; please contact Vanessa A. Countryman from the Office of the Secretary at (202) 551-5400.
Authority:
5 U.S.C. 552b.
Dated: September 9, 2026.
Vanessa A. Countryman,
Secretary.
[FR Doc. 2026-18677 Filed 9-10-26; 11:15 am]
BILLING CODE 8011-01-P",https://www.federalregister.gov/documents/2026/09/14/2026-18677/sunshine-act-meetings,,,,
1-A9-all-splits,3221,c10dd83f96dd965d620d28bd7a0b2fba1b92b4f94461f2b196bcf6bc6985d74a,sec:notices#3221,test,SEC,notices,2026-09-14,"Self-Regulatory Organizations; Cboe EDGX Exchange, Inc.; Notice of Filing and Immediate Effectiveness of a Proposed Rule Change To Amend Its Fees Schedule",A9,Market or operational notice,A3,P3,"The SEC published notice that Cboe EDGX filed an immediately effective proposed rule change to amend its options fees schedule. The change adds MX2 to one routed customer fee code and increases a non-customer routing fee from $1.25 to $1.31 per contract, effective September 1, 2026. The filing also solicits public comments.","SECURITIES AND EXCHANGE COMMISSION
[Release No. 34-106311; File No. SR-CboeEDGX-2026-059]
Self-Regulatory Organizations; Cboe EDGX Exchange, Inc.; Notice of Filing and Immediate Effectiveness of a Proposed Rule Change To Amend Its Fees Schedule
September 9, 2026.
Pursuant to Section 19(b)(1) of the Securities Exchange Act of 1934 (the “Act”),
and Rule 19b-4 thereunder,
notice is hereby given that on September 1, 2026, Cboe EDGX Exchange, Inc. (the “Exchange” or “EDGX”) filed with the Securities and Exchange Commission (the “Commission”) the proposed rule change as described in Items I, II, and III below, which Items have been prepared by the Exchange. The Commission is publishing this notice to solicit comments on the proposed rule change from interested persons.
15 U.S.C. 78s(b)(1).
17 CFR 240.19b-4.
I. Self-Regulatory Organization's Statement of the Terms of Substance of the Proposed Rule Change
Cboe EDGX Exchange, Inc. (the “Exchange” or “EDGX”) proposes to amend its Fees Schedule to (i) add MX2 LLC (“MX2”) to fee code RP and (ii) increase the fee assessed under fee code RO. The t",https://www.federalregister.gov/documents/2026/09/14/2026-18663/self-regulatory-organizations-cboe-edgx-exchange-inc-notice-of-filing-and-immediate-effectiveness-of,,,,
1-A9-all-splits,5437,a6a6a785eb131cf74573d7c29d9230840a3941fc738ec8495278a711035e12da,sec:notices#5437,test,SEC,notices,2026-09-14,Agency Information Collection Activities; Submission for OMB Review; Comment Request; Extension: Rule 15b9-1,A9,Market or operational notice,A8,P3,"The SEC is seeking OMB review of an information collection tied to amended Rule 15b9-1 for broker-dealers relying on the stock-option order exemption. It does not itself change the rule, but it describes written policy and recordkeeping burdens for affected broker-dealers under the SEC’s existing exemption framework.","SECURITIES AND EXCHANGE COMMISSION
[OMB Control No. 3235-0743]
Agency Information Collection Activities; Submission for OMB Review; Comment Request; Extension: Rule 15b9-1
Upon Written Request, Copies Available From:
Securities and Exchange Commission, Office of FOIA Services, 100 F Street NE, Washington, DC 20549-2736.
Notice is hereby given that, pursuant to the Paperwork Reduction Act of 1 995 (44 U.S.C.§ 3501
et seq.
(“PRA”), the Securities and Exchange Commission (“SEC” or “Commission”) is submitting to the Office of Management and Budget (“OMB”) this request for extension of the proposed and collection of information provided for in Rule 15b9-1 (17 CFR 240.15b9-1), under the Securities Exchange Act of 1934 (“Act”) (15 U.S.C. 78a
et seq.
).
Section 15(b)(8) of the Act requires any broker or dealer registered with the Commission to become a member of a registered national securities association (“Association”) unless the broker or dealer effects transactions in securities solely on an exchange of which it is a member. This statutory provision sets forth a complementary self-regul",https://www.federalregister.gov/documents/2026/09/14/2026-18634/agency-information-collection-activities-submission-for-omb-review-comment-request-extension-rule,,,,
1-A9-all-splits,3152,140f41b70e8492a9a0d701891016feecfe8722ddcd12db887296b6a4706d8c15,sec:notices#3152,test,SEC,notices,2026-09-21,Joint Industry Plan; Notice of Filing and Immediate Effectiveness of Amendment to the National Market System Plan Governing the Consolidated Audit Trail To Add MX2 LLC as a Participant,A9,Market or operational notice,A14,P3,"The SEC published notice that an amendment to the CAT NMS Plan became immediately effective to add MX2 LLC as a participant. Interested persons may submit comments, and the Commission can abrogate the amendment within 60 days. This is mainly an operational market-structure notice for exchange participants, not a new substantive rule for firms.","SECURITIES AND EXCHANGE COMMISSION
[Release No. 34-106392; File No. 4-698]
Joint Industry Plan; Notice of Filing and Immediate Effectiveness of Amendment to the National Market System Plan Governing the Consolidated Audit Trail To Add MX2 LLC as a Participant
September 16, 2026.
Pursuant to Section 11A(a)(3) of the Securities Exchange Act of 1934 (“Exchange Act”)
and Rule 608 thereunder,
notice is hereby given that on September 3, 2026, MX2 LLC (“MX2” or the “Exchange”) filed with the Securities and Exchange Commission (“Commission”) an amendment to the National Market System Plan Governing the Consolidated Audit Trail (the “CAT NMS Plan” or “Plan”).
The amendment adds MX2 as a Participant
to the CAT NMS Plan. The Commission is publishing this notice to solicit comments on the amendment from interested persons.
15 U.S.C. 78k-1(a)(3).
17 CFR 242.608.
See
Securities Exchange Act Release No. 79318 (Nov. 15, 2016), 81 FR 84696 (Nov. 23, 2016).
The Participants to the CAT NMS Plan include 24X National Exchange, BOX Exchange LLC, Cboe BYX Exchange, Inc., Cboe BZX Exchange, Inc., Cboe C2 Ex",https://www.federalregister.gov/documents/2026/09/21/2026-19220/joint-industry-plan-notice-of-filing-and-immediate-effectiveness-of-amendment-to-the-national-market,,,,
1-A9-all-splits,7934,0c066a7f29320a12ade832e46f45fca41221f59d7f1def754374262a4dd988b1,treas:notices#7934,train,TREAS,notices,2025-07-31,Prompt Payment Interest Rate; Contract Disputes Act,A9,Market or operational notice,,P1,"The US Treasury’s Bureau of the Fiscal Service set the prompt payment interest rate at 4% per annum for late-payment interest under the Prompt Payment Act and Contract Disputes Act, applicable from 2025-07-01 to 2025-12-31. Firms that contract with US agencies should use this rate for calculating late-payment interest during that period.","DEPARTMENT OF THE TREASURY
Bureau of the Fiscal Service
Prompt Payment Interest Rate; Contract Disputes Act
AGENCY:
Bureau of the Fiscal Service, Treasury.
ACTION:
Notice of prompt payment interest rate; Contract Disputes Act.
SUMMARY:
For the period beginning July 1, 2025, and ending on December 31, 2025, the prompt payment interest rate is 4
per centum per annum.
DATES:
Applicable July 1, 2025, to December 31, 2025.
ADDRESSES:
Comments or inquiries may be mailed to: Alternative Payments Division, Bureau of the Fiscal Service, 801 9th Street NW, Washington, DC 20220. Comments or inquiries may also be emailed to
.
FOR FURTHER INFORMATION CONTACT:
Thomas M. Burnum, Alternative Payments Division, (202) 874-6430; or Ashlee Adams, Senior Counsel, Office of the Chief Counsel, (304) 480-8692.
SUPPLEMENTARY INFORMATION:
An agency that has acquired property or service from a business concern and has failed to pay for the complete delivery of property or service by the required payment date shall pay the business concern an interest penalty. 31 U.S.C. 3902(a).",https://www.federalregister.gov/documents/2025/07/31/2025-14441/prompt-payment-interest-rate-contract-disputes-act,,,,
1-A9-all-splits,7865,5aeea25d7054db12cc95c7ee82f988ed0d0c5922921313a45f51116f00bd96fc,treas:notices#7865,train,TREAS,notices,2025-09-25,Amendment of Notice of Funds Availability for Native American CDFI Assistance Program; Revised Application Submission Deadline,A9,Market or operational notice,,P3,"The Treasury CDFI Fund amended its Native American CDFI Assistance Program notice of funding availability. It removed climate-focused financing and some race-based eligible market references, revised the healthy foods definition, and set 27 October 2025 as the deadline for invited applicants to submit updates to their applications.","DEPARTMENT OF THE TREASURY
Community Development Financial Institutions Fund
Amendment of Notice of Funds Availability for Native American CDFI Assistance Program; Revised Application Submission Deadline
AGENCY:
Community Development Financial Institutions Fund, Department of the Treasury.
ACTION:
Notice, amendment, revised submission deadline.
SUMMARY:
The Community Development Financial Institutions Fund (CDFI Fund) is amending its Notice of Funds Availability (NOFA) inviting Applications for Financial Assistance (FA) or Technical Assistance (TA) awards for the Native American CDFI Assistance Program, which was published in the
Federal Register
on January 17, 2025. These amendments promote consistency with recent court decisions regarding race-based preferences and reflect the current Administration's priorities, as reflected in the President's executive orders. Applicants that submitted an Application under the NOFA do not need to withdraw or reapply. The amendments in this notice do not affect steps 1 through 3 of the CDFI Fund's scoring/evaluations process. Applicants that submi",https://www.federalregister.gov/documents/2025/09/25/2025-18560/amendment-of-notice-of-funds-availability-for-native-american-cdfi-assistance-program-revised,,,,
1-A9-all-splits,7866,f0756ed72f0a422125b76821298eb0bafdd07682a5a338abdc660da4855b4bd4,treas:notices#7866,train,TREAS,notices,2025-09-25,Amendment of Notice of Funds Availability for Community Development Financial Institutions Program; Revised Application Submission Deadline,A9,Market or operational notice,,P2,"The Treasury CDFI Fund amended its 2025 CDFI Program funding notice, removing climate-focused financing and some race-based eligible-market references, and revising the healthy foods definition. Applicants already submitted do not need to reapply, but those invited to update step-4 applications must do so by 2025-10-27.","DEPARTMENT OF THE TREASURY
Community Development Financial Institutions Fund
Amendment of Notice of Funds Availability for Community Development Financial Institutions Program; Revised Application Submission Deadline
AGENCY:
Community Development Financial Institutions Fund, Department of the Treasury.
ACTION:
Notice, amendment, revised submission deadline.
SUMMARY:
The Community Development Financial Institutions Fund (CDFI Fund) is amending its Notice of Funds Availability (NOFA) inviting Applications for Financial Assistance (FA) or Technical Assistance (TA) awards for the CDFI Program, which was published in the
Federal Register
on January 17, 2025. These amendments promote consistency with recent court decisions regarding race-based preferences and reflect the current Administration's priorities, as reflected in the President's executive orders. Applicants that submitted an Application under the NOFA do not need to withdraw or reapply. The amendments in this notice do not affect steps 1 through 3 of the CDFI Fund's scoring/evaluation process. Applicants that submitted an Applica",https://www.federalregister.gov/documents/2025/09/25/2025-18559/amendment-of-notice-of-funds-availability-for-community-development-financial-institutions-program,,,,
1-A9-all-splits,7836,d1ecc6eefd5def5cd366f0ea732c3a8221a78323755a1e0e7dd3606f82fc78ec,treas:notices#7836,train,TREAS,notices,2025-11-18,Interest Rate Paid on Cash Deposited To Secure U.S. Immigration and Customs Enforcement Immigration Bonds,A9,Market or operational notice,,P3,"Treasury announced the interest rate on cash deposited to secure U.S. Immigration and Customs Enforcement immigration bonds for the period October 1, 2025 to January 31, 2026. The rate is 3% per annum. This is a published notice only and does not impose new compliance requirements.","DEPARTMENT OF THE TREASURY
Interest Rate Paid on Cash Deposited To Secure U.S. Immigration and Customs Enforcement Immigration Bonds
AGENCY:
Departmental Offices, Treasury.
ACTION:
Notice.
SUMMARY:
For the period beginning October 1, 2025, and ending on January 31, 2026, the U.S. Immigration and Customs Enforcement Immigration Bond interest rate is 3 per centum per annum.
DATES:
Rates are applicable October 1, 2025, to January 31, 2026.
ADDRESSES:
Comments or inquiries may be mailed to Will Walcutt, Supervisor, Funds Management Branch, Funds Management Division, Fiscal Accounting, Bureau of the Fiscal Services, Parkersburg, West Virginia 26106-1328.
You can download this notice at the following internet addresses: <

> or <

>.
FOR FURTHER INFORMATION CONTACT:
Ryan Hanna, Manager, Funds Management Branch, Funds Management Division, Fiscal Accounting, Bureau of the Fiscal Service, Parkersburg, West Virginia 261006-1328 (304) 480-5120; Will Walcutt, Supervisor, Funds Management Branch, Funds Management Division, Fiscal Accounting, Bu",https://www.federalregister.gov/documents/2025/11/18/2025-20057/interest-rate-paid-on-cash-deposited-to-secure-us-immigration-and-customs-enforcement-immigration,,,,
1-A9-all-splits,7723,ad06882fdd11ff2d0541318baa99f0963b539afc8bc8656ed7e0c6a7af9aea36,treas:notices#7723,train,TREAS,notices,2026-01-14,Privacy Act of 1974; Matching Program,A9,Market or operational notice,,P3,"The IRS issued a notice establishing a new Privacy Act computer matching program to share tax return information with federal, state and local agencies for benefit eligibility and payment checks. Public comments are due within 30 days of Federal Register publication. If no comments are received, the re-established agreement is effective on 2026-01-15 and is expected to run through 2027-07-16.","DEPARTMENT OF THE TREASURY
Internal Revenue Service
Privacy Act of 1974; Matching Program
AGENCY:
Department of the Treasury, Internal Revenue Service.
ACTION:
Notice of a new Matching Program.
SUMMARY:
Pursuant to section 552a(e)(12) of the Privacy Act of 1974, as amended, and the Office of Management and Budget (OMB) Circular No. A-108, Federal Agency Responsibilities for Review, Reporting, and Publication under the Privacy Act, notice is hereby given of the conduct of the Internal Revenue Service (IRS) Disclosure of Information to Federal, State and Local Agencies (DIFSLA) Computer Matching Program.
DATES:
Comments on this matching notice must be received no later than 30 days after date of publication in the
Federal Register
. If no public comments are received during the period allowed for comment, the re-established agreement will be effective January 15, 2026 provided it is a minimum of 30 days after the publication date.
Beginning and ending dates:
The matches are conducted on an ongoing basis in accordance with the terms of the DIFSLA Computer Matching Agreement in effect wi",https://www.federalregister.gov/documents/2026/01/14/2026-00576/privacy-act-of-1974-matching-program,,,,
1-A9-all-splits,7680,33924d7b53f223e60022a570d17b99ef2de5a68b173a59bed65130103839e2e0,treas:notices#7680,train,TREAS,notices,2026-02-06,Establish New and Updated Prices for United States Mint Numismatic Products,A9,Market or operational notice,,P3,"The U.S. Mint announced updated retail prices for a range of numismatic products, effective 2026-01-20. This affects customers and distribution/product operations for Mint coin and medal products, but does not create regulatory obligations for banks or financial firms.","DEPARTMENT OF THE TREASURY
United States Mint
Establish New and Updated Prices for United States Mint Numismatic Products
AGENCY:
United States Mint, Department of the Treasury.
ACTION:
Notice.
SUMMARY:
The United States Mint is announcing new and updated pricing for its numismatic products in accordance with the table below, effective January 20, 2026:
Product
New retail price
2018 American Innovation $1 Proof Coin
$40.00
American Innovation $1 Reverse Proof Coin
40.00
American Innovation $1 25-Coin Roll (P or D)
61.00
American Innovation $1 100-COIN BAG
154.50
American Innovation $1 Proof Set
60.00
American Innovation $1 Reverse Proof Set
60.00
AWQ QTR 100-Coin Bag (P or D)
63.00
AWQ QTR 3-Roll Set (P, D, & S)
84.00
AWQ QTR Proof Set
44.00
AWQ QTR Silver Proof Set
130.00
Native American $1 25-Coin Roll (P or D)
61.00
Native American $1 250-Coin Box (P or D)
380.00
Native American $1 100-Coin Bag (P or D)
154.50
Kennedy Half-Dollar 200 Coin Bag (P&D)
180.00
Kennedy Half-Dollar 2-Roll Set (P&D)
60.00
American Eagle 1 oz Silver Proof Coin (W, S)
173.00
American Eagle 1 oz Silver Uncir",https://www.federalregister.gov/documents/2026/02/06/2026-02405/establish-new-and-updated-prices-for-united-states-mint-numismatic-products,,,,
1-A9-all-splits,7657,952a85a43f0c13dcd2a8dd5966ca1a4ebbe1be2ebd98e4d48f34dbc013016090,treas:notices#7657,train,TREAS,notices,2026-02-19,Public Meeting of the Citizens Coinage Advisory Committee,A9,Market or operational notice,,P3,"The United States Mint issued an amended notice for a Citizens Coinage Advisory Committee public meeting, adding review of a Semiquincentennial Gold Coin to the agenda and extending the public accommodation request deadline to 2026-02-20. This is a meeting notice, not a rule change, and it affects public participation rather than bank obligations.","DEPARTMENT OF THE TREASURY
United States Mint
Public Meeting of the Citizens Coinage Advisory Committee
ACTION:
Amended notice of meeting.
Notice is hereby given of an addition to the agenda for the public meeting of the Citizens Coinage Advisory Committee (CCAC) scheduled for February 24, 2026, which was published in the
Federal Register
on February 6, 2026, 91 FR 5555 Doc 2026-02310.
The meeting agenda is amended to add the following subject: review and discussion of a Semiquincentennial Gold Coin.
As stated in the original
Federal Register
notice, the meeting will be held remotely via videoconference. The
deadline for members of the public to request a reasonable accommodation to watch the CCAC meeting has been extended to February 20, 2026.
(Authority: 31 U.S.C. 5135(b)(8)(C).)
Eric Anderson,
Executive Secretary, United States Mint.
[FR Doc. 2026-03304 Filed 2-18-26; 8:45 am]
BILLING CODE 4810-37-P",https://www.federalregister.gov/documents/2026/02/19/2026-03304/public-meeting-of-the-citizens-coinage-advisory-committee,,,,
1-A9-all-splits,7642,73f0bc3fc8c833d69e2461624446fb3c07fd5585a4ad4069c233aabac1be1cd5,treas:notices#7642,train,TREAS,notices,2026-02-27,Establish Prices for 2026 United States Mint Precious Metal Products,A9,Market or operational notice,,P3,"The U.S. Mint announced updated 2026 pricing for numismatic gold, palladium and platinum products, including expanded pricing ranges and pricing for Best of the Mint products. Prices may change weekly based on the LBMA gold price average and are reviewed every Wednesday.","DEPARTMENT OF THE TREASURY
United States Mint
Establish Prices for 2026 United States Mint Precious Metal Products
AGENCY:
United States Mint, Department of the Treasury.
ACTION:
Notice.
SUMMARY:
The United States Mint is announcing an update to its Numismatic Pricing Grid, which includes expanded ranges for Gold, Palladium, and Platinum and adding pricing for the Best of the Mint products.
An excerpt of the grid appears below:
EN27FE26.003
The complete 2026 Pricing of Numismatic Gold, Commemorative Gold, Palladium, and Platinum Products Grid will be available at United States Mint Pricing Grid.
Pricing can vary weekly dependent upon the London Bullion Market Association (LBMA) gold price weekly average. The pricing for all United States Mint numismatic gold, palladium, and platinum products is evaluated every Wednesday and modified, as necessary.
FOR FURTHER INFORMATION CONTACT:
Derrick Griffin; United States Mint; 801 9th Street NW; Washington, DC 20220; or call (202) 354-7579.
Authority:
31 U.S.C. 5112 (i)(4)(C).
Eric Anderson,
Executive Secretary, United States Mint.
[FR Doc. 202",https://www.federalregister.gov/documents/2026/02/27/2026-03952/establish-prices-for-2026-united-states-mint-precious-metal-products,,,,
1-A9-all-splits,7618,c40aadc55b7cb9ec2118790ed3d39ed00b71de25a731d2c35b318b6b7acc4d46,treas:notices#7618,train,TREAS,notices,2026-03-10,Amendment of Notice of Funds Availability for Community Development Financial Institutions Program; Revised Application Submission Deadline,A9,Market or operational notice,,P1,The CDFI Fund revised the application submission deadline for eligible applicants in the FY 2025 Community Development Financial Institutions Program. Applicants notified that they may update prior applications must now submit by 2026-04-10 at 11:59 p.m. ET. All other NOFA requirements remain unchanged.,"DEPARTMENT OF THE TREASURY
Community Development Financial Institutions Fund
Amendment of Notice of Funds Availability for Community Development Financial Institutions Program; Revised Application Submission Deadline
AGENCY:
Community Development Financial Institutions Fund, Department of the Treasury.
ACTION:
Revised submission deadline.
SUMMARY:
On January 17, 2025, the Community Development Financial Institutions Fund (CDFI Fund) published in the
Federal Register
(90 FR 6051) a Notice of Funds Availability (NOFA) inviting Applications for Financial Assistance (FA) or Technical Assistance (TA) awards under the Community Development Financial Institutions Program (CDFI Program) Fiscal Year (FY) 2025 Funding Round. On September 25, 2025, the CDFI Fund published amendments to the NOFA in the
Federal Register
(90 FR 46303). As specified in the NOFA amendments, Applicants that submitted an Application under the NOFA and that advanced to step 4 in the scoring/evaluation process were given an opportunity to update their Applications by 11:59 p.m. Eastern Time on October 27, 2025. However,",https://www.federalregister.gov/documents/2026/03/10/2026-04682/amendment-of-notice-of-funds-availability-for-community-development-financial-institutions-program,,,,
1-A9-all-splits,7581,50c3d113d2bfc41ae53badf9ff9a5a9e9d62bedea75f48394bc0be532f5f2d6b,treas:notices#7581,train,TREAS,notices,2026-04-06,Interest Rate Paid on Cash Deposited To Secure U.S. Immigration and Customs Enforcement Immigration Bonds,A9,Market or operational notice,,P3,"Treasury published the quarterly interest rate for cash deposited to secure U.S. Immigration and Customs Enforcement immigration bonds: 3% per annum for April 1, 2026 through June 30, 2026. This is an informational market/operational notice for affected bond cash holders; no new compliance obligation is created beyond applying the stated rate during the period.","DEPARTMENT OF THE TREASURY
Interest Rate Paid on Cash Deposited To Secure U.S. Immigration and Customs Enforcement Immigration Bonds
AGENCY:
Departmental Offices, Treasury.
ACTION:
Notice.
SUMMARY:
For the period beginning April 1, 2026, and ending on June 30, 2026, the U.S. Immigration and Customs Enforcement Immigration Bond interest rate is 3 per centum per annum.
DATES:
Rates are applicable April 1, 2026, to June 30, 2026.
ADDRESSES:
Comments or inquiries may be mailed to Will Walcutt, Supervisor, Funds Management Branch, Funds Management Division, Fiscal Accounting, Bureau of the Fiscal Services, Parkersburg, West Virginia 26106-1328.
You can download this notice at the following internet addresses: <

> or <

>.
FOR FURTHER INFORMATION CONTACT:
Ryan Hanna, Manager, Funds Management Branch, Funds Management Division, Fiscal Accounting, Bureau of the Fiscal Service, Parkersburg, West Virginia 261006-1328 (304) 480-5120; Will Walcutt, Supervisor, Funds Management Branch, Funds Management Division, Fiscal Accounting, Bureau of th",https://www.federalregister.gov/documents/2026/04/06/2026-06629/interest-rate-paid-on-cash-deposited-to-secure-us-immigration-and-customs-enforcement-immigration,,,,
1-A9-all-splits,7562,e6f98edb956ce7eaffd6244e351b1fd71c438d121f0236713dba7d30d9189e63,treas:notices#7562,train,TREAS,notices,2026-04-23,Application and Renewal Fees Imposed on Surety Companies and Reinsuring Companies; Increase in Fees Imposed,A9,Market or operational notice,,P1,"The US Treasury’s Bureau of the Fiscal Service increased the fees charged to surety companies and reinsuring companies for applications and annual renewals of authority/certification, effective January 1, 2026. Firms seeking or renewing Treasury recognition as surety or reinsurer should use the new fee schedule.","DEPARTMENT OF THE TREASURY
Bureau of the Fiscal Service
Application and Renewal Fees Imposed on Surety Companies and Reinsuring Companies; Increase in Fees Imposed
AGENCY:
Bureau of the Fiscal Service, Treasury.
ACTION:
Notice of fees imposed on surety companies and reinsuring companies.
SUMMARY:
The Department of the Treasury, Bureau of the Fiscal Service, is increasing the fees it imposes on and collects from surety companies and reinsuring companies, effective January 1, 2026.
FOR FURTHER INFORMATION CONTACT:
Melvin Saunders, at (304) 480-5108 or
;
or Bobbi McDonald, at (304) 480-7098 or
.
SUPPLEMENTARY INFORMATION:
The Independent Offices Appropriations Act of 1952 (IOAA), codified at 31 U.S.C. 9701, authorizes Federal agencies to establish fees for a service or thing of value provided by the agency to members of the public. Office of Management and Budget Circular A-25 allows agencies to impose user fees for services that confer a special benefit to identifiable recipients beyond those accruing to the general p",https://www.federalregister.gov/documents/2026/04/23/2026-07873/application-and-renewal-fees-imposed-on-surety-companies-and-reinsuring-companies-increase-in-fees,,,,
1-A9-all-splits,7475,c2efd1e9a0ec6c99a527ee3ded8bedf52205be20b7872005601675eef5c8154f,treas:notices#7475,val,TREAS,notices,2026-06-30,"Funding Opportunities: Bond Guarantee Program, FY 2026; Notice of Guarantee Availability",A9,Market or operational notice,,P3,"The U.S. Treasury CDFI Fund announced FY 2026 availability of up to $500 million of Bond Guarantee authority and invited Qualified Issuer and Guarantee Applications. Applications open on publication, with deadlines of 2026-07-07 for Qualified Issuer Applications, 2026-07-08 for Guarantee Applications, and 2026-07-02 for any CDFI Certification Application. It is an application notice, not a rule change.","DEPARTMENT OF THE TREASURY
Community Development Financial Institutions Fund
Funding Opportunities: Bond Guarantee Program, FY 2026; Notice of Guarantee Availability
Funding Opportunity Title:
Notice of Guarantee Availability (NOGA) inviting Qualified Issuer Applications and Guarantee Applications for the Community Development Financial Institutions (CDFI) Bond Guarantee Program.
Announcement Type:
Announcement of opportunity to submit Qualified Issuer Applications and Guarantee Applications.
Catalog of Federal Domestic Assistance (CFDA) Number:
21.011.
Dates:
Qualified Issuer Applications and Guarantee Applications may be submitted to the CDFI Fund starting on the date of publication of this NOGA. In order to be considered for the approval of a Guarantee in fiscal year (FY) 2026, Qualified Issuer Applications must be submitted by 11:59 p.m. Eastern Time (ET) on July 7, 2026 and Guarantee Applications must be submitted by 11:59 p.m. ET on July 8, 2026. If applicable, CDFI Certification Applications must be received by the CDFI Fund by 11:59 p.m. ET on July 2, 2026. Under FY 2026 auth",https://www.federalregister.gov/documents/2026/06/30/2026-13172/funding-opportunities-bond-guarantee-program-fy-2026-notice-of-guarantee-availability,,,,
1-A9-all-splits,4041,04de61f49f9965ebdd880c0636670c9ceefd2e1f6ea9914b35f2aea5173d6a07,treas:notices#4041,val,TREAS,notices,2026-07-07,Interest Rate Paid on Cash Deposited To Secure U.S. Immigration and Customs Enforcement Immigration Bonds,A9,Market or operational notice,,P3,"Treasury set the quarterly interest rate on cash deposited to secure U.S. Immigration and Customs Enforcement immigration bonds at 3% per annum for the period July 1, 2026 through September 30, 2026. This is a published rate notice for the stated period and does not impose a broader new rule for banks.","DEPARTMENT OF THE TREASURY
Interest Rate Paid on Cash Deposited To Secure U.S. Immigration and Customs Enforcement Immigration Bonds
AGENCY:
Departmental Offices, Treasury.
ACTION:
Notice.
SUMMARY:
For the period beginning July 1, 2026, and ending on September 30, 2026, the U.S. Immigration and Customs Enforcement Immigration Bond interest rate is 3 per centum per annum.
DATES:
Rates are applicable July 1, 2026, to September 30, 2026.
ADDRESSES:
Comments or inquiries may be mailed to Will Walcutt, Supervisor, Funds Management Branch, Funds Management Division, Fiscal Accounting, Bureau of the Fiscal Services, Parkersburg, West Virginia 26106-1328.
You can download this notice at the following internet addresses: <

> or <

>.
FOR FURTHER INFORMATION CONTACT:
Ryan Hanna, Manager, Funds Management Branch, Funds Management Division, Fiscal Accounting, Bureau of the Fiscal Service, Parkersburg, West Virginia 261006-1328 (304) 480-5120; Will Walcutt, Supervisor, Funds Management Branch, Funds Management Division, Fiscal Accounting, Bure",https://www.federalregister.gov/documents/2026/07/07/2026-13670/interest-rate-paid-on-cash-deposited-to-secure-us-immigration-and-customs-enforcement-immigration,,,,
1-A9-all-splits,4038,4e1dc7c4671df54664db323a1eff0bd7aabb0691998351870ba5030d83e91200,treas:notices#4038,val,TREAS,notices,2026-07-09,Prompt Payment Interest Rate; Contract Disputes Act,A9,Market or operational notice,,P1,"The U.S. Treasury’s Fiscal Service set the prompt payment interest rate at 4.75% per annum for July 1, 2026 through December 31, 2026. Federal agencies must use this rate when calculating late-payment interest penalties under the Prompt Payment Act and Contract Disputes Act for obligations accruing during that period.","DEPARTMENT OF THE TREASURY
Bureau of the Fiscal Service
Prompt Payment Interest Rate; Contract Disputes Act
AGENCY:
Bureau of the Fiscal Service, Treasury.
ACTION:
Notice of prompt payment interest rate; Contract Disputes Act.
SUMMARY:
For the period beginning July 1, 2026, and ending on December 31, 2026, the prompt payment interest rate is 4-3/4 per centum per annum.
DATES:
Applicable July 1, 2026, to December 31, 2026.
ADDRESSES:
Comments or inquiries may be mailed to: Alternative Payments Division, Bureau of the Fiscal Service, 801 9th Street NW, Washington, DC 20220. Comments or inquiries may also be emailed to
.
FOR FURTHER INFORMATION CONTACT:
Pavita Murthi, Alternative Payments Division, (202) 874-5303; or Ashlee Adams, Senior Counsel, Office of the Chief Counsel, (304) 480-8692.
SUPPLEMENTARY INFORMATION:
An agency that has acquired property or service from a business concern and has failed to pay for the complete delivery of property or service by the required payment date shall pay the business concern an interest penalty. 31 U.S.C. 3902(a)",https://www.federalregister.gov/documents/2026/07/09/2026-13903/prompt-payment-interest-rate-contract-disputes-act,,,,
1-A9-all-splits,4032,e7e0219c8b392c88a188845d918bbb93a497a7c81db7987762bbfed003d9e2d0,treas:notices#4032,val,TREAS,notices,2026-07-14,Establish Prices for 2026 United States Mint Gold & Silver Products,A9,Market or operational notice,,P3,"The U.S. Mint announced 2026 retail prices for three Freedom Ringing—Liberty Bell gold and silver products. This is an informational pricing notice for Mint products, with no compliance action or regulatory requirement for banks.","DEPARTMENT OF THE TREASURY
United States Mint
Establish Prices for 2026 United States Mint Gold & Silver Products
AGENCY:
United States Mint, Department of the Treasury.
ACTION:
Notice.
SUMMARY:
The United States Mint is announcing pricing for the Freedom Ringing—Liberty Bell One Ounce Gold Coin, One-Half Ounce Gold Coin & One-Half Ounce Silver Medal.
Product
2026 retail
price
Freedom Ringing—Liberty Bell One Ounce Gold Coin
$19,600
Freedom Ringing—Liberty Bell One-Half Ounce Gold Coin
10,050
Freedom Ringing—Liberty Bell One-Half Ounce Silver Medal
FOR FURTHER INFORMATION, CONTACT:
Ann Bailey; United States Mint; 801 9th Street NW, Washington, DC 20220; or call (202) 354-7662.
Authority and Public Law (Gold):
31 U.S.C. 5112(i)(4)(C).
Authority and Public Law (Silver):
31 U.S.C. 5111(a)(2).
Eric Anderson,
Executive Secretary, United States Mint.
[FR Doc. 2026-14129 Filed 7-13-26; 8:45 am]
BILLING CODE 4810-37-P",https://www.federalregister.gov/documents/2026/07/14/2026-14129/establish-prices-for-2026-united-states-mint-gold-and-silver-products,,,,
1-A9-all-splits,3998,e5da32191842e0bc077cae64ebec332848402827f6966df535f4092c15e64982,treas:notices#3998,test,TREAS,notices,2026-08-12,Establish Prices for 2026 United States Mint Numismatic Products,A9,Market or operational notice,A8,P3,"The US Mint announced retail prices for certain 2026 numismatic gold and clad products, effective 2026-08-14. It also noted that precious-metal product pricing may be adjusted weekly based on the LBMA gold price average.","DEPARTMENT OF THE TREASURY
United States Mint
Establish Prices for 2026 United States Mint Numismatic Products
AGENCY:
United States Mint, Department of the Treasury.
ACTION:
Notice.
SUMMARY:
The United States Mint is announcing pricing for United States Mint numismatic gold and clad products in accordance with the table below:
Product
Retail price
2026 Semiquincentennial President Donald J. Trump 24K One-Ounce Gold Proof Coin
TBD.
2026 Semiquincentennial President Donald J. Trump $1 Coin Rolls & Bags (25-Coin Roll)
$61.00.
2026 Semiquincentennial President Donald J. Trump $1 Coin Rolls & Bags (100-Coin Bag)
154.50.
The new numismatic product prices will be effective August 14, 2026.
The complete 2026 Pricing of Numismatic Gold, Commemorative Gold, Palladium, and Platinum Products Grid will be available at Pricing Grid for Precious Metal Products.
Pricing can vary weekly dependent upon the London Bullion Market Association (LBMA) gold price weekly average. The pricing for all United States Mint numismatic gold, palladium, and platinum products is evaluated every Wednesday and modifie",https://www.federalregister.gov/documents/2026/08/12/2026-16409/establish-prices-for-2026-united-states-mint-numismatic-products,,,,
1-A9-all-splits,3988,2c3efc5455cd931df383baa15d04a94ea09db6c36c42c98326197eaa4327fbff,treas:notices#3988,test,TREAS,notices,2026-08-21,Establish Price for 2026 Freedom 250 Race Medal,A9,Market or operational notice,A11,P3,"The U.S. Mint announced the price of $60 for the 2026 Freedom 250 Race Medal and said orders open on 2026-08-21 and run through 2026-09-04, subject to a 15,000-unit limit. This is a product availability notice, not a regulatory change.","DEPARTMENT OF THE TREASURY
United States Mint
Establish Price for 2026 Freedom 250 Race Medal
AGENCY:
United States Mint, Department of the Treasury.
ACTION:
Notice.
SUMMARY:
The United States Mint is announcing the price of $60 for the 2026 Freedom 250 Race Medal.
This product will be available to order beginning August 21, 2026, through September 4, 2026. This product will be made to demand based on orders received or is limited to 15,000 units.
FOR FURTHER INFORMATION CONTACT:
Ann Bailey, Product Management, United States Mint; 801 9th Street NW, Washington, DC 20220; or call 202-354-7601.
Authority:
31 U.S.C. 5111.
Eric Anderson,
Executive Secretary, United States Mint.
[FR Doc. 2026-17080 Filed 8-20-26; 8:45 am]
BILLING CODE 4810-37-P",https://www.federalregister.gov/documents/2026/08/21/2026-17080/establish-price-for-2026-freedom-250-race-medal,,,,
2-A10-test,6620,0d4bd787d7b9eb31f1b7a31a1902f837f179b0533bf8283d55cf216cddd49539,cma:publications#6620,test,CMA,publications,2026-08-03,Vets market investigation: draft substantive Order and Undertakings,A10,"Thematic review, multi-firm review or market study",A14,P2,"The CMA published a draft substantive order and consultation notice for its veterinary services market investigation. It would impose new requirements on veterinary businesses in the UK, including transparency, pricing, prescriptions, complaints and switching measures, and requires the RCVS to support and monitor compliance. This is a draft only, so firms should review the proposed remedies and prepare for possible implementation.","VETERINARY SERVICES FOR HOUSEHOLD PETS MARKET INVESTIGATION
The Veterinary Services Market Investigation Order 2026
Notice of intention to make an Order under sections 161 and 165 of, and
Schedule 10 to, the Enterprise Act 2002 and public consultation on the draft
Order
Introduction and background
1. On 23 May 2024, following a market review launched on 7 September 2023
and a consultation opened on 12 March 2024, the Competition and Markets
Authority (the CMA), in exercise of its powers under sections 131 and 133 of
the Enterprise Act 2002 (the Act), made a reference for a market investigation
in relation to the supply of Veterinary Services for Household Pets in the
United Kingdom.
2. On the same date, the CMA appointed from its panel a group of five
independent members (the Group) to conduct the market investigation and
publish a final report. The Group was required to decide whether any feature,
or combination of features, of each relevant market prevents, restricts or
distorts competition and thereby has an adverse effect on competition (AEC)
and, if so, what action should be tak",https://www.gov.uk/government/consultations/vets-market-investigation-draft-substantive-order-and-undertakings,,,,
2-A10-test,6613,e7eeed135104c7d094fe0a4eb938064a538a942fcf4bd50673a754d03eabc2c9,cma:publications#6613,test,CMA,publications,2026-08-11,Vivisol / Air Liquide (home oxygen services business) merger inquiry,A10,"Thematic review, multi-firm review or market study",A10,P2,"The CMA is inviting comments on Vivisol’s proposed acquisition of Air Liquide’s home oxygen services business in the UK. Interested parties can submit views during the phase 1 invitation-to-comment period, which closes in late September 2026. This is part of the CMA’s merger information-gathering process, not a final decision or binding rule.","Vivisol / Air Liquide (home oxygen services business) merger inquiry

The Competition and Markets Authority (CMA) is seeking views on the anticipated acquisition by Dolby Medical Home Respiratory Care Limited (Vivisol) of Air Liquide Healthcare Limited’s home oxygen services business.

Case type:

Mergers

Case state:

Open

Market sector:

Healthcare and medical equipment

Opened:

Statutory timetable

Date

Action

TBC

Deadline for phase 1 decision

TBC

Launch of merger inquiry

11 August 2026 to late September 2026

Invitation to comment (*)

(*) The CMA is inviting comments from any interested party. This case page will be updated when the CMA formally commences its phase 1 investigation.

Phase 1

Invitation to comment: Closes late September 2026

The CMA is issuing this ‘invitation to comment’ to allow interested parties to submit to the CMA any initial views on the impact that the transaction could have on competition in the UK. The CMA has not yet launched its formal investigation into this transaction. This invitation to comment is the first part of the CMA’s information-g",https://www.gov.uk/cma-cases/vivisol-slash-air-liquide-home-oxygen-services-business-merger-inquiry,,,,
2-A10-test,6610,3e8b6e973a747a87d92f475ade194a4b28f00e88d94d1a139c0fde8e0b2396f1,cma:publications#6610,test,CMA,publications,2026-08-12,Strategic review of CMA markets remedies,A10,"Thematic review, multi-firm review or market study",A10,P2,"The CMA is conducting a strategic review of 33 market remedies, with a provisional decision consultation open until 11 September 2026 and a final decision due in October 2026. It covers remedies across several sectors, including financial services. Firms affected by CMA undertakings or orders may want to assess whether any remedy changes could affect their business.","Strategic review of CMA markets remedies

The Competition and Markets Authority (CMA) is reviewing 33 markets remedies to assess whether they should be amended, removed or retained.

See all updates

Case type:

Reviews of orders and undertakings

Case state:

Open

Market sector:

Agriculture, environment and natural resources
,
Building and construction
,
Distribution and service industries
,
Energy
and
Financial services

Show 8 more

Food manufacturing
,
Healthcare and medical equipment
,
Motor industry
,
Pharmaceuticals
,
Recreation and leisure
,
Retail and wholesale
,
Telecommunications
, and
Transport

Opened:

Case timetable

Date

Action

October 2026

Final decision

Provisional decision published

Launch consultation published

This timetable was published in line with the CMA’s
Guidance on CMA market reviews, market studies, market investigations and the monitoring and review of market remedies
. We will publish any revisions to the timetable on this page.

Provisional decision consultation

12 August 2026: The CMA is
inviting views on the provisional decision on its stra",https://www.gov.uk/cma-cases/strategic-review-of-cma-markets-remedies,,,,
2-A10-test,6612,10ba2b10b43334d5e754068edc9b81ba3dc6d91e867daf850773d42c4e3ec3ca,cma:publications#6612,test,CMA,publications,2026-08-12,Provisional decision: strategic review of CMA markets remedies,A10,"Thematic review, multi-firm review or market study",A10,P2,"The CMA has published a provisional decision in its strategic review of legacy markets remedies, proposing to revoke, release or vary a range of existing Enterprise Act remedies and undertakings. The document is a consultation-style interim decision and does not itself change obligations yet. Firms affected by the named remedies should monitor the final order and any notice periods.","STRATEGIC REVIEW OF
MARKETS REMEDIES
Provisional decision
12 August 2026

© Crown copyright 2026
You may reuse this information (not including logos) free of charge in any format or
medium, under the terms of the Open Government Licence.
To view this licence, visit or
write to the Information Policy Team, The National Archives, Kew, London TW9 4DU, or

The Competition and Markets Authority has excluded from this published version
of the provisional decision information which the review group considers should
be excluded having regard to the three considerations set out in section 244 of
the Enterprise Act 2002 (specified information: considerations relevant to
disclosure). The omissions are indicated by []. Some numbers have been
replaced by a range. These are shown in square brackets. Non-sensitive wording
is also indicated in square brackets.

Summary ............................................................................................................................ 9
Notices of intention to revoke or release or vary",https://www.gov.uk/government/consultations/provisional-decision-strategic-review-of-cma-markets-remedies,,,,
2-A10-test,6603,061b27f1c44dcbf3ba6e7cfe70a9ee022295cc58835d2835e77a0bdc8d134e62,cma:publications#6603,test,CMA,publications,2026-08-14,nexfibre / Substantial merger inquiry,A10,"Thematic review, multi-firm review or market study",A10,P2,"The UK CMA has accepted a fast-track reference request and referred Liberty Global/Telefónica/InfraVia’s proposed acquisition of nexfibre’s target business to a phase 2 merger investigation under the Enterprise Act 2002. This is a competition-law procedural decision affecting the parties to the transaction, with no new substantive obligations for the wider market.","Anticipated Acquisition by Liberty Global,
Telefónica and InfraVia (through their
joint venture, nexfibre) of Substantial
Decision to refer
ME/7146/26
The Competition and Markets Authority (CMA)’s decision to refer under section 33 of the
Enterprise Act 2002 (the Act) given on 1 July 2026. Full text of the decision published on 1
July 2026.
INTRODUCTION
1. Opal JVco Limited (nexfibre) is a joint venture between Liberty Global Ltd
(Liberty Global), Telefónica S.A. (Telefónica), and Crown Infra Bidco Limited, an
entity wholly owned by funds managed by InfraVia Capital Partners (InfraVia).1
nexfibre Bidco Limited, an indirect subsidiary of nexfibre, has agreed to acquire
Substantial Topco Limited and its subsidiary undertakings, including Netomnia
Limited, Brsk Limited, Brsk ISP Limited and YouFibre Limited (together,
Substantial), pursuant to a Sale and Purchase Agreement dated 18 February
2026.2 The CMA refers to this acquisition as the Transaction. nexfibre and
Substantial are together referred to as the Parties.
FAST-TRACK REFERENCE
2. On 11 June 2026, the Parties requested, pursuan",https://www.gov.uk/cma-cases/nexfibre-slash-substantial-merger-inquiry,,,,
2-A10-test,6594,73869bd554b7d6b10f115cdcfdb4669bdbd1fcc53c0b023554fd093371e0ac2a,cma:publications#6594,test,CMA,publications,2026-08-20,FirstCash / Ramsdens merger inquiry,A10,"Thematic review, multi-firm review or market study",A3,P3,"The CMA has opened a Phase 1 merger inquiry and is inviting comments on FirstCash Holdings Inc.’s proposed acquisition of Ramsdens Holdings PLC. Interested parties can submit views on UK competition issues by 4 September 2026. This is an information-gathering step before any formal investigation, not a final decision or rule change.","FirstCash / Ramsdens merger inquiry

The Competition and Markets Authority (CMA) is seeking views on the anticipated acquisition by FirstCash Holdings Inc. of Ramsdens Holdings PLC.

Case type:

Mergers

Case state:

Open

Market sector:

Financial services

Opened:

Statutory timetable

Phase 1

Action

20 August 2026 to 4 September 2026

Invitation to comment (*)

(*) The CMA is inviting comments from any interested party. This case page will be updated when the CMA formally commences its phase 1 investigation.

Phase 1

Invitation to comment: Closes 4 September 2026

20 August 2026: The CMA is issuing this ‘invitation to comment’ to allow interested parties to submit to the CMA any initial views on the impact that the transaction could have on competition in the UK. The CMA has not yet launched its formal investigation into this transaction. This invitation to comment is the first part of the CMA’s information-gathering process.

To assist it with this assessment, the CMA invites comments on the transaction from any interested party.

Written representations about any competition",https://www.gov.uk/cma-cases/firstcash-slash-ramsdens-merger-inquiry,,,,
2-A10-test,6587,dfa274ea01a4844608d3edeaa6780bfc1bd339548646344ecceff89186ca3a90,cma:publications#6587,test,CMA,publications,2026-08-24,Referral of the proposed Scottish Zero Emission Truck Fund Scheme by Transport Scotland,A10,"Thematic review, multi-firm review or market study",A10,P3,The CMA’s Subsidy Advice Unit has opened a referral on Transport Scotland’s proposed Scottish Zero Emission Truck Fund. Third parties can submit comments by the deadline in the timetable. The report will assess whether the scheme complies with subsidy control requirements; no direct obligations are created for regulated firms.,"Referral of the proposed Scottish Zero Emission Truck Fund Scheme by Transport Scotland

The Subsidy Advice Unit (SAU) has accepted a request for a report providing advice to Transport Scotland concerning its proposed Scottish Zero Emission Truck Fund Scheme (the Scheme).

Case type:

SAU referral

Case state:

Open

Market sector:

Transport

Opened:

Administrative timetable

Date

Action

SAU’s report to be published

Deadline for receipt of any third-party submissions

Beginning of reporting period

Request from Transport Scotland

24 August 2026: The SAU has accepted a request for a report from Transport Scotland concerning the Scottish Zero Emission Truck Fund Scheme. This request relates to a Scheme of Particular Interest.

The SAU will prepare a report, which will provide an evaluation of Transport Scotland’s assessment of whether the Scheme complies with the subsidy control requirements (Assessment of Compliance). The SAU will complete its report within 30 working days.

Information about the scheme provided by Transport Scotland

Transport Scotland proposes to create a new",https://www.gov.uk/cma-cases/referral-of-the-proposed-scottish-zero-emission-truck-fund-scheme-by-transport-scotland,,,,
2-A10-test,6586,5ba3d2f9b8266ddb50fea26a584ff9e0030f0de84a3e1e4a17801c65e68b48dd,cma:publications#6586,test,CMA,publications,2026-08-25,Schlumberger / ChampionX merger inquiry,A10,"Thematic review, multi-firm review or market study",A3,P3,The CMA has published an invitation to comment on Schlumberger’s proposed acquisition of ChampionX. Interested parties can submit initial views by 2024-12-10. This is an early merger-review information-gathering step and does not itself impose new requirements on firms.,"ANTICIPATED ACQUISITION BY SCHLUMBERGER
LIMITED OF CHAMPIONX CORPORATION
INVITATION TO COMMENT: CLOSES ON 10 DECEMBER 2024
The Competition and Markets Authority (CMA) is considering whether it is or may be the
ca
se that this merger, if carried into effect, will result in the creation of a relevant merger
situation under the merger provisions of the Enterprise Act 2002 and, if so, whether the
creation of that situation may be expected to result in a substantial lessening of
co
mpetition within any market or markets in the United Kingdom for goods or ser vices.
The CMA is issu ing this pr eliminary ‘invitation to comment’ to allow interested parties to
submit to the CMA any initial views on the impact that the transaction could have on
competition in the UK. The CMA has not yet launched its formal investigation into this
transaction. This invit ation to comment is t he first part of the CMA’s information-gathering
process.
To assist it with this assessment, the CMA invites comments on the merger from any
interested party.
These comments should be provided by the deadline set out above",https://www.gov.uk/cma-cases/schlumberger-slash-championx-merger-inquiry,,,,
2-A10-test,6574,9612a6a707e2d8459159b3b645e9adcd0602248f8ca5737ecd453c5cb54a23b6,cma:publications#6574,test,CMA,publications,2026-09-04,Referral of the proposed Contracts for Difference for Renewables Allocation Round 8 scheme by DESNZ,A10,"Thematic review, multi-firm review or market study",A10,P2,"The CMA’s Subsidy Advice Unit has published its final report on DESNZ’s proposed Contracts for Difference Allocation Round 8 scheme for Great Britain. It evaluates the scheme against the Subsidy Control Act 2022 and describes changes to the AR8 scheme, including eligibility, technology categories and auction mechanics. It is an advisory report, not a binding rule, and no action date is set for firms.","Referral of the proposed Contracts for Difference for Renewables Allocation Round 8 scheme by DESNZ

The Subsidy Advice Unit (SAU) has published a report providing advice to the Department for Energy Security and Net Zero (DESNZ) concerning its proposed Contracts for Difference (CfD) Scheme Allocation Round 8 (AR8).

See all updates

Case type:

SAU referral

Case state:

Closed

Market sector:

Energy

Opened:

Closed:

Administrative timetable

Date

Action

SAU’s report published

Deadline for receipt of any third-party submissions

Beginning of reporting period

Final report

4 September 2026: The SAU has published its report providing advice to DESNZ concerning the proposed CfD Scheme AR8. The report sets out the SAU’s evaluation of DESNZ’s Assessment of Compliance of its proposed scheme with the requirements set out in the Subsidy Control Act 2022.

Final report
(4.9.26)

Request from DESNZ

29 July 2026: The SAU has accepted a request for a report from DESNZ concerning the proposed CfD Scheme AR8. This request relates to a Subsidy Scheme of Particular Interest.

The SAU will p",https://www.gov.uk/cma-cases/referral-of-the-proposed-contracts-for-difference-for-renewables-allocation-round-8-scheme-by-desnz,,,,
2-A12-test,6618,4324cb567855ead52c65e393788d389a743000b050bb062e81864ea6f1ab606f,cma:publications#6618,test,CMA,publications,2026-08-04,Google search fair ranking conduct requirement,A12,"Codified rulebook, handbook or code, point-in-time",A4,P1,"The CMA publishes interpretative notes explaining how Google must comply with its Fair Ranking Conduct Requirement for UK general search services. The notes clarify scope, non-discrimination, transparency and complaint-handling expectations, including ranking of organic results, AI search features and related search features. Google must use them for compliance reporting while the conduct requirement is in force.","INTERPRETATIVE NOTES
IN RELATION TO THE FAIR RANKING CONDUCT
REQUIREMENT
1. The following Interpretative Notes explain the Competition and Markets Authority
(CMA)’s interpretation of the Fair Ranking Conduct Requirement it has imposed
on Google.1
2. In accordance with the Digital Markets Competition Regime Guidance (the
Guidance), the CMA may publish interpretative notes to accompany a conduct
requirement or combination of conduct requirements to provide additional
information about the conduct requirement(s).2
3. The purpose of these Interpretative Notes is to provide greater clarity about the
CMA’s interpretation of the Fair Ranking Conduct Requirement, including the
conduct the CMA expects would likely comply with the Fair Ranking Conduct
Requirement and the conduct the CMA expects would be unlikely to comply with
the Fair Ranking Conduct Requirement, for the benefit of both Google and other
industry participants.
4. Although these Interpretative Notes provide information about the CMA’s
interpretation of the Fair Ranking Conduct Requirement, it will be open to Google
to take a di",https://www.gov.uk/find-digital-markets-measures/google-search-fair-ranking-conduct-requirement,,,,
2-A12-test,6577,975d239553b8b0b7535b964a08b66ce9bb337dc3999dc10b7fe4cf42f1f64573,cma:publications#6577,test,CMA,publications,2026-09-03,Merger assessment guidelines,A12,"Codified rulebook, handbook or code, point-in-time",A4,P1,"The CMA updated its merger assessment guidelines, replacing the section on merger efficiencies. The revised guidance takes effect on 3 September 2026 and applies to merger cases where the formal phase 1 investigation starts on or after that date.","Guidance

Merger assessment guidelines

The Competition and Markets Authority’s (CMA) approach to assessing mergers.

See all updates

Merger assessment guidelines

Merger assessment guidelines (printable version, September 2026)

Ref: CMA129

,
1.12 MB
,
87 pages

Merger assessment guidelines (printable version, March 2021)

,
1.25 MB
,
83 pages

These guidelines set out the CMA’s approach when investigating mergers.

The guidelines are designed to help businesses and their advisers assess if competition concerns might arise in a merger.

We updated these guidelines on 3 September 2026, after
reviewing how we assess rivalry-enhancing efficiencies
. The new version of the guidelines replaces the section on merger efficiencies. The rest of the guidelines are unchanged (except for changes to paragraph numbers where relevant).

The new guidelines will take effect from 3 September 2026 and will apply to cases where the formal phase 1 investigation commences on or after 3 September 2026.

We updated these guidelines on 18 March 2021 after
consulting on updates
.",https://www.gov.uk/government/publications/merger-assessment-guidelines,,,,
2-A12-test,2681,04e40c081ac833cfadf034ebb0c304150edfa43a7db9e61db92e59d3e053849e,ncua:final_rules#2681,test,NCUA,final_rules,2026-08-06,Chartering and Field of Membership for Federal Credit Unions-Interpretive Ruling and Policy Statement 10-1,A12,"Codified rulebook, handbook or code, point-in-time",A4,P1,"NCUA rescinds IRPS 10-1 as a separate policy for federal credit unions, because the Chartering Manual already contains the current chartering and field-of-membership requirements. The change does not alter substantive requirements, but it reduces the number of sources FCUs must consult. It is effective 2026-09-08.","NATIONAL CREDIT UNION ADMINISTRATION
12 CFR Part 701
RIN 3133-AF82
Chartering and Field of Membership for Federal Credit Unions—Interpretive Ruling and Policy Statement 10-1
AGENCY:
National Credit Union Administration (NCUA).
ACTION:
Final action.
SUMMARY:
The NCUA Board (Board) is rescinding Interpretive Ruling and Policy Statement (IRPS) 10-1. The Chartering and Field of Membership Manual (Chartering Manual) incorporates NCUA's current chartering requirements for federal credit unions (FCUs), making IRPS 10-1 unnecessary. This rescission reduces the burden for FCUs by limiting the number of sources that they must check to verify compliance with applicable requirements. After considering the public comments, the Board adopts the proposal without modification.
DATES:
This action is effective on September 8, 2026.
FOR FURTHER INFORMATION CONTACT:
Keisha Brooks, Attorney-Advisor, Office of General Counsel, at (703) 518-6540 or 1775 Duke Street, Alexandria, VA 22314.
SUPPLEMENTARY INFORMATION:
I. Introduction
A. Background
Since 1979, the Board has issued IRPS to address various genera",https://www.federalregister.gov/documents/2026/08/06/2026-16024/chartering-and-field-of-membership-for-federal-credit-unions-interpretive-ruling-and-policy,,,,
2-A12-test,5638,837f1ebdbfa80d09f4e3cec9c5551e8abc4007c0bab75c599f8f3fe9ffb0e43a,sec:notices#5638,test,SEC,notices,2026-08-11,"Self-Regulatory Organizations; MIAX PEARL, LLC; Notice of Filing and Immediate Effectiveness of a Proposed Rule Change To Amend Exchange Rule 3100, Interpretation and Policy .06, To Reduce the Waiting Periods for Retaking FINRA Qualification Examinations",A12,"Codified rulebook, handbook or code, point-in-time",A3,P1,MIAX Pearl filed and immediately made effective a rule change reducing the waiting periods for retaking failed FINRA qualification exams under Exchange Rule 3100. The change applies to Exchange members and associated persons who must pass representative or principal qualification exams. No separate compliance date is stated beyond immediate effectiveness.,"SECURITIES AND EXCHANGE COMMISSION
[Release No. 34-106049; File No. SR-PEARL-2026-37]
Self-Regulatory Organizations; MIAX PEARL, LLC; Notice of Filing and Immediate Effectiveness of a Proposed Rule Change To Amend Exchange Rule 3100, Interpretation and Policy .06, To Reduce the Waiting Periods for Retaking FINRA Qualification Examinations
August 6, 2026.
Pursuant to Section 19(b)(1) of the Securities Exchange Act of 1934 (“Act”)
and Rule 19b-4 thereunder,
notice is hereby given that on August 6, 2026, MIAX PEARL, LLC (“MIAX Pearl” or “Exchange”) filed with the Securities and Exchange Commission (“Commission”) the proposed rule change as described in Items I, II, and III below, which Items have been prepared by the Exchange. The Commission is publishing this notice to solicit comments on the proposed rule change from interested persons.
15 U.S.C. 78s(b)(1).
17 CFR 240.19b-4.
I. Self-Regulatory Organization's Statement of the Terms of Substance of the Proposed Rule Change
The Exchange proposes to amend Exchange Rule 3100, Interpretation and Policy .06, to reduce the waiting periods for",https://www.federalregister.gov/documents/2026/08/11/2026-16286/self-regulatory-organizations-miax-pearl-llc-notice-of-filing-and-immediate-effectiveness-of-a,,,,
2-A12-test,5606,f5fad7a1f94080e14322416990a57ad80c40e25b0f56c252c18feac3927b2983,sec:notices#5606,test,SEC,notices,2026-08-17,"Self-Regulatory Organizations; MIAX PEARL, LLC; Notice of Filing and Immediate Effectiveness of a Proposed Rule Change To Amend the MIAX Pearl Options Exchange Fee Schedule To Amend Certain Fees and Rebates Applicable to Transactions in Non-Penny Classes for Certain Origins",A12,"Codified rulebook, handbook or code, point-in-time",A3,P1,"MIAX Pearl filed a fee schedule amendment that immediately became effective under SEC exchange rule procedures. It changes maker rebates and taker fees for certain non-Penny options classes and origins. The change applies to MIAX Pearl options market participants, including market makers, firms, and other professional origins, with no separate compliance date stated in the notice.","SECURITIES AND EXCHANGE COMMISSION
[Release No. 34-106095; File No. SR-PEARL-2026-36]
Self-Regulatory Organizations; MIAX PEARL, LLC; Notice of Filing and Immediate Effectiveness of a Proposed Rule Change To Amend the MIAX Pearl Options Exchange Fee Schedule To Amend Certain Fees and Rebates Applicable to Transactions in Non-Penny Classes for Certain Origins
August 12, 2026.
Pursuant to Section 19(b)(1) of the Securities Exchange Act of 1934 (“Act”),
and Rule 19b-4 thereunder,
notice is hereby given that on July 31, 2026, MIAX PEARL, LLC (“MIAX Pearl” or “Exchange”) filed with the Securities and Exchange Commission (“Commission”) the proposed rule change as described in Items I, II, and III below, which Items have been prepared by the Exchange. The Commission is publishing this notice to solicit comments on the proposed rule change from interested persons.
15 U.S.C. 78s(b)(1).
17 CFR 240.19b-4.
I. Self-Regulatory Organization's Statement of the Terms of Substance of the Proposed Rule Change
The Exchange proposes to amend the MIAX Pearl Options Exchange Fee Schedule (“Fee Schedule”) t",https://www.federalregister.gov/documents/2026/08/17/2026-16694/self-regulatory-organizations-miax-pearl-llc-notice-of-filing-and-immediate-effectiveness-of-a,,,,
2-A12-test,5575,be9c42933565d5ad1fa93137be14c34118e3b400f0c8c55982ba2465cb648374,sec:notices#5575,test,SEC,notices,2026-08-19,"Self-Regulatory Organizations; The Nasdaq Stock Market LLC; Notice of Filing and Immediate Effectiveness of a Proposed Rule Change To Amend Equity 4, Rule 4120 Regarding Trading Halts",A12,"Codified rulebook, handbook or code, point-in-time",A3,P2,"Nasdaq has filed an immediately effective rule change to update and conform its Equity 4, Rule 4120 trading-halt framework before the previously approved version becomes operative. The change is for Nasdaq members, issuers and market participants, and the operative date is August 10, 2026; the SEC notice solicits comments on the filing.","SECURITIES AND EXCHANGE COMMISSION
[Release No. 34-106139; File No. SR-NASDAQ-2026-064]
Self-Regulatory Organizations; The Nasdaq Stock Market LLC; Notice of Filing and Immediate Effectiveness of a Proposed Rule Change To Amend Equity 4, Rule 4120 Regarding Trading Halts
August 14, 2026.
Pursuant to Section 19(b)(1) of the Securities Exchange Act of 1934 (“Act”),
and Rule 19b-4 thereunder,
notice is hereby given that on August 3, 2026, The Nasdaq Stock Market LLC (“Nasdaq” or “Exchange”) filed with the Securities and Exchange Commission (“SEC” or “Commission”) the proposed rule change as described in Items I and II below, which Items have been prepared by the Exchange. The Commission is publishing this notice to solicit comments on the proposed rule change from interested persons.
15 U.S.C. 78s(b)(1).
17 CFR 240.19b-4.
I. Self-Regulatory Organization's Statement of the Terms of Substance of the Proposed Rule Change
The Exchange proposes to amend the previously approved but not yet operative Equity 4, Rule 4120 to update that rule text to reflect intervening rule changes incorporated",https://www.federalregister.gov/documents/2026/08/19/2026-16856/self-regulatory-organizations-the-nasdaq-stock-market-llc-notice-of-filing-and-immediate,,,,
2-A12-test,5553,60576974687b1dcf8022c512ec3d65c3c5371979872ce6e21e4dffca6254f125,sec:notices#5553,test,SEC,notices,2026-08-24,Self-Regulatory Organizations; Investors Exchange LLC; Notice of Filing and Immediate Effectiveness of Proposed Rule Change To Correct an Internal Cross-Reference Error in Rule 23.150,A12,"Codified rulebook, handbook or code, point-in-time",A3,P1,"IEX filed an immediately effective exchange rule change to fix an internal cross-reference in Rule 23.150 so it points to the correct definition in Rule 22.160. The change is a technical correction only and does not alter system functionality or processes. The SEC notice invites comments, but the filing is effective immediately under the Exchange Act.","SECURITIES AND EXCHANGE COMMISSION
[Release No. 34-106151; File No. SR-IEX-2026-28]
Self-Regulatory Organizations; Investors Exchange LLC; Notice of Filing and Immediate Effectiveness of Proposed Rule Change To Correct an Internal Cross-Reference Error in Rule 23.150
August 19, 2026.
Pursuant to Section 19(b)(1)
of the Securities Exchange Act of 1934 (the “Act”)
and Rule 19b-4 thereunder,
notice is hereby given that, on August 13, 2026, the Investors Exchange LLC (“IEX” or the “Exchange”) filed with the Securities and Exchange Commission (the “Commission”) the proposed rule change as described in Items I and II below, which Items have been prepared by the self-regulatory organization. The Commission is publishing this notice to solicit comments on the proposed rule change from interested persons.
15 U.S.C. 78s(b)(1).
15 U.S.C. 78a.
17 CFR 240.19b-4.
I. Self-Regulatory Organization's Statement of the Terms of Substance of the Proposed Rule Change
Pursuant to the provisions of Section 19(b)(1) under the Act,
and Rule 19b-4 thereunder,
the Exchange is filing with the Commission a propos",https://www.federalregister.gov/documents/2026/08/24/2026-17201/self-regulatory-organizations-investors-exchange-llc-notice-of-filing-and-immediate-effectiveness-of,,,,
2-A12-test,5514,a02b493c0aaea5cf3f6fcd3d447e98534075176bd37b69ba5a128e99fdc0c8e7,sec:notices#5514,test,SEC,notices,2026-08-31,Self-Regulatory Organizations; MX2 LLC; Notice of Filing and Immediate Effectiveness of a Proposal To Amend Rule 20.6 (Nullification and Adjustment of Options Transactions Including Obvious Errors) Regarding the Roster Requirements for the Obvious Error Panel,A12,"Codified rulebook, handbook or code, point-in-time",A3,P1,"MX2 LLC filed an immediately effective rule change to amend its options obvious error rule by removing the minimum roster requirement for panel representatives. The panel composition itself stays the same, and the SEC published the filing for comment. This affects MX2 options members and exchange rule administration from 2026-08-31.","SECURITIES AND EXCHANGE COMMISSION
[Release No. 34-106197; File No. SR-MX2-2026-04]
Self-Regulatory Organizations; MX2 LLC; Notice of Filing and Immediate Effectiveness of a Proposal To Amend Rule 20.6 (Nullification and Adjustment of Options Transactions Including Obvious Errors) Regarding the Roster Requirements for the Obvious Error Panel
August 26, 2026.
Pursuant to Section 19(b)(1) of the Securities Exchange Act of 1934 (the “Act”),
and Rule 19b-4 thereunder,
notice is hereby given that on August 24, 2026, MX2 LLC (“MX2” or the “Exchange”) filed with the Securities and Exchange Commission (the “Commission”) the proposed rule change as described in Items I and II below, which Items have been prepared by the Exchange. The Exchange filed the proposal as a “non-controversial” proposed rule change pursuant to Section 19(b)(3)(A)(iii) of the Act
and Rule 19b-4(f)(6) thereunder.
The Commission is publishing this notice to solicit comments on the proposed rule change from interested persons.
15 U.S.C. 78s(b)(1).
17 CFR 240.19b-4.
15 U.S.C. 78s(b)(3)(A).
17 CFR 240.19b-4.
I. Self-Regulat",https://www.federalregister.gov/documents/2026/08/31/2026-17668/self-regulatory-organizations-mx2-llc-notice-of-filing-and-immediate-effectiveness-of-a-proposal-to,,,,
2-A12-test,5500,b955dcee146227d3c5919ef3c876fd11f0f377177abfcc5705efedddaabe44d8,sec:notices#5500,test,SEC,notices,2026-09-01,Joint Industry Plan; Notice of Filing and Immediate Effectiveness of Amendment to the Plan for the Purpose of Developing and Implementing Procedures Designed To Facilitate the Listing and Trading of Standardized Options To Add MX2 LLC as a Plan Sponsor,A12,"Codified rulebook, handbook or code, point-in-time",A3,P3,"The SEC published notice that MX2 LLC has been added as a sponsor to the Options Listing Procedures Plan, which governs procedures for listing and trading standardized options. This affects options exchanges and plan participants; the notice was published for comment but does not itself create new firm obligations.","SECURITIES AND EXCHANGE COMMISSION
[Release No. 34-106210; File No. 4-443]
Joint Industry Plan; Notice of Filing and Immediate Effectiveness of Amendment to the Plan for the Purpose of Developing and Implementing Procedures Designed To Facilitate the Listing and Trading of Standardized Options To Add MX2 LLC as a Plan Sponsor
August 27, 2026.
Pursuant to Section 11A(a)(3) of the Securities Exchange Act of 1934 (“Act”)
and Rule 608 thereunder,
notice is hereby given that on August 21, 2026, MX2 LLC (“MX2” or “Exchange”) filed with the Securities and Exchange Commission (“Commission”) an amendment to the Plan for the Purpose of Developing and Implementing Procedures Designed to Facilitate the Listing and Trading of Standardized Options (“OLPP” or “Plan”).
The Commission approved the application of MX2 to register as a national securities exchange on March 13, 2025.
The Commission subsequently approved MX2's proposal to adopt rules to govern the trading of options on the Exchange for a new facility called MX2 Options (“MX2 Options”).
One of the conditions of the Commission's approval of",https://www.federalregister.gov/documents/2026/09/01/2026-17807/joint-industry-plan-notice-of-filing-and-immediate-effectiveness-of-amendment-to-the-plan-for-the,,,,
2-A12-test,5449,f0438fab34ca3c67149bb63320b778f31cbefbd985edbf19779e446e4b6625f9,sec:notices#5449,test,SEC,notices,2026-09-10,Self-Regulatory Organizations; New York Stock Exchange LLC; Notice of Filing and Immediate Effectiveness of Proposed Rule Change To Amend the Connectivity Fee Schedule,A12,"Codified rulebook, handbook or code, point-in-time",A3,P2,"NYSE filed and immediately made effective a rulebook fee-schedule update to rename two colocation and network data feed references from CTA/CQ to their actual names, CTS and CQS. The change is non-substantive and reflects an upcoming NMS plan transition from April 1, 2027. Interested persons may comment on the filing.","SECURITIES AND EXCHANGE COMMISSION
[Release No. 34-106286; File No. SR-NYSE-2026-42]
Self-Regulatory Organizations; New York Stock Exchange LLC; Notice of Filing and Immediate Effectiveness of Proposed Rule Change To Amend the Connectivity Fee Schedule
September 4, 2026.
Pursuant to Section 19(b)(1)
of the Securities Exchange Act of 1934 (“Act”)
and Rule 19b-4 thereunder,
notice is hereby given that on September 2, 2026, New York Stock Exchange LLC (“NYSE” or the “Exchange”) filed with the Securities and Exchange Commission (the “Commission”) the proposed rule change as described in Items I and II below, which Items have been prepared by the self-regulatory organization. The Commission is publishing this notice to solicit comments on the proposed rule change from interested persons.
15 U.S.C. 78s(b)(1).
15 U.S.C. 78a.
17 CFR 240.19b-4.
I. Self-Regulatory Organization's Statement of the Terms of Substance of the Proposed Rule Change
The Exchange proposes to amend the Connectivity Fee Schedule (“Fee Schedule”) regarding colocation services and fees to make a non-substantive change to t",https://www.federalregister.gov/documents/2026/09/10/2026-18402/self-regulatory-organizations-new-york-stock-exchange-llc-notice-of-filing-and-immediate,,,,
2-A12-test,3204,0201a03fcd8a2f773087ecd1c1dca7c85a1ad8adbafd41c7c3f2626a9239fb48,sec:notices#3204,test,SEC,notices,2026-09-15,Self-Regulatory Organizations; MEMX LLC; Notice of Filing and Immediate Effectiveness of a Proposed Rule Change To Amend the Exchange's Fee Schedule,A12,"Codified rulebook, handbook or code, point-in-time",A3,P2,"The SEC published notice of MEMX LLC’s immediately effective rule filing to amend its options fee schedule. The changes adjust rebates and fees for several customer, market maker, professional, firm, away market maker and broker-dealer categories, and add a new customer volume tier. The exchange said it planned to implement the changes on 2026-09-01.","SECURITIES AND EXCHANGE COMMISSION
[Release No. 34-106330; File No. SR-MEMX-2026-30]
Self-Regulatory Organizations; MEMX LLC; Notice of Filing and Immediate Effectiveness of a Proposed Rule Change To Amend the Exchange's Fee Schedule
September 10, 2026.
Pursuant to Section 19(b)(1) of the Securities Exchange Act of 1934 (“Act”),
and Rule 19b-4 thereunder,
notice is hereby given that on August 31, 2026, MEMX LLC (“MEMX” or the “Exchange”) filed with the Securities and Exchange Commission (the “Commission”) the proposed rule change as described in Items I, II, and III below, which Items have been prepared by the Exchange. The Commission is publishing this notice to solicit comments on the proposed rule change from interested persons.
15 U.S.C. 78s(b)(1).
17 CFR 240.19b-4.
I. Self-Regulatory Organization's Statement of the Terms of Substance of the Proposed Rule Change
The Exchange is filing with the Commission a proposed rule change to amend the Exchange's fee schedule applicable to Members
(the “Fee Schedule”) pursuant to Exchange Rules 15.1(a) and (c). As is further described below,",https://www.federalregister.gov/documents/2026/09/15/2026-18814/self-regulatory-organizations-memx-llc-notice-of-filing-and-immediate-effectiveness-of-a-proposed,,,,
2-A12-test,3185,cef77d54231910c1d05c8f05973793f6cec198be1e519022bffc7aa50312e10c,sec:notices#3185,test,SEC,notices,2026-09-17,Self-Regulatory Organizations; NYSE American LLC; Notice of Filing and Immediate Effectiveness of Proposed Change To Amend Rule 7.18E Regarding Initial Listing Regulatory Halts,A12,"Codified rulebook, handbook or code, point-in-time",A3,P2,"NYSE American filed an immediately effective rule change to clarify Rule 7.18E on initial listing regulatory halts. It states the halt does not apply to IPOs and that trading resumes via a Trading Halt Auction after the halt ends. The filing is published for comment and is effective immediately, with no separate compliance date stated.","SECURITIES AND EXCHANGE COMMISSION
[Release No. 34-106347; File No. SR-NYSEAMER-2026-81]
Self-Regulatory Organizations; NYSE American LLC; Notice of Filing and Immediate Effectiveness of Proposed Change To Amend Rule 7.18E Regarding Initial Listing Regulatory Halts
September 14, 2026.
Pursuant to Section 19(b)(1)
of the Securities Exchange Act of 1934 (“Act”)
and Rule 19b-4 thereunder,
notice is hereby given that on September 2, 2026, NYSE American LLC (“NYSE American” or the “Exchange”) filed with the Securities and Exchange Commission (the “Commission”) the proposed rule change as described in Items I and II below, which Items have been prepared by the self-regulatory organization. The Commission is publishing this notice to solicit comments on the proposed rule change from interested persons.
15 U.S.C. 78s(b)(1).
15 U.S.C. 78a.
17 CFR 240.19b-4.
I. Self-Regulatory Organization's Statement of the Terms of Substance of the Proposed Rule Change
The Exchange proposes to amend Rule 7.18E (“Trading Halts”) regarding Initial Listing Regulatory Halts. The proposed rule change is available",https://www.federalregister.gov/documents/2026/09/17/2026-19038/self-regulatory-organizations-nyse-american-llc-notice-of-filing-and-immediate-effectiveness-of,,,,
2-A12-test,3142,a12e22f8120d36812772c902bf9ed9be1ef22a48a6fb45952693f2ce125c61b9,sec:notices#3142,test,SEC,notices,2026-09-23,"Self-Regulatory Organizations; Cboe BZX Exchange, Inc.; Notice of Filing and Immediate Effectiveness of a Proposed Rule Change To Amend Rule 11.15(a) To Clarify That a Non-Member May Act as a Clearing Firm",A12,"Codified rulebook, handbook or code, point-in-time",A3,P2,"Cboe BZX filed an immediately effective rule change clarifying that a non-member firm may act as a clearing firm under Rule 11.15(a). The change affects exchange members using clearing arrangements and is already effective upon filing, with SEC comment solicitation continuing after publication.","SECURITIES AND EXCHANGE COMMISSION
[Release No. 34-106414; File No. SR-CboeBZX-2026-076]
Self-Regulatory Organizations; Cboe BZX Exchange, Inc.; Notice of Filing and Immediate Effectiveness of a Proposed Rule Change To Amend Rule 11.15(a) To Clarify That a Non-Member May Act as a Clearing Firm
September 18, 2026.
Pursuant to Section 19(b)(1) of the Securities Exchange Act of 1934 (the “Act”),
and Rule 19b-4 thereunder,
notice is hereby given that on September 8, 2026, Cboe BZX Exchange, Inc. (the “Exchange” or “BZX”) filed with the Securities and Exchange Commission (the “Commission”) the proposed rule change as described in Items I and II below, which Items have been prepared by the Exchange. The Commission is publishing this notice to solicit comments on the proposed rule change from interested persons.
15 U.S.C. 78s(b)(1).
17 CFR 240.19b-4.
I. Self-Regulatory Organization's Statement of the Terms of Substance of the Proposed Rule Change
The Exchange proposes to amend Rule 11.15(a) (Clearance and Settlement; Anonymity) to clarify that a non-Member may act as a Clearing Firm.
The te",https://www.federalregister.gov/documents/2026/09/23/2026-19396/self-regulatory-organizations-cboe-bzx-exchange-inc-notice-of-filing-and-immediate-effectiveness-of,,,,
2-A12-test,3115,62746f3c326f4fa7b353e73ff09ca5d544aadff18e572c462a240b2ec0f8679d,sec:notices#3115,test,SEC,notices,2026-09-25,"Self-Regulatory Organizations; NYSE Arca, Inc.; Notice of Filing and Immediate Effectiveness of a Proposed Rule Change To Amend the NYSE Arca Options Fee Schedule To Modify the Broker QCC Credit and Manual Billable Rebate Program",A12,"Codified rulebook, handbook or code, point-in-time",A3,P1,"NYSE Arca is immediately amending its options fee schedule, effective September 14, 2026, to lower volume thresholds for broker QCC credits and adjust the manual billable rebate program for floor brokers. This affects exchange participants trading NYSE Arca options and has already taken effect, though the SEC notice is also soliciting comments on the filing.","SECURITIES AND EXCHANGE COMMISSION
[Release No. 34-106465; File No. SR-NYSEARCA-2026-98]
Self-Regulatory Organizations; NYSE Arca, Inc.; Notice of Filing and Immediate Effectiveness of a Proposed Rule Change To Amend the NYSE Arca Options Fee Schedule To Modify the Broker QCC Credit and Manual Billable Rebate Program
September 22, 2026.
Pursuant to Section 19(b)(1)
of the Securities Exchange Act of 1934 (“Act”),
and Rule 19b-4 thereunder,
notice is hereby given that on September 14, 2026, NYSE Arca, Inc. (“NYSE Arca” or the “Exchange”) filed with the Securities and Exchange Commission (the “Commission”) the proposed rule change as described in Items I and II below, which Items have been prepared by the self-regulatory organization. The Commission is publishing this notice to solicit comments on the proposed rule change from interested persons.
15 U.S.C. 78s(b)(1).
15 U.S.C. 78a.
17 CFR 240.19b-4.
I. Self-Regulatory Organization's Statement of the Terms of Substance of the Proposed Rule Change
The Exchange proposes to amend the NYSE Arca Options Fee Schedule (“Fee Schedule”) by modify",https://www.federalregister.gov/documents/2026/09/25/2026-19638/self-regulatory-organizations-nyse-arca-inc-notice-of-filing-and-immediate-effectiveness-of-a,,,,
2-A12-test,3116,9a03c436fd262d07a6a0f9388838c27e472ffb45df7ac2e3acefaaf905b078f7,sec:notices#3116,test,SEC,notices,2026-09-25,Self-Regulatory Organizations; NYSE American LLC; Notice of Filing and Immediate Effectiveness of Proposed Change To Amend NYSE American Rule 2.1210,A12,"Codified rulebook, handbook or code, point-in-time",A3,P2,"NYSE American filed and immediately made effective a rule change amending Rule 2.1210 to shorten the waiting periods for retaking failed FINRA qualification exams, aligning with FINRA’s recent exam-rule amendment. The change applies to member organizations, ETP Holders and ATP Holders. The notice solicits comments, but the exchange rule change is already effective.","SECURITIES AND EXCHANGE COMMISSION
[Release No. 34-106461; File No. SR-NYSEAMER-2026-85]
Self-Regulatory Organizations; NYSE American LLC; Notice of Filing and Immediate Effectiveness of Proposed Change To Amend NYSE American Rule 2.1210
September 22, 2026.
Pursuant to Section 19(b)(1)
of the Securities Exchange Act of 1934 (“Act”)
and Rule 19b-4 thereunder,
notice is hereby given that, on September 10, 2026, NYSE American LLC (“NYSE American” or the “Exchange”) filed with the Securities and Exchange Commission (the “Commission”) the proposed rule change as described in Items I, II, and III below, which Items have been prepared by the self-regulatory organization. The Commission is publishing this notice to solicit comments on the proposed rule change from interested persons.
15 U.S.C. 78s(b)(1).
15 U.S.C. 78a.
17 CFR 240.19b-4.
I. Self-Regulatory Organization's Statement of the Terms of Substance of the Proposed Rule Change
The Exchange proposes to amend NYSE American Rule 2.1210 (Registration Requirements) applicable to member organizations, Equity Trading Permit (“ETP”) Holders an",https://www.federalregister.gov/documents/2026/09/25/2026-19635/self-regulatory-organizations-nyse-american-llc-notice-of-filing-and-immediate-effectiveness-of,,,,
2-A13-test,6575,aa95c79fc8aef5a6f1ee1d56b3b274779b781e62920eb817cf3b4d20829a19e6,cma:publications#6575,test,CMA,publications,2026-09-03,Referral of the proposed subsidy to EDF Energy Nuclear Generation Ltd by the Department for Energy Security and Net Zero,A13,Court or tribunal determination,A10,P3,"The CMA’s Subsidy Advice Unit published a report on DESNZ’s proposed subsidy for EDF Energy Nuclear Generation Ltd to support the long-term operation of Sizewell B. It is an assessment of compliance under the Subsidy Control Act 2022 and invites third-party comments, but it does not itself create obligations for firms.","Referral of the proposed subsidy to EDF Energy Nuclear Generation Ltd by the Department for Energy Security and Net Zero

The Subsidy Advice Unit (SAU) has published a report providing advice to the Department for Energy Security and Net Zero (DESNZ) concerning its proposed subsidy to EDF Energy Nuclear Generation Ltd.

See all updates

Case type:

SAU referral

Case state:

Closed

Market sector:

Energy

Opened:

Closed:

Administrative timetable

Date

Action

SAU’s report published

Deadline for receipt of any third-party submissions

Beginning of reporting period

Final Report

3 September 2026: The SAU has published its report providing advice to DESNZ concerning the proposed subsidy to EDF Energy Nuclear Generation Ltd. The report sets out the SAU’s evaluation of DESNZ’s Assessment of Compliance of its proposed subsidy with the requirements set out in the Subsidy Control Act 2022.

Final report
(3.9.26)

Request from DESNZ

22 July 2026: The SAU has accepted a request for a report from DESNZ concerning the proposed subsidy to EDF Energy Nuclear Generation Ltd. This request rel",https://www.gov.uk/cma-cases/referral-of-the-proposed-subsidy-to-edf-energy-nuclear-generation-ltd-by-the-department-for-energy-security-and-net-zero,,,,
2-A13-test,6568,73084ce569b6b1332d21ae422283888e4f47d92c0937c66d030c323a617d1642,cma:publications#6568,test,CMA,publications,2026-09-09,Energy licence modification appeals 2026,A13,Court or tribunal determination,A14,P1,Cadent Gas Limited has filed a notice of appeal in the Competition and Markets Authority against GEMA’s RIIO-GD3 licence modification decision for the 1 April 2026 gas price control period. The appeal challenges the 1% ongoing efficiency challenge and the related licence conditions affecting Cadent’s allowed revenue and obligations under its gas transporter licence.,"NON-CONFIDENTIALVERSION

BEFORE THE COMPETITION AND MARKETS AUTHORITY

CADENT GAS LIMITED
Appellant
and

GAS AND ELECTRICITY MARKETS AUTHORITY
Respondent

NOTICE OF APPEAL
ENERGY LICENCE MODIFICATION
RIIO-GD3 PRICE CONTROL

CMS Cameron McKenna Nabarro Olswang LLP
Cannon Place
78 Cannon Street
London EC4N 6AF
T +44 20 7367 3000
F +44 20 7367 2000
cms.law

154863.00537/BRSH/TOFO/ LUCX/EAWO

720497088
TABLE OF CONTENTS
Section 1 : Introduction to the appeal ....................................................................................................... 3
A. The Appellant’s details .......................................................................................................................... 3
B. Request for permission to appeal ........................................................................................................... 3
C. Context to this appeal ............................................................................................................................ 4
D. Scope of the appeal .............................................................",https://www.gov.uk/cma-cases/energy-licence-modification-appeals-2026,,,,
2-A13-test,3198,dfb3f8e0deb784b37b4b05955d0c2a4bda074a6912b0e0781d9a7e058f592493,sec:notices#3198,test,SEC,notices,2026-09-15,"In the Matter of The Nasdaq Stock Market LLC; Order Granting Petitions for Review and Scheduling Filing of Statements Regarding an Order Approving a Proposed Rule Change, as Modified by Amendment No. 1, To Adopt a New Continued Listing Requirement",A13,Court or tribunal determination,A14,P3,"The SEC granted petitions to review an order approving Nasdaq’s proposed continued listing requirement and kept that approval stayed pending further Commission order. Parties or other persons may file statements supporting or opposing the approval order by 2026-10-06. This is a procedural Commission notice, not a new rule or obligation for firms.","SECURITIES AND EXCHANGE COMMISSION
[Release No. 34-106338; File No. SR-NASDAQ-2026-004]
In the Matter of The Nasdaq Stock Market LLC; Order Granting Petitions for Review and Scheduling Filing of Statements Regarding an Order Approving a Proposed Rule Change, as Modified by Amendment No. 1, To Adopt a New Continued Listing Requirement
September 11, 2026.
This matter comes before the Securities and Exchange Commission (“Commission”) on petition to review the approval, pursuant to delegated authority, of The Nasdaq Stock Market LLC's (“Nasdaq”) proposed rule change (File No. SR-NASDAQ-2026-004) to adopt a new continued listing requirement.
On January 13, 2026, Nasdaq filed with the Commission, pursuant to Section 19(b)(1) of the Securities Exchange Act of 1934 (“Act”)
and Rule 19b-4 thereunder,
the proposed rule change. The proposed rule change was published for comment in the
Federal Register
on January 29, 2026.
On March 11, 2026, the Division of Trading and Markets (“Division”), for the Commission pursuant to delegated authority,
designated a longer period within which to approve the",https://www.federalregister.gov/documents/2026/09/15/2026-18878/in-the-matter-of-the-nasdaq-stock-market-llc-order-granting-petitions-for-review-and-scheduling,,,,
2-A4-test,4320,7b99ca196773d2f7cd38c3fc37d09158e772ceca652cd22ffa8c780f9576c037,cftc:press_releases#4320,test,CFTC,press_releases,2026-09-22,CFTC Releases Staff Advisory on Mention Markets,A4,"Supervisory guidance (supervisory statement, statement of policy, finalised guidance, bulletin, circular)",A4,P2,The CFTC Division of Market Oversight issued staff advisory guidance on “mention market” event contracts for designated contract markets. It explains when such contracts may be listed under CEA/Commission rules and reminds DCMs of their anti-manipulation obligations and need for complete Part 40 submissions. No fixed deadline is set; the advisory applies immediately as supervisory guidance.,"Release Number 9302-26

CFTC Releases Staff Advisory on Mention Markets

September 22, 2026

WASHINGTON
— The Commodity Futures Trading Commission’s Division of Market Oversight today issued an advisory that addresses the listing and trading of event contracts that are based on whether an individual will say or “mention” certain words, attend or appear at an event, or otherwise interact with another person, which are commonly referred to as “mention market” contracts.
These contract types present a heightened risk of manipulation because their settlement turns on the discrete conduct of a person that may be neither independently generated nor externally verifiable.
The advisory outlines the limited circumstances in which such contracts may be listed consistently with the Commodity Exchange Act and Commission regulations and provides non-exhaustive examples of factors that DCMs should consider when designing and submitting mention market contracts under Commission Regulations Sections 40.2 or 40.3.
The advisory also reminds DCMs of their obligation under Core Principle 3 to list only",https://www.cftc.gov/PressRoom/PressReleases/9302-26,,,,
2-A4-test,4150,ae1b786dfcded67da097dee4b539dc715484ed3fd1254fd0af96ae6374770531,occ:bulletins#4150,test,OCC,bulletins,2026-09-21,Cybersecurity: Cybersecurity Supervision Work Program,A4,"Supervisory guidance (supervisory statement, statement of policy, finalised guidance, bulletin, circular)",A4,P2,"The OCC published a cybersecurity supervision work program for banks. It signals supervisory expectations and focus areas for cybersecurity oversight, but the excerpt does not show new binding rules or deadlines.","An official website of the United States government

Careers

Quick Access

Most Requested

Bank Secrecy Act (BSA)

Contact Us

Community Reinvestment Act (CRA)

Comptroller's Handbook

Corporate Applications Search

Enforcement Action Search

Financial Institution Lists

Newsroom

Third-Party Relationships: Interagency Guidance on Risk Management

More OCC Websites

BankNet.gov

Find resources for bankers.

HelpWithMyBank.gov

Get answers to banking questions.

Search

More Search Tools

Financial Institution Search

CRA Performance Evaluations Search

Enforcement Actions Search

Corporate Applications Search (CAS)",https://www.occ.gov/news-issuances/bulletins/2026/bulletin-2026-48.html,,,,
3-A11-sample,3341,1a8ed1592a642d46244ae2b1d9a794a5da1d5d55da25e64241d56e199fdda1ca,cftc:notices#3341,test,CFTC,notices,2026-08-12,Renewal of the Innovation Advisory Committee,A11,"Intelligence: speech, blog, press release, research, working paper",A11,P3,"The CFTC announced renewal of its Innovation Advisory Committee for two years. The committee will advise on technological innovation, new technologies, and related issues in derivatives and commodities markets; it does not itself impose new requirements on firms.","COMMODITY FUTURES TRADING COMMISSION
Renewal of the Innovation Advisory Committee
AGENCY:
Commodity Futures Trading Commission.
ACTION:
Notice of renewal.
SUMMARY:
The Commodity Futures Trading Commission (CFTC or Commission) is publishing this notice to announce the renewal of the Innovation Advisory Committee (IAC). The Commission has determined that the renewal of the IAC is necessary and in the public's interest.
FOR FURTHER INFORMATION CONTACT:
Michael Passalacqua, Senior Advisor to Chairman Michael S. Selig and IAC Designated Federal Officer, at 202-418-5052 or
.
SUPPLEMENTARY INFORMATION:
In accordance with section 9(a)(2) of the Federal Advisory Committee Act (FACA), 5 U.S.C. 1008, and 41 CFR 102-3.65, the CFTC is announcing the IAC's renewal and providing the below Commission-approved public interest determination. The IAC's objectives and scope of activities are to assist the Commission by providing advice on the impact and implications of technological innovation in the financial services markets. The IAC will also provide advice on the application and",https://www.federalregister.gov/documents/2026/08/12/2026-16423/renewal-of-the-innovation-advisory-committee,,,,
3-A11-sample,4319,9df8259b763a2c31d93f9776b966569d4cd625546a7e4606dea9b050aad894eb,cftc:press_releases#4319,test,CFTC,press_releases,2026-09-24,CFTC Staff Releases Updates to FAQs Concerning Registrants and Registered Entity Activities Relating to Crypto Assets and Blockchain Technologies,A11,"Intelligence: speech, blog, press release, research, working paper",A4,P3,"CFTC staff updated FAQs on registrant and registered entity activities involving crypto assets and blockchain technologies, including tokenized permitted investments and blockchain-based recordkeeping. The update is informational and aims to provide regulatory clarity for market participants; it does not itself create new requirements. No filing or compliance date is stated.","Release Number 9303-26

CFTC Staff Releases Updates to FAQs Concerning Registrants and Registered Entity Activities Relating to Crypto Assets and Blockchain Technologies

September 24, 2026

WASHINGTON
— The Commodity Futures Trading Commission's Market Participants Division, Division of Market Oversight, and Division of Clearing and Risk today released updates to the
FAQs Concerning Registrant and Registered Entity Activities Relating to Crypto Assets and Blockchain Technologies
to address investments of customer funds in tokenized forms of permitted investments and the use of blockchain technologies to satisfy a registrant’s recordkeeping requirements.
“I’m pleased to see staff update these frequently asked questions consistent with the agency’s ongoing efforts to provide regulatory clarity for the crypto industry,” Chairman Michael S. Selig said.
These FAQs were originally released on March 20, 2026 and included responses to frequently asked questions concerning registrant and registered entity activities relating to crypto assets and blockchain technologies to provide further cla",https://www.cftc.gov/PressRoom/PressReleases/9303-26,,,,
3-A11-sample,6606,230176f25c62d6697d4b4dffabbcb76c3ed96d5462842dac47d28e405136686b,cma:publications#6606,test,CMA,publications,2026-08-14,The CMA's programme of work across mobile platforms,A11,"Intelligence: speech, blog, press release, research, working paper",A11,P3,"The CMA published an update on its programme of work on Apple and Google’s mobile platforms under the UK digital markets regime. It describes past SMS designations and ongoing work on app review, app ranking, data use, interoperability, NFC access and app steering, including consultations and future expected consultations in 2026. This is an informational status update, not a binding rule or decision.","Guidance

The CMA's programme of work across mobile platforms

What the Competition and Markets Authority (CMA) has done, and will do, to promote innovation, investment and growth in UK mobile platforms.

See all updates

Under the digital markets competition regime, the CMA promotes greater competition and innovation in digital markets, and protects consumers and businesses from unfair practices.

If a large tech firm meets
certain legal tests, it can be be given strategic market status (SMS)
. This means the CMA can then take targeted and proportionate interventions, tackling conduct that could undermine fair competition, or exploit people and businesses.

Find out more about how the UK’s digital markets competition regime works
.

Under this regime, we have investigated Apple and Google’s mobile platforms.

This page sets out:

what we have done so far

what we are doing now

how you can engage with us

what’s next in 2026

We will update this page as our work progresses.

Designating Apple and Google with strategic market status

In January 2025, the CMA opened investigations to",https://www.gov.uk/guidance/the-cmas-programme-of-work-across-mobile-platforms,,,,
3-A11-sample,6604,904c83feec16a9165cbfdc46615081f55304f23bf852b077bb1de8eee73c9033,cma:publications#6604,test,CMA,publications,2026-08-14,Google’s mobile platform,A11,"Intelligence: speech, blog, press release, research, working paper",A10,P3,"The CMA has opened an initial strategic market status investigation into Google’s mobile ecosystems activities, including Android, app distribution, and Chrome/Blink on mobile devices. It is an investigation notice under the UK Digital Markets, Competition and Consumers Act 2024, not a final designation or rule. No immediate compliance deadline is set, but Google may receive a revised notice if scope changes.","NOTICE UNDER SECTION 11(1) OF THE DIGITAL MARKETS, COMPETITION
AND CONSUMERS ACT 2024 (THE ACT)

The Competition and Markets Authority (CMA) hereby gives notice as required by
section 11(1) of the Act (the Notice) that it is commencing an initial strategic market
status (SMS) investigation pursuant to section 9(1) of the Act (the SMS
Investigation).
The Notice sets out the matters in respect of the SMS Investigation required by
section 11(2) and (3) of the Act.
Purpose and scope of the SMS Investigation
1. The purpose of the SMS Investigation is for the CMA to decide whether to
designate the undertaking known as Google (as described at paragraph 2 of
this Notice) under section 2(1) of the Act as having SMS in respect of the digital
activities carried out by Google as described in this Notice.
The undertaking to which the SMS Investigation relates
2. The Google undertaking includes:

a. Alphabet Inc., a public listed company incorporated in Delaware, United
States of America under registered number 5786925, having its registered
office at 1600 Amphitheatre Parkway, Mountain View, CA 9",https://www.gov.uk/cma-cases/googles-mobile-platform,,,,
3-A11-sample,6593,d6d0e5e3dbac0b63298a2d8928efa683ddfbaf4ed69f8fd972bb8fede0ca3d1f,cma:publications#6593,test,CMA,publications,2026-08-20,Vandemoortele required to sell UK plant following pastry merger investigation,A11,"Intelligence: speech, blog, press release, research, working paper",A13,P3,"CMA press release announcing the final report in its phase 2 merger investigation into Vandemoortele’s acquisition of Délifrance. The CMA cleared the merger subject to divestment of a UK plant and sales operations, to preserve competition in frozen viennoiserie products. This is a competition enforcement outcome, not a rule or obligation-setting instrument.","Press release

Vandemoortele required to sell UK plant following pastry merger investigation

Clearance decision comes well ahead of deadline following constructive engagement by the businesses with the CMA’s inquiry group.

iStock

CMA clears Vandemoortele / Délifrance merger subject to sale of a UK plant and sales operations

Early engagement sees investigation conclude 7 weeks ahead of deadline

Inquiry chair Martin Coleman commented “Transferring Vandemoortele’s UK sales operations to an independent operator will protect competition and help keep prices in check for consumers.”

The independent inquiry group leading the Competition and Markets Authority (CMA)’s in-depth phase 2 investigation into Vandemoortele’s acquisition of Délifrance has today published its final report.

Vandemoortele and Délifrance both supply frozen viennoiserie products, such as croissants and pains au chocolat, to supermarket and foodservice customers. These products are typically baked in-store or on-site before being sold or served to UK consumers.

Having assessed the evidence, the inquiry group concl",https://www.gov.uk/government/news/vandemoortele-required-to-sell-uk-plant-following-pastry-merger-investigation,,,,
3-A11-sample,6589,3158e19d36102d6a20a625d1e0b34a073e5b161adfe7992d6345f20145a89162,cma:publications#6589,test,CMA,publications,2026-08-21,Referral of the proposed subsidy to Ryanair UK Limited by Invest Northern Ireland,A11,"Intelligence: speech, blog, press release, research, working paper",A10,P3,"The CMA’s Subsidy Advice Unit has opened a referral on a proposed £67 million subsidy from Invest Northern Ireland to Ryanair UK Limited for an aircraft engine MRO facility in Northern Ireland. Third parties may submit comments by the deadline in the timetable; the SAU will publish a report within 30 working days. This is an information notice, not a rule or decision.","Referral of the proposed subsidy to Ryanair UK Limited by Invest Northern Ireland

The Subsidy Advice Unit (SAU) has accepted a request for a report providing advice to Invest Northern Ireland (Invest NI) concerning its proposed subsidy to Ryanair UK Limited (Ryanair).

Case type:

SAU referral

Case state:

Open

Market sector:

Transport

Opened:

Administrative timetable

Date

Action

SAU’s report to be published

Deadline for receipt of any third-party submissions

Beginning of reporting period

Request from Invest NI

21 August 2026: The SAU has accepted a request for a report from Invest NI concerning the proposed subsidy to Ryanair. This request relates to a Subsidy of Particular Interest.

The SAU will prepare a report, which will provide an evaluation of Invest NI’s assessment of whether the subsidy complies with the subsidy control requirements (Assessment of Compliance). The SAU will complete its report within 30 working days.

Information about the subsidy provided by Invest NI

Invest Northern Ireland are proposing to award Ryanair a subsidy of £67 million to support th",https://www.gov.uk/cma-cases/referral-of-the-proposed-subsidy-to-ryanair-uk-limited-by-invest-northern-ireland,,,,
3-A11-sample,6583,3fc9799418fac8b1f1ed6615313f4dc4d13516855477f2bc3f0abe891650833f,cma:publications#6583,test,CMA,publications,2026-08-25,5 ways drivers can save money and avoid costly mistakes as summer travel peaks,A11,"Intelligence: speech, blog, press release, research, working paper",A11,P3,"CMA published a consumer news story with tips for drivers to avoid fuel and private parking costs, including checking prices, reading parking signs, keeping evidence, and appealing charges quickly. It does not create any new obligations and is aimed at motorists generally.","News story

5 ways drivers can save money and avoid costly mistakes as summer travel peaks

Consumer expert Emma Cochrane shares tips for drivers travelling at one of the busiest times of the year.

Hundreds of thousands of drivers will be on the roads this week as the summer comes to an end – whether that be coming back from a festival, wrapping up a holiday or fitting in a final day trip. From filling up to paying for parking, driving costs can quickly add up. But a little planning can help motorists save money and avoid unexpected charges.

1. Shop around to find the cheapest fuel and save money

Fuel prices can vary significantly between nearby petrol stations. You can quickly find the cheapest petrol and diesel on
apps and websites using Fuel Finder data
before you fill up.

2. Fill up where you’ve got more choice and avoid motorway service areas

Fuel prices tend to be lower in places with lots of petrol stations competing for customers. Try not to leave filling up until you’re on the motorway as they are often more expensive than nearby petrol stations.

3. Always check the si",https://www.gov.uk/government/news/5-ways-drivers-can-save-money-and-avoid-costly-mistakes-as-summer-travel-peaks,,,,
3-A11-sample,6581,bb9d5d904808a53cc7b8ed0ec0472dd3fd8ad78cc96beb872dad82001cb38255,cma:publications#6581,test,CMA,publications,2026-08-28,CMA secures compensation for heating oil customers,A11,"Intelligence: speech, blog, press release, research, working paper",A11,P3,"The CMA issued a press release saying suppliers of heating oil have agreed to compensate customers after cancelled orders during a price spike. Affected customers will be contacted directly; those who bought replacement oil may need to provide evidence, and the CMA says around 800 customers have already been notified.","Press release

CMA secures compensation for heating oil customers

Hundreds set to receive compensation after their orders were cancelled following the conflict in the Middle East.

iStock

Thousands of pounds in compensation expected after customers were forced to buy replacement heating oil following price spikes

Customers who did not buy replacement heating oil will have their original orders honoured

Suppliers under review have now agreed to pay compensation under the CMA’s scheme

Affected customers will be contacted directly and do not need to take any action at this stage

The Competition and Markets Authority (CMA) has intervened over concerns that some suppliers cancelled orders when heating oil prices surged, which may have been a breach of contract.

The CMA has secured compensation from suppliers after finding that hundreds of customers who ordered through an intermediary site were impacted.

While customers received refunds for their original orders following cancellations, many had to buy replacement oil at significantly higher prices, while others went without the es",https://www.gov.uk/government/news/cma-secures-compensation-for-heating-oil-customers,,,,
3-A11-sample,6580,372b4a092db1261027e394a8a0aa953a15f9901c3b35dd3fa4e2eaf46763795e,cma:publications#6580,test,CMA,publications,2026-09-01,12 new experts to join the CMA's inquiry panel,A11,"Intelligence: speech, blog, press release, research, working paper",A11,P3,"The CMA issued a press release announcing 12 new inquiry panel appointments, effective in September and October 2026. The notice is informational only and does not change obligations for firms.","Press release

12 new experts to join the CMA's inquiry panel

New members bring wide-ranging expertise to support the CMA’s independent work.

12 new independent members of the Competition and Markets Authority (CMA)’s panel have been appointed by the Department for Business, Innovation, Science and Trade (DBIST).

The panel currently consists of 22 members who are appointed for up to 8 years and act as independent decision makers in some of the CMA’s work – including phase 2 market investigations, merger inquiries and regulatory appeals.

The appointments will take effect in September and October 2026 and bring together extensive experience across business, academia, economics, finance and technology.

Appointments starting 1 September 2026

Shamshad Ali is a chartered accountant and experienced finance and strategy professional with board roles, including at the University of Reading and ICAEW.

Vicky Boiten-Lee is an experienced energy and retail executive with expertise in pricing, distribution, strategy and M&A.

Martina Garcia is a financial services expert and economist with",https://www.gov.uk/government/news/12-new-experts-to-join-the-cmas-inquiry-panel,,,,
3-A11-sample,6573,d2bfc8e5ad38b706cb83f559d7c31ec8dcbfb4946757a99a3c9dd95d9be14084,cma:publications#6573,test,CMA,publications,2026-09-07,On track: delivering the promises of the digital markets regime,A11,"Intelligence: speech, blog, press release, research, working paper",A11,P3,"CMA speech on its digital markets regime work and how it is using powers on search, app stores, cloud and AI-related business software. It discusses existing conduct requirements, commitments and ongoing work, but does not itself create new obligations or set dates.","Speech

On track: delivering the promises of the digital markets regime

Speech delivered by Will Hayter at Time to Reset: Unlocking Growth & Sovereignty Through Digital Competition (event hosted by News Media Association and Reset).

and
Will Hayter

Delivered on:

(Speaker's notes, may differ from delivered version)

Good afternoon. Thank you to the Financial Times (FT), News Media Association (NMA) and Reset for hosting, and to Roa for the report, along with colleagues at The Institute For Public Policy Research (IPPR).

I’d like to start by pointing you in the direction of one of the most impressive British achievements on a world stage in 2026. Not, in fact, the
CMA’s publisher conduct requirement
, put in place in early June, which I know you’re all immediately thinking of.

No, in fact I’m referring to the British middle-distance runner Josh Kerr, who in July broke the world record for the mile, a record that had stood since the end of the last millennium, clocking an amazing 3 minutes 42 seconds.

What is the relevance of this, you might ask?

Not so much how fast he ran (alt",https://www.gov.uk/government/speeches/on-track-delivering-the-promises-of-the-digital-markets-regime,,,,
3-A11-sample,6570,5e302521d50246fd7c18d55824f04b495b50194bdbdc5f0769cba1afedfe1a1b,cma:publications#6570,test,CMA,publications,2026-09-08,Public procurement in the national interest: Reflections from the CMA,A11,"Intelligence: speech, blog, press release, research, working paper",A11,P3,"The CMA published a speech reflecting on UK public procurement and bid rigging, and on reports recommending changes to government procurement strategy. It is informational only and does not itself change obligations for firms. No action date applies.","Speech

Public procurement in the national interest: Reflections from the CMA

Opening remarks by Sarah Cardell, the CMA’s Chief Executive, delivered at the Parliamentary event with the Competition and Markets Authority,
Jubilee Room, House of Commons on 8 September 2026.

and
Sarah Cardell

Location:

Jubilee Room, House of Commons, Westminster, London, SW1A 0AA

Delivered on:

(Speaker's notes, may differ from delivered version)

Introduction

Thank you Martin, and thank you to the Chairs and members of all 3 APPGs for bringing us together today.

It is a pleasure to be here to discuss 2 reports the CMA is publishing today on a topic that is becoming central to UK economic policy: public procurement.

Every year, the UK government spends around £400 billion buying goods, services and infrastructure from the private sector. That is a serious amount of taxpayer money, especially in a world of enormous pressure on households and public finances.

Despite this, until recently public procurement hasn’t generally been a headline-grabbing topic. But these are not just administrative decis",https://www.gov.uk/government/speeches/public-procurement-in-the-national-interest-reflections-from-the-cma,,,,
3-A11-sample,4179,ab211e7675bd694388c5b75704339262edde98c2123321b0413257c1b0950a2d,fdic:financial_institution_letters#4179,test,FDIC,financial_institution_letters,2026-08-25,Press Release: FDIC-Insured Institutions Reported Return on Assets of 1.37 Percent and Net Income of $90.1 Billion in Second Quarter 2026,A11,"Intelligence: speech, blog, press release, research, working paper",A11,P3,"FDIC published its Quarterly Banking Profile press release for Q2 2026, highlighting industry-wide ROA, net income, deposits, loan growth, asset quality and Deposit Insurance Fund trends for FDIC-insured institutions. It is informational only and does not create new requirements.","Press Release: FDIC-Insured Institutions Reported Return on Assets of 1.37 Percent and Net Income of $90.1 Billion in Second Quarter 2026

FDIC Subscriptions sent this bulletin at 08/25/2026 10:05 AM EDT

PRESS RELEASE | AUGUST 25, 2026

FDIC-Insured Institutions Reported Return on Assets of 1.37 Percent and Net Income of $90.1 Billion in Second Quarter 2026

WASHINGTON—The Federal Deposit Insurance Corporation (FDIC) today released the results of its latest
Quarterly Banking Profile
, a comprehensive summary of financial results based on reports from 4,238 insured commercial banks and savings institutions.

In second quarter 2026, FDIC-insured institutions reported a return on assets (ROA) ratio of 1.37 percent and aggregate net income of $90.1 billion, an increase of $9.7 billion (12.0 percent) from the prior quarter. The banking industry continued to maintain strong capital and liquidity levels, which support lending and protect against potential losses. Other key findings of the FDIC’s Quarterly Banking Profile include:

Net income among community banks increased 8.2 percent from",https://content.govdelivery.com/accounts/USFDIC/bulletins/426aa10,,,,
3-A11-sample,2165,03f89c785675fe2bcf90f8e1809a8f34203b7353e88f895596f18635b92857a3,fdic:notices#2165,test,FDIC,notices,2026-09-22,Sunshine Act Meetings: Notice of Meeting Held with Less Than Seven Days' Advance Notice,A11,"Intelligence: speech, blog, press release, research, working paper",A11,P3,"The FDIC published a Sunshine Act notice reporting an open Board meeting held on September 17, 2026, including items discussed and a board vote on a rescission. It does not itself create or change requirements for firms.","FEDERAL DEPOSIT INSURANCE CORPORATION
Sunshine Act Meetings: Notice of Meeting Held with Less Than Seven Days' Advance Notice
TIME AND DATE:
10:00 a.m. on September 17, 2026. PLACE: The meeting was held in the FDIC Board Room, 550 17th Street NW, Washington, DC, with less than seven days' advance notice and was webcast to the public.
STATUS:
Open to public observation via webcast.
MATTERS TO BE CONSIDERED:
Pursuant to the provisions of the “Government in the Sunshine Act” (5 U.S.C. 552b), notice is given that the Federal Deposit Insurance Corporation's Board of Directors met in open session to consider the following matters:
Discussion Agenda
Notice of Proposed Rulemaking: Merger Transactions.
Notice of Proposed Rulemaking: State Bank Parity.
Summary Agenda
No substantive discussion of the following item occurred. The Board of Directors resolved this matter with a vote.
Rescission of Board Statement on the Development and Communication of Supervisory Recommendations.
CONTACT PERSON FOR MORE INFORMATION:
For further information, please contact Hanoi Veras, Executive Secretary, FDIC, a",https://www.federalregister.gov/documents/2026/09/22/2026-19304/sunshine-act-meetings-notice-of-meeting-held-with-less-than-seven-days-advance-notice,,,,
3-A11-sample,664,17f959fe42a92f3dc2fd149994f72b03877519aff5e1582886cda5caf7c52f6f,hmt:policy_papers#664,test,HMT,policy_papers,2026-08-28,Treasury Minutes – August 2026,A11,"Intelligence: speech, blog, press release, research, working paper",A11,P3,"UK Treasury Minutes responding to Public Accounts Committee reports on asylum, defence, access to work, museums and Northern Powerhouse Rail. The document records government responses and intended implementation dates, but it is not itself a rule, supervisory notice, or binding obligation for firms. No direct compliance action for the bank is evident.","Treasury Minutes
Government Response to the Committee of
Public Accounts on the First and Fourth to
Eighth reports from Session 2026-27
CP 1668 August 2026

Treasury Minutes
Government Response to the Committee of Public
Accounts on the First and Fourth to Eighth reports
from Session 2026-27
Presented to Parliament by the Financial Secretary to the Treasury
by Command of His Majesty
August 2026
CP 1668

© Crown copyright 2026
This publication is licenced under the term of the Open Government Licence v.3.0
except where otherwise stated. To view this licence, visit
nationalarchives.gov.uk/doc/open-government-licence/version/3.
Where we have identified any third party copyright information, you will need to obtain
permission from the copyright holders concerned.
This publication is available at
Any enquiries regarding this publication should be sent to us at:
ISBN 978-1-5286-6799-9
E03677598 08/26
Printed on paper containing 40% recycled fibre content minimum.
Printed in the UK by HH Associates Ltd. on behalf of the Controller of His Majesty’s
Stationery O",https://www.gov.uk/government/publications/treasury-minutes-august-2026,,,,
3-A11-sample,6218,e43cdcd935e8ab013821492c03a59fcee22d4759880817ce68703f0fe0a261de,hmt:news#6218,test,HMT,news,2026-08-31,£100 million competition to back British AI companies to fix public services,A11,"Intelligence: speech, blog, press release, research, working paper",A11,P3,"HMT announced a £100 million press-release competition under the Sovereign AI R&D Procurement Scheme to back British AI start-ups developing public-sector solutions, including NHS productivity, compute efficiency, defence and AI agent security. It is an announcement of government funding and procurement challenges, not a rule or supervisory requirement. No compliance deadline or obligation is created for banks.","Press release

£100 million competition to back British AI companies to fix public services

£100 million fund competition will help promising British AI start-ups start in the UK and tackle some of society's biggest challenges.

,
Cabinet Office
,
The Rt Hon John Healey MP
and
The Rt Hon Kanishka Narayan MP

British AI startups backed to tackle some of society’s biggest challenges, from cutting NHS lists and improving patient care, to strengthening cyber and national security.

£100 million fund competition is the latest part of Sovereign AI’s support to help promising British AI start-ups start in the UK, scale in the UK, and win globally.

The Chancellor has also confirmed today that the UK plans to open up the AI Economics Institute to international cooperation with G7 countries.

People in every postcode will benefit from better public services and a stronger economy as the Government today launches the first procurement competitions under its £100 million Sovereign AI R&D Procurement Scheme.

Announced by Chancellor John Healey MP at the G20 Finance Ministers and Central Bank G",https://www.gov.uk/government/news/100-million-competition-to-back-british-ai-companies-to-fix-public-services,,,,
3-A11-sample,6215,e39b5854fe524a37c3e0eec8cbf66715793355306491a6f56a919a02ff0422e8,hmt:news#6215,test,HMT,news,2026-09-07,Chancellor John Healey's Growth Speech 2026,A11,"Intelligence: speech, blog, press release, research, working paper",A11,P3,"This is a ministerial speech on the UK government’s growth agenda, fiscal discipline and industrial strategy. It signals policy direction for business investment, regulation and public finances, but does not create or change any binding requirements.","Speech

Chancellor John Healey's Growth Speech 2026

Chancellor John Healey delivered his Growth Speech on 7 September 2026.

and
The Rt Hon John Healey MP

Delivered on:

(Transcript of the speech, exactly as it was delivered)

Thank you for your welcome. Thank you to those of your staff here who have helped organise this event. As we were walking in here I said to Graham, what are you most proud of about the MTC? He said we turn small ideas into brilliant businesses. And that’s why we’re so proud to back you, that’s why I’m so pleased to be here.

And I’m particularly pleased my good friends and colleagues, the West Midlands Mayor, Richard Parker, and Johnny Reynolds as Business Secretary here as well. And members of the brilliant Treasury ministerial team I’ve got here, James, Dan, Lucy and Torsten.

But above all, thank you, and especially to you the apprentices, I really look forward to some time with you later, so thank you.

The MTC is an organisation at the very heart of Advanced Manufacturing – and advanced manufacturing is one of our eight Industrial Strategy growth sectors",https://www.gov.uk/government/speeches/chancellor-john-healeys-growth-speech-2026,,,,
3-A11-sample,1685,ccaf6140a5bbc1445e324f4bb46f58786e8f2940a97ebb8bb8feeaee176a8685,occ:notices#1685,test,OCC,notices,2026-08-25,Interagency Rescission of the Interagency Statement on Special Purpose Credit Programs Under the Equal Credit Opportunity Act and Regulation B,A11,"Intelligence: speech, blog, press release, research, working paper",A14,P3,"The OCC and other US agencies issued a notice rescinding the 2022 interagency statement on special purpose credit programs under ECOA/Regulation B. The rescission took effect on 2026-08-25, and agencies say creditors should not rely on the prior statement or related issuances going forward.","FEDERAL DEPOSIT INSURANCE CORPORATION
NATIONAL CREDIT UNION ADMINISTRATION
DEPARTMENT OF THE TREASURY
Office of the Comptroller of the Currency
CONSUMER FINANCIAL PROTECTION BUREAU
DEPARTMENT OF HOUSING AND URBAN DEVELOPMENT
DEPARTMENT OF JUSTICE
FEDERAL HOUSING FINANCE AGENCY
[Docket No. FR-6606-N-01]
Interagency Rescission of the Interagency Statement on Special Purpose Credit Programs Under the Equal Credit Opportunity Act and Regulation B
AGENCY:
The Federal Deposit Insurance Corporation (FDIC), the National Credit
Union Administration (NCUA), the Office of the Comptroller of the Currency (OCC), the Consumer Financial Protection Bureau (CFPB or Bureau), the Department of Housing and Urban Development (HUD), the Department of Justice (DOJ), and the Federal Housing Finance Agency (FHFA)
ACTION:
Notice.
SUMMARY:
FDIC, NCUA, OCC, CFPB, HUD, DOJ, and FHFA (collectively, the agencies) are issuing this notice to inform the public of the rescission of the “
Interagency Statement on Special Purpose Credit Programs Under the Equal Credit Opportunity Act and Regulation B”
(Interagency State",https://www.federalregister.gov/documents/2026/08/25/2026-17307/interagency-rescission-of-the-interagency-statement-on-special-purpose-credit-programs-under-the,,,,
3-A11-sample,4166,38e905572904babb33e07cfa4ca719fefca157c731f5c65f90ad3ed85f018616,occ:news#4166,test,OCC,news,2026-09-01,OCC Releases CRA Performance Evaluations for 23 National Banks and Federal Savings Associations,A11,"Intelligence: speech, blog, press release, research, working paper",A11,P3,"The OCC published public Community Reinvestment Act performance evaluations for 23 national banks and federal savings associations, including Edison National Bank. The document reports the bank’s CRA ratings and supporting analysis for the period 1 Jan 2022 to 31 Dec 2024; it does not create new requirements or deadlines.","PUBLIC DISCLOSURE

February 17, 2026

COMMUNITY REINVESTMENT ACT
PERFORMANCE EVALUATION

Edison National Bank
Charter Number: 23329

13000 South Cleveland Avenue
Fort Myers, Florida 33907

Office of the Comptroller of the Currency

4042 Park Oaks Blvd, Suite 240
Tampa, FL 33610

NOTE: This document is an evaluation of this institution's record of meeting the credit needs of its
entire community, including low- and moderate-income neighborhoods, consistent with safe
and sound operation of the institution. This evaluation is not, and should not be construed as,
an assessment of the financial condition of this institution. The rating assigned to this
institution does not represent an analysis, conclusion, or opinion of the federal financial
supervisory agency concerning the safety and soundness of this financial institution.

Charter Number: 23329

i

Overall CRA Rating ...................................................................................................................................................... 1
Description of Institution ........................................",https://www.occ.gov/news-issuances/news-releases/2026/nr-occ-2026-74.html,,,,
3-A11-sample,5694,cdd6863dfed5b592f2387cefbed9d11ef8d0fca9c2c8faddd70b18ce1b059342,sec:notices#5694,test,SEC,notices,2026-08-03,"In the Matter of Nasdaq PHLX LLC; Order Granting Petition for Review and Scheduling Filing of Statements Regarding an Order Approving, on an Accelerated Basis, a Proposed Rule Change, as Modified by Amendment No. 1, To List and Trade Nasdaq Bitcoin Index Options",A11,"Intelligence: speech, blog, press release, research, working paper",A14,P3,"The SEC issued an order granting CME's petition for review of a prior approval order allowing Nasdaq PHLX to list and trade Nasdaq Bitcoin Index options. The approval order remains stayed, and parties may file statements for or against the approval order by 2026-08-24.","SECURITIES AND EXCHANGE COMMISSION
[Release No. 34-106005; File No. SR-Phlx-2025-50]
In the Matter of Nasdaq PHLX LLC; Order Granting Petition for Review and Scheduling Filing of Statements Regarding an Order Approving, on an Accelerated Basis, a Proposed Rule Change, as Modified by Amendment No. 1, To List and Trade Nasdaq Bitcoin Index Options
July 29, 2026.
This matter comes before the Securities and Exchange Commission (“Commission”) on petition to review the approval, pursuant to delegated authority, of Nasdaq PHLX LLC's (“Phlx”) proposed rule change (File No. SR-Phlx-2025-50) to list and trade Nasdaq Bitcoin Index options.
On September 23, 2025, Phlx filed with the Commission, pursuant to Section 19(b)(1) of the Securities Exchange Act of 1934 (“Act”)
and Rule 19b-4 thereunder,
the proposed rule change. The proposed rule change was published for comment in the
Federal Register
on September 29, 2025.
On November 3, 2025, the Division of Trading and Markets (“Division”), for the Commission pursuant to delegated authority,
designated a longer period within which to approve the pro",https://www.federalregister.gov/documents/2026/08/03/2026-15615/in-the-matter-of-nasdaq-phlx-llc-order-granting-petition-for-review-and-scheduling-filing-of,,,,
3-A11-sample,5666,f4bbe0d22a32af15df8527d4b0240638707ed310ac1d71647fba6e9cc330f59f,sec:notices#5666,test,SEC,notices,2026-08-06,Agency Information Collection Activities; Submission for OMB Review; Comment Request; Extension: Rule 15c1-7,A11,"Intelligence: speech, blog, press release, research, working paper",A8,P3,The SEC is seeking OMB review and public comment on extending the information collection associated with Rule 15c1-7 for registered broker-dealers with discretionary customer accounts. No new substantive obligations are created; comments are due by 2026-09-08.,"SECURITIES AND EXCHANGE COMMISSION
[OMB Control No. 3235-0134]
Agency Information Collection Activities; Submission for OMB Review; Comment Request; Extension: Rule 15c1-7
Upon Written Request, Copies Available From:
Securities and Exchange Commission, Office of FOIA Services, 100 F Street NE, Washington, DC 20549-2736
Notice is hereby given that pursuant to the Paperwork Reduction Act of 1995 (44 U.S.C. 3501
et seq.
), the Securities and Exchange Commission (“SEC” or “Commission”) is submitting to the Office of Management and Budget (“OMB”) this request for extension of the proposed collection of information provided for in Rule 15c1-7 (17 CFR 240.15c1-7) under the Securities Exchange Act of 1934 (15 U.S.C. 78a
et seq.
) (“Exchange Act”).
Rule 15c1-7 states that any act of a broker-dealer designed to effect securities transactions with or for a customer account over which the broker-dealer (directly or through an agent or employee) has discretion will be considered a fraudulent, manipulative, or deceptive practice under the federal securities laws, unless a record is made of the tra",https://www.federalregister.gov/documents/2026/08/06/2026-15933/agency-information-collection-activities-submission-for-omb-review-comment-request-extension-rule,,,,
3-A11-sample,5648,a266ebccf144f59a2006514217da1be9c24c6b071db9ab753a5cb610b25f6f08,sec:notices#5648,test,SEC,notices,2026-08-10,Sunshine Act Meetings,A11,"Intelligence: speech, blog, press release, research, working paper",A11,P3,"The SEC announced a closed Sunshine Act meeting for August 13, 2026, at which it will consider injunctive actions, administrative proceedings, litigation claims, and matters relating to examinations and enforcement. No rule change or new obligation is created.","SECURITIES AND EXCHANGE COMMISSION
Sunshine Act Meetings
TIME AND DATE:
2:00 p.m. on Thursday, August 13, 2026.
PLACE:
The meeting will be held via remote means and at the Commission's headquarters, 100 F Street, NE, Washington, DC 20549.
STATUS:
This meeting will be closed to the public.
MATTERS TO BE CONSIDERED:
Commissioners, Counsel to the Commissioners, the Secretary to the Commission, and recording secretaries will attend the closed meeting. Certain staff members who have an interest in the matters also may be present.
In the event that the time, date, or location of this meeting changes, an announcement of the change, along with the new time, date, and/or place of the meeting will be posted on the Commission's website at

The General Counsel of the Commission, or his designee, has certified that, in his opinion, one or more of the exemptions set forth in 5 U.S.C. 552b(c)(3), (5), (6), (7), (8), 9(B) and (10) and 17 CFR 200.402(a)(3), (a)(5), (a)(6), (a)(7), (a)(8), (a)(9)(ii) and (a)(10), permit consideration of the scheduled matters at the closed meeting.",https://www.federalregister.gov/documents/2026/08/10/2026-16233/sunshine-act-meetings,,,,
3-A11-sample,5633,9d1266a800cadca7d1e7cd5824b3228b98a977f2fb514e765a0b1db62bdd746c,sec:notices#5633,test,SEC,notices,2026-08-12,"Source Capital and First Pacific Advisors, LP",A11,"Intelligence: speech, blog, press release, research, working paper",A14,P3,"The SEC published a notice of an application by Source Capital and First Pacific Advisors seeking exemptive relief under the Investment Company Act to allow certain closed-end funds to make more frequent capital gain distributions. Interested persons may request a hearing by 2026-09-01. This is a notice of a pending application, not a rule or order.","SECURITIES AND EXCHANGE COMMISSION
[Investment Company Act Release No. 36288; 812-16018]
Source Capital and First Pacific Advisors, LP
August 7, 2026.
AGENCY:
Securities and Exchange Commission (“Commission” or “SEC”).
ACTION:
Notice.
Notice of an application under section 6(c) of the Investment Company Act of 1940 (the “Act”) for an exemption from section 19(b) of the Act and rule 19b-1 under the Act to permit registered closed-end investment companies to make periodic distributions of long-term capital gains more frequently than permitted by section 19(b) or rule 19b-1.
Summary of Application:
Applicants request an order to permit certain registered closed-end management investment companies to pay as frequently as twelve times in any one taxable year in respect of its
common stock and as often as specified by, or determined in accordance with the terms of, any preferred stock issued by the investment company subject to the terms and conditions stated in the application.
Applicants:
Source Capital and First Pacific Advisors, LP.
Filing Dates:
The application was filed on April 21,",https://www.federalregister.gov/documents/2026/08/12/2026-16385/source-capital-and-first-pacific-advisors-lp,,,,
3-A11-sample,5599,6289642299f9975983a93de3f189a3b4952d44d746fbb20c9751a1d3c05741d0,sec:notices#5599,test,SEC,notices,2026-08-17,Elevation Series Trust and Norris Perné and French LLP,A11,"Intelligence: speech, blog, press release, research, working paper",A6,P3,"The SEC published a notice of an application by Elevation Series Trust and Norris Perné and French LLP seeking exemptive relief to allow subadvisory agreements to be entered into or materially amended without shareholder approval and to relieve certain fee disclosure requirements. Interested parties may request a hearing by 2026-09-07. This is a notice, not a rule or order.","SECURITIES AND EXCHANGE COMMISSION
[Investment Company Act Release No. 36294; 812-16016]
Elevation Series Trust and Norris Perné and French LLP
August 12, 2026.
AGENCY:
Securities and Exchange Commission (“Commission” or “SEC”).
ACTION:
Notice.
Notice of an application under section 6(c) of the Investment Company Act of 1940 (“Act”) for an exemption from section 15(a) of the Act, as well as from certain disclosure requirements in rule 20a-1 under the Act, Item 19(a)(3) of Form N-1A, Items 22(c)(1)(ii), 22(c)(1)(iii), 22(c)(8) and 22(c)(9) of Schedule 14A under the Securities Exchange Act of 1934, and sections 6-07(2)(a), (b), and (c) of Regulation S-X (“Disclosure Requirements”).
Summary of Application:
The requested exemption would permit Applicants to enter into and materially amend subadvisory agreements with subadvisers without shareholder approval and would grant relief from the Disclosure Requirements as they relate to fees paid to the subadvisers.
Applicants:
Elevation Series Trust and Norris Perné and French LLP.
Filing Date:
The application was filed on April 17, 2026 and am",https://www.federalregister.gov/documents/2026/08/17/2026-16702/elevation-series-trust-and-norris-pern-and-french-llp,,,,
3-A11-sample,5581,41c56e4749016f2cfe84fbf1a2a885f30d599f6e98aacb888e34a97ca7f3d5e8,sec:notices#5581,test,SEC,notices,2026-08-18,Agency Information Collection Activities; Submission for OMB Review; Comment Request; Extension: Rule 17g-1 and Form NRSRO,A11,"Intelligence: speech, blog, press release, research, working paper",A8,P3,"The SEC is seeking OMB renewal of the information collection for Rule 17g-1 and Form NRSRO, which govern NRSRO registration and ongoing disclosure. Public comments are invited within 30 days of publication, by 2026-09-18. This is a notice about paperwork burden and does not itself change the rule requirements.","SECURITIES AND EXCHANGE COMMISSION
[OMB Control No. 3235-0625]
Agency Information Collection Activities; Submission for OMB Review; Comment Request; Extension: Rule 17g-1 and Form NRSRO
Upon Written Request, Copies Available From:
Securities and Exchange Commission, Office of FOIA Services, 100 F Street NE, Washington, DC 20549-2736
Notice is hereby given that, pursuant to the Paperwork Reduction Act of 1995 (44 U.S.C. 350
et seq.
), the Securities and Exchange Commission (SEC or “Commission”) is submitting to the Office of Management and Budget (OMB) this request for extension of the proposed collection of information. Rule 17g-1 and Form NRSRO set forth a process for registration as an NRSRO and ongoing disclosure. Rule 17g-1 requires the filing of an application on Form NRSRO to register as an NRSRO or to register for an additional class of credit ratings. Form NRSRO lists the information that must be included in the application.
Currently, there are 11 credit rating agencies registered as NRSROs with the Commission. Based on staff experience, the Commission estimates that the ong",https://www.federalregister.gov/documents/2026/08/18/2026-16824/agency-information-collection-activities-submission-for-omb-review-comment-request-extension-rule,,,,
3-A11-sample,5547,ff9e55c8db67700f2a9e4b092e7d7fcf89d8a58f09c290f39dc9473a71c1793f,sec:notices#5547,test,SEC,notices,2026-08-24,Agency Information Collection Activities; Proposed Collection; Comment Request; Extension: Rule 433,A11,"Intelligence: speech, blog, press release, research, working paper",A8,P3,The SEC is seeking comment on a proposed extension of its existing Paperwork Reduction Act information collection for Rule 433 (free writing prospectuses). It does not change the rule itself; comments are due by 2026-10-23.,"SECURITIES AND EXCHANGE COMMISSION
[OMB Control No. 3235-0617]
Agency Information Collection Activities; Proposed Collection; Comment Request; Extension: Rule 433
Upon Written Request, Copies Available From:
Securities and Exchange Commission, Office of FOIA Services, 100 F Street NE, Washington, DC 20549-2736
Notice is hereby given that, pursuant to the Paperwork Reduction Act of 1995 (44 U.S.C. 3501
et seq.
), the Securities and Exchange Commission (“Commission”) is soliciting comments on the collections of information summarized below. The Commission plans to submit this existing collection of information to the Office of Management and Budget for extension and approval.
Rule 433 (17 CFR 230.433) governs the use and filing of free writing prospectuses with respect to the securities of an issuer that are the subject of a registration statement that has been filed under the Securities Act of 1933 (15 U.S.C. 77a
et seq.
). A free writing prospectus that satisfies the conditions pursuant to Rule 433 will be a prospectus under Section 10(b) of the Securities Act and will be deemed to b",https://www.federalregister.gov/documents/2026/08/24/2026-17223/agency-information-collection-activities-proposed-collection-comment-request-extension-rule-433,,,,
3-A11-sample,5545,b83512e0eb28249c60274d631c1f35da6aed97553018de3856feef3410ee848e,sec:notices#5545,test,SEC,notices,2026-08-24,Agency Information Collection Activities; Proposed Collection; Comment Request; Extension: Rule 17f-1,A11,"Intelligence: speech, blog, press release, research, working paper",A8,P3,SEC notice seeking public comment under the Paperwork Reduction Act on extending the information collection for Rule 17f-1. It does not change the rule itself; it only asks for comments on the estimated burden and OMB approval for existing custody reporting requirements for registered management investment companies and their boards.,"SECURITIES AND EXCHANGE COMMISSION
[OMB Control No. 3235-0222]
Agency Information Collection Activities; Proposed Collection; Comment Request; Extension: Rule 17f-1
Upon Written Request, Copies Available From:
Securities and Exchange Commission, Office of FOIA Services, 100 F Street NE, Washington, DC 20549-2736
Notice is hereby given that pursuant to the Paperwork Reduction Act of 1995 (44 U.S.C. 3501
et seq.
), the Securities and Exchange Commission (the “Commission”) is soliciting comments on the collections of information summarized below. The Commission plans to submit these existing collections of information to the Office of Management and Budget for extension and approval.
Rule 17f-1 (17 CFR 270.17f-1) under the Investment Company Act of 1940 (the “Act”) (15 U.S.C. 80a) is entitled: “Custody of securities with members of national securities exchanges.” Rule 17f-1 provides that any registered management investment company (“fund”) that wishes to place its assets in the custody of a national securities exchange member may do so only under a written contract that must be ratifie",https://www.federalregister.gov/documents/2026/08/24/2026-17225/agency-information-collection-activities-proposed-collection-comment-request-extension-rule-17f-1,,,,
3-A11-sample,4227,15555ff24195623ee9a764e2d4dc5dcc4eb1b7877de33e0975f0b96b6024f54f,sec:press_releases#4227,test,SEC,press_releases,2026-09-01,SEC Announces Agenda and Panelists for Roundtable on Preparations for 24-Hour Trading,A11,"Intelligence: speech, blog, press release, research, working paper",A11,P3,"The SEC announced the agenda and panelists for a Sept. 17, 2026 public roundtable on preparations for 24-hour trading. The event will discuss exchange and broker-dealer readiness, surveillance, settlement, operational resilience, cybersecurity, and potential next steps, but it does not create new rules or obligations.","Press Release

SEC Announces Agenda and Panelists for Roundtable on Preparations for 24-Hour Trading

For Immediate Release

2026-83

Washington D.C., Sept. 1, 2026 —

The Securities and Exchange Commission today announced the agenda and panelists for its Sept. 17, 2026, roundtable on preparations for 24-hour trading.
The roundtable will be held at the SEC’s headquarters at 100 F Street, N.E., Washington, D.C., from 10 a.m. to 4 p.m. ET. The event will be open to the public and webcast live on the SEC’s website. Doors will open at 9 a.m. ET.
For in-person attendance, please visit the
registration page
. Visitors will be subject to security checks.
For online attendance, registration is not necessary; a link to watch the event will be available on Sept. 17 at

, and a recording will be available at a later date on the SEC’s website.
More information, including how to submit comments, is available on the SEC’s Roundtable on Preparations for 24-Hour Trading
event page
.

Agenda
TIME
EVENT
9 a.m.
Doors Open
10 a.m.
Opening Remarks
SEC Chairman and Commissioners and Jamie Selwa",https://www.sec.gov/newsroom/press-releases/2026-83-sec-announces-agenda-panelists-roundtable-preparations-24-hour-trading,,,,
3-A11-sample,5479,fa8a662409d7edff3da2326b25e40f44d6f8497c34dfe34dffa1b3ae16e33afe,sec:notices#5479,test,SEC,notices,2026-09-03,"Notice of a Request for Exemption From Certain Provisions of the National Market System Plan Governing the Consolidated Audit Trail Related to the Recovery of Costs Incurred During Period 4 of the Financial Accountability Milestones Pursuant to Section 36 of the Securities Exchange Act of 1934 and/or Rule 608(e) of Regulation NMS Thereunder, and Request for Comment",A11,"Intelligence: speech, blog, press release, research, working paper",A3,P3,"The SEC issued a notice requesting comment on a CAT LLC request for exemptive relief from certain Consolidated Audit Trail plan provisions relating to recovery of costs incurred during Period 4 of the Financial Accountability Milestones. This is a comment solicitation, not a rule change, and no compliance date is set.","SECURITIES AND EXCHANGE COMMISSION
[Release No. 34-106237; File No. 4-698]
Notice of a Request for Exemption From Certain Provisions of the National Market System Plan Governing the Consolidated Audit Trail Related to the Recovery of Costs Incurred During Period 4 of the Financial Accountability Milestones Pursuant to Section 36 of the Securities Exchange Act of 1934 and/or Rule 608(e) of Regulation NMS Thereunder, and Request for Comment
September 1, 2026.
On August 11, 2026, Consolidated Audit Trail, LLC (“CAT LLC”), on behalf of the Participants
in the National Market System Plan Governing the Consolidated Audit Trail (“CAT NMS Plan” or “Plan”),
submitted a letter (the “FAM 4 Exemption Request”)
requesting that the Securities and Exchange Commission (“Commission” or “SEC”) use its exemptive authority under Section 36 of the Exchange Act
and/or Rule 608(e) of Regulation NMS thereunder
in connection with the recovery of certain costs incurred during the fourth and final Financial Accountability Milestone (“FAM 4”) of the Plan. The Commission is publishing this notice to provide inte",https://www.federalregister.gov/documents/2026/09/03/2026-18071/notice-of-a-request-for-exemption-from-certain-provisions-of-the-national-market-system-plan,,,,
3-A11-sample,5463,51469c07bd49853ec3fe18b77bc8618ee22f5a0365448aa767f26f10168db460,sec:notices#5463,test,SEC,notices,2026-09-08,Sunshine Act Meetings,A11,"Intelligence: speech, blog, press release, research, working paper",A14,P3,"The SEC announced a closed Sunshine Act meeting for September 10, 2026, including matters on enforcement, litigation claims, and examinations. This is a notice of meeting logistics only and does not create new obligations or deadlines for firms.","SECURITIES AND EXCHANGE COMMISSION
Sunshine Act Meetings
TIME AND DATE:
2:00 p.m. on Thursday, September 10, 2026.
PLACE:
The meeting will be held via remote means and at the Commission's headquarters, 100 F Street NE, Washington, DC 20549.
STATUS:
This meeting will be closed to the public.
MATTERS TO BE CONSIDERED:
Commissioners, Counsel to the Commissioners, the Secretary to the Commission, and recording secretaries will attend the closed meeting. Certain staff members who have an interest in the matters also may be present.
In the event that the time, date, or location of this meeting changes, an announcement of the change, along with the new time, date, and/or place of the meeting will be posted on the Commission's website at

The General Counsel of the Commission, or his designee, has certified that, in his opinion, one or more of the exemptions set forth in 5 U.S.C. 552b(c)(3), (5), (6), (7), (8), 9(B) and (10) and 17 CFR 200.402(a)(3), (a)(5), (a)(6), (a)(7), (a)(8), (a)(9)(ii) and (a)(10), permit consideration of the scheduled matters at the closed meeting",https://www.federalregister.gov/documents/2026/09/08/2026-18257/sunshine-act-meetings,,,,
3-A11-sample,5457,9bcfdf83b1a40147fbc02e9becde479b0b73b016054a654e3149c26b333f111a,sec:notices#5457,test,SEC,notices,2026-09-09,"AMG BBH Asset-Backed Credit Fund, LLC, et al.",A11,"Intelligence: speech, blog, press release, research, working paper",A6,P3,"The SEC issued a notice of application, as amended, seeking an exemptive order to allow certain BDCs and open- and closed-end funds to co-invest with affiliates. Interested persons may request a hearing by 2026-09-28. This is a notice about requested relief, not a rule or order.","SECURITIES AND EXCHANGE COMMISSION
[Investment Company Act Release No. 36290A; File No. 812-16017]
AMG BBH Asset-Backed Credit Fund, LLC, et al.
September 3, 2026.
AGENCY:
Securities and Exchange Commission (“Commission” or “SEC”).
ACTION:
Notice.
Notice of application for an order under sections 17(d) and 57(i) of the Investment Company Act of 1940 (the “Act”) and rule 17d-1 under the Act to permit certain joint transactions otherwise prohibited by sections 17(d) and 57(a)(4) of the Act and rule 17d-1 under the Act.
Summary of Application:
Applicants request an order to permit certain business development companies (“BDCs”), closed-end, and open-end management investment companies to co-invest in portfolio companies with each other and with certain affiliated investment entities.
The Commission issued a notice of application on August 10, 2026, Release No. IC-36290. This amended notice corrects the listed types of entities that may rely on the requested relief.
Applicants:
AMG BBH Asset-Backed Credit Fund, LLC, Brown Brothers Harriman Credit Partners, LLC, and certain of their affil",https://www.federalregister.gov/documents/2026/09/09/2026-18294/amg-bbh-asset-backed-credit-fund-llc-et-al,,,,
3-A11-sample,5460,52757946bd03afdc3f30d2676a96b265b079ff6a78cdd576bf478daef043e4d8,sec:notices#5460,test,SEC,notices,2026-09-09,"Self-Regulatory Organizations; Nasdaq Texas, LLC; Notice of Filing, and Order Granting Accelerated Approval of, a Proposed Rule Change To Amend Rule 5711(d) (Commodity-Based Trust Shares)",A11,"Intelligence: speech, blog, press release, research, working paper",A3,P3,"The SEC publishes notice of and accelerated approval for Nasdaq Texas’s rule change to its listing standards for Commodity-Based Trust Shares. The amendment would allow up to a 15% NAV buffer of ineligible assets, add a digital commodity definition, and permit actively managed strategies. No firm-specific action date is stated.","SECURITIES AND EXCHANGE COMMISSION
[Release No. 34-106268; File No. SR-NasdaqTX-2026-039]
Self-Regulatory Organizations; Nasdaq Texas, LLC; Notice of Filing, and Order Granting Accelerated Approval of, a Proposed Rule Change To Amend Rule 5711(d) (Commodity-Based Trust Shares)
September 3, 2026.
On August 20, 2026, Nasdaq Texas, LLC (“Nasdaq Texas” or “Exchange”) filed with the Securities and Exchange Commission (the “Commission”), pursuant to Section 19(b)(1) of the Securities Exchange Act of 1934
(“Act”)
, and Rule 19b-4 thereunder (“Rule 19b-4”),
a proposed rule change to amend Nasdaq Texas Rule 5711(d) to modify the generic listing standards for Commodity-Based Trust Shares. The proposed rule change is described in Items I and II below, which Items have been prepared by the Exchange. The Commission is publishing this notice to solicit comments on the proposed rule change from interested persons and is approving the proposed rule change (the “Proposal”), on an accelerated basis.
15 U.S.C. 78s(b)(1).
17 CFR 240.19b-4.
I. Self-Regulatory Organization's Statement of the Terms of Subs",https://www.federalregister.gov/documents/2026/09/09/2026-18291/self-regulatory-organizations-nasdaq-texas-llc-notice-of-filing-and-order-granting-accelerated,,,,
3-A11-sample,4220,fbcd8ea793db763590e9c2837c11f9779a24271a749f997b2fc0f969b13e3f8b,sec:press_releases#4220,test,SEC,press_releases,2026-09-17,SEC Issues “Innovation Exemption” to Facilitate the Trading of Tokenized NMS Stock and Request for Comment,A11,"Intelligence: speech, blog, press release, research, working paper",A11,P3,The SEC announced temporary exemptive relief for tokenized NMS stock trading on Tokenized Securities Venues and sought public comment on possible changes and next steps. It also granted a temporary dealer exemption for certain AMM liquidity providers. The relief is conditional and expires five years after publication.,"Press Release

SEC Issues “Innovation Exemption” to Facilitate the Trading of Tokenized NMS Stock and Request for Comment

For Immediate Release

2026-90

Washington D.C., Sept. 17, 2026 —

The Securities and Exchange Commission today issued an order granting temporary, conditional exemptive relief to Tokenized Securities Venues each a “TSV” from the definition of “exchange” in the Securities Exchange Act of 1934 (Exchange Act) to trade tokenized National Market System (NMS) stock using innovative permissioned automated market makers and liquidity pools (together “AMM Liquidity Pools”).
“Today, the Securities and Exchange Commission is taking a significant step forward, within its statutory authority, to bring America’s capital markets into the digital age by facilitating onchain trading of certain tokenized stocks through the ‘Innovation Exemption,’” said SEC Chairman Paul S. Atkins in a
statement
. “The Innovation Exemption, while temporary, would allow TSVs to trade tokenized NMS stock in a permissioned environment today while the Commission considers the need for additional actio",https://www.sec.gov/newsroom/press-releases/2026-90-sec-issues-innovation-exemption-facilitate-trading-tokenized-nms-stock-request-comment,,,,
3-A11-sample,3133,5f715b301b6288b2e167a7fdb8f0be753a37cb2d4cc9e0173eade5d428b924cf,sec:notices#3133,test,SEC,notices,2026-09-24,"Self-Regulatory Organizations; Cboe Exchange, Inc.; Notice of Designation of a Longer Period for Commission Action on Proceedings To Determine Whether To Approve or Disapprove a Proposed Rule Change To Accommodate Stop-Limit Complex Orders and To Establish Stop Complex Order Auctions as a New Type of Auction Mechanism",A11,"Intelligence: speech, blog, press release, research, working paper",A14,P3,The SEC published a notice extending its deadline to act on Cboe Exchange’s proposed rule change for stop-limit complex orders and a new auction mechanism. The Commission now has until 2026-11-21 to approve or disapprove the proposal. This is procedural and does not itself change requirements.,"SECURITIES AND EXCHANGE COMMISSION
[Release No. 34-106444; File No. SR-CBOE-2026-024]
Self-Regulatory Organizations; Cboe Exchange, Inc.; Notice of Designation of a Longer Period for Commission Action on Proceedings To Determine Whether To Approve or Disapprove a Proposed Rule Change To Accommodate Stop-Limit Complex Orders and To Establish Stop Complex Order Auctions as a New Type of Auction Mechanism
September 21, 2026.
On March 9, 2026, Cboe Exchange, Inc. (the “Exchange” or “Cboe Options”) filed with the Securities and Exchange Commission (“Commission”), pursuant to Section 19(b)(1) of the Securities Exchange Act of 1934 (the “Act”),
and Rule 19b-4 thereunder,
a proposed rule change to establish stop-limit complex orders as a type of complex order and to establish the Stop-Limit Complex Order Auction as a type of auction mechanism to facilitate auctions for stop-limit complex orders. The proposed rule change was published for comment in the
Federal Register
on March 26, 2026.
The Commission received no comments regarding the proposed rule change.
15 U.S.C. 78s(b)(1).
17 CFR 240.1",https://www.federalregister.gov/documents/2026/09/24/2026-19513/self-regulatory-organizations-cboe-exchange-inc-notice-of-designation-of-a-longer-period-for,,,,
3-A11-sample,4010,6188ffe7f6409b72d3057c70fac67a2b8a49992326dbc0cf421485457384ee90,treas:notices#4010,test,TREAS,notices,2026-08-03,Agency Information Collection Activities; Comment Request on Export Exemption Certificate,A11,"Intelligence: speech, blog, press release, research, working paper",A8,P3,The IRS is seeking public comments on an unchanged extension of the Export Exemption Certificate information collection (Form 1363) under the Paperwork Reduction Act. Comments are due by 2026-10-02. This is a notice only and does not change any filing requirements.,"DEPARTMENT OF THE TREASURY
Internal Revenue Service
Agency Information Collection Activities; Comment Request on Export Exemption Certificate
AGENCY:
Internal Revenue Service (IRS), Treasury.
ACTION:
Notice of information collection; request for comments.
SUMMARY:
In accordance with the Paperwork Reduction Act of 1995, the IRS is inviting comments on the information collection request outlined in this notice.
DATES:
Written comments should be received on or before October 2, 2026 to be assured of consideration.
ADDRESSES:
Direct all written comments to Andres Garcia, Internal Revenue Service, Room 6526, 1111 Constitution Avenue NW, Washington, DC 20224, or by email to
.
Include “OMB Control No. 1545-0685” in the subject line of the message.
FOR FURTHER INFORMATION CONTACT:
Requests for additional information or copies of this collection should be directed to Kerry Dennis, (202) 317-5751.
SUPPLEMENTARY INFORMATION:
The IRS, in accordance with the Paperwork Reduction Act of 1995 (PRA) (44 U.S.C. 3506(c)(2)(A)), provides the general public and Federal agencies with a",https://www.federalregister.gov/documents/2026/08/03/2026-15641/agency-information-collection-activities-comment-request-on-export-exemption-certificate,,,,
3-A11-sample,4006,dc30e4a35bef3777db89fedd41df0534937346c92a17bf3b65e9b2dcb2a13ad6,treas:notices#4006,test,TREAS,notices,2026-08-05,Citizens Coinage Advisory Committee Public Meeting,A11,"Intelligence: speech, blog, press release, research, working paper",A11,P3,"The U.S. Mint announced a public Citizens Coinage Advisory Committee meeting on August 6, 2026 to review proposed design portfolios for a Freedom 250 Grand Prix medal program. This is an informational meeting notice only; members of the public may observe or submit comments, but no regulatory requirements are created.","DEPARTMENT OF THE TREASURY
United States Mint
Citizens Coinage Advisory Committee Public Meeting
ACTION:
Notice of meeting.
Pursuant to United States Code, Title 31, section 5135(b)(8)(C), the United States Mint announces the Citizens Coinage Advisory Committee (CCAC) public meeting scheduled for August 6, 2026.
Date:
August 6, 2026.
Time:
2:00 p.m.-3:00 p.m. (Eastern Time).
Location:
Remote via Videoconference.
Subject:
Review and discussion of the obverse and reverse design portfolios for a proposed “Freedom 250 Grand Prix” medal program.
Interested members of the public may watch the meeting via live stream on the United States Mint's YouTube Channel at

To watch the meeting live, members of the public may click on the “August 6, 2026” icons under the Live Tab on the specific day.
The public should call the CCAC HOTLINE at (202) 354-7502 for the latest updates on meeting time and access information.
The CCAC advises the Secretary of the Treasury on any theme or design proposals relating to circulating coinage, bullion coinage, Congressional Gold",https://www.federalregister.gov/documents/2026/08/05/2026-15863/citizens-coinage-advisory-committee-public-meeting,,,,
3-A11-sample,3995,62c133fcc4aad3d4dae3661bc9e5ce00af177e721b7def6e2a7a530dad74328d,treas:notices#3995,test,TREAS,notices,2026-08-14,Agenda,A11,"Intelligence: speech, blog, press release, research, working paper",A12,P3,"Treasury’s regulatory agenda lists current and planned rules, including FinCEN proposals on customer due diligence, CIP requirements for investment advisers, and AML/CFT programs. It is an agenda/notice only, not a rulemaking itself. The item is informational and does not itself impose new obligations; the listed NPRMs and final rules would matter when later published.","DEPARTMENT OF THE TREASURY
31 CFR Subtitles A and B
Agenda
AGENCY:
Department of the Treasury.
ACTION:
Regulatory agenda.
SUMMARY:
This notice is given pursuant to the requirements of the Regulatory Flexibility Act and Executive Order 12866 (“Regulatory Planning and Review”), as amended, which require the publication by the Department of an agenda of regulations.
FOR FURTHER INFORMATION CONTACT:
The Agency contact identified in the item relating to that regulation.
SUPPLEMENTARY INFORMATION:
The regulatory agenda includes regulations that the Department has issued or expects to issue and rules currently in effect that are under departmental or bureau review.
The complete Unified Agenda will be available online at

and

in a format that offers users an enhanced ability to obtain information from the Agenda database. Because publication in the
Federal Register
is mandated for the regulatory flexibility agenda required by the Regulatory Flexibility Act (5 U.S.C. 602), Treasury's printed agenda entries include only:
(1) Rules that are in the regulatory",https://www.federalregister.gov/documents/2026/08/14/2026-16600/agenda,,,,
3-A11-sample,3992,fcc321699612f0baedd5f7a4acd1a12a0e3f94f817577e18b25bab1de3692502,treas:notices#3992,test,TREAS,notices,2026-08-17,Extension of a Currently Approved Information Collection: Authorization Agreement for Preauthorized Payment (SF 5510),A11,"Intelligence: speech, blog, press release, research, working paper",A8,P3,"The Treasury Department/Fiscal Service is seeking public comments on extending an approved Paperwork Reduction Act information collection for SF 5510, used to authorize preauthorized payments from financial institution accounts. Comments are due by 2026-10-16. This does not itself change any substantive regulatory requirement.","DEPARTMENT OF THE TREASURY
Bureau of the Fiscal Service
Extension of a Currently Approved Information Collection: Authorization Agreement for Preauthorized Payment (SF 5510)
ACTION:
Notice and request for comments.
SUMMARY:
The Department of the Treasury, as part of its continuing effort to reduce paperwork and respondent burden, invites the general public and other Federal agencies to take this opportunity to comment on proposed and/or continuing information collections, as required by the Paperwork Reduction Act of 1995. Currently the Bureau of the Fiscal Service within the Department of the Treasury is soliciting comments concerning the Standard Form 5510, “Authorization Agreement for Preauthorized Payment”.
DATES:
Written comments should be received on or before October 16, 2026 to be assured of consideration.
ADDRESSES:
Direct all written comments and requests for additional information
to Bureau of the Fiscal Service, Bruce A. Sharp, T1-G, PO Box 1328, Parkersburg, WV 26106-1328, or
.
SUPPLEMENTARY INFORMATION:
Title:
Authorization Agreement for P",https://www.federalregister.gov/documents/2026/08/17/2026-16726/extension-of-a-currently-approved-information-collection-authorization-agreement-for-preauthorized,,,,
3-A11-sample,3971,33f4729bff60eac330a6d446c0cc7f66afb5ca0a8268ec01e55eebaac96f49ab,treas:notices#3971,test,TREAS,notices,2026-08-31,Internal Revenue Service Advisory Council; Public Meeting,A11,"Intelligence: speech, blog, press release, research, working paper",A11,P3,"The IRS announced a public meeting of the Internal Revenue Service Advisory Council on September 10, 2026, to discuss possible future recommendations on IRS operations, taxpayer service, compliance, tax administration, information reporting, and tax-exempt entities. Public attendees may register by September 8, 2026, and written statements may be submitted by that date.","DEPARTMENT OF THE TREASURY
Internal Revenue Service
Internal Revenue Service Advisory Council; Public Meeting
AGENCY:
Internal Revenue Service, Department of Treasury.
ACTION:
Notice of public meeting.
SUMMARY:
The Internal Revenue Service Advisory Council will hold a public meeting.
DATES:
Thursday, September 10, 2026.
ADDRESSES:
The meeting will be held virtually via Microsoft Teams.
FOR FURTHER INFORMATION, CONTACT:
Anna Millikan, Office of National Public Liaison, at 202-317-6564 or send an email to
.
SUPPLEMENTARY INFORMATION:
Pursuant to the Federal Advisory Committee Act, the Internal Revenue Service announces the Internal Revenue Service Advisory Council (IRSAC) will hold a public meeting on Thursday, September 10, 2026, at 1:00 p.m. Eastern to discuss topics that may be recommended for inclusion in a future report of the Council.
The meeting will be held virtually via Microsoft Teams. Members of the public planning to attend should register by September 8 by contacting Anna Millikan at
or 202-317-6564. Attendees are encouraged to join at least five minutes before the meeting",https://www.federalregister.gov/documents/2026/08/31/2026-17758/internal-revenue-service-advisory-council-public-meeting,,,,
3-A11-sample,3962,8c6712caef0ba965cf5539c1ffe1e05e0fe1046aab2d36f60d525efb73f0f584,treas:notices#3962,test,TREAS,notices,2026-09-04,Publication of Inflation Adjustment Factor and Applicable Amounts for Clean Electricity Production Credit for Calendar Year 2026,A11,"Intelligence: speech, blog, press release, research, working paper",A8,P3,"The IRS published the 2026 inflation adjustment factor and applicable amounts for the section 45Y clean electricity production tax credit. It is a notice of publication only, giving the figures used for 2026 sales, consumption or storage of electricity; it does not create new obligations for firms. No action deadline is stated in the text.","DEPARTMENT OF THE TREASURY
Internal Revenue Service
Publication of Inflation Adjustment Factor and Applicable Amounts for Clean Electricity Production Credit for Calendar Year 2026
AGENCY:
Internal Revenue Service (IRS), Treasury.
ACTION:
Notice of publication.
SUMMARY:
The 2026 inflation adjustment factor and applicable amounts are used in calculating the amount of the clean electricity production credit allowable under section 45Y (section 45Y credit) of the Internal Revenue Code (Code), which are required by law to be published in the
Federal Register
.
FOR FURTHER INFORMATION CONTACT:
Kevin I. Babitz, CC:ECE:2, Internal Revenue Service, 1111 Constitution Avenue NW, Washington, DC 20224, (202) 317-6853 (not a toll-free number).
SUPPLEMENTARY INFORMATION:
This notice sets forth the 2026 inflation adjustment factor and applicable amounts used to determine the amount of the section 45Y credit that apply to calendar year 2026 sales, consumption, or storage of electricity produced in the United States or a possession thereof at a qualified facility. The contents of this notice will be",https://www.federalregister.gov/documents/2026/09/04/2026-18105/publication-of-inflation-adjustment-factor-and-applicable-amounts-for-clean-electricity-production,,,,
3-A11-sample,3945,28f26350b5fa5861f46fc99672d8c4142cc530adf2080230e33e7101d88224a0,treas:notices#3945,test,TREAS,notices,2026-09-18,Commission on Social Impact Partnerships; Public Meeting,A11,"Intelligence: speech, blog, press release, research, working paper",A11,P3,"Treasury announced a public meeting of the Commission on Social Impact Partnerships on September 22, 2026. The notice gives attendance and written-comment logistics and says the meeting will include updates on SIPPRA program structure, a forthcoming NOFO, and current awardees. It does not create new obligations.","DEPARTMENT OF THE TREASURY
Commission on Social Impact Partnerships; Public Meeting
AGENCY:
Departmental Offices, Department of the Treasury.
ACTION:
Notice of meeting.
SUMMARY:
Pursuant to the Federal Advisory Committee Act, this notice announces an upcoming meeting of the Commission on Social Impact Partnerships (“Commission”).
DATES:
The meeting will be held on Tuesday, September 22, 2026, from 1:00 p.m.-6:00 p.m. Eastern Time.
ADDRESSES:
The meeting will be held at the U.S. Department of the Treasury, 1500 Pennsylvania Avenue NW, Washington, DC 20020. The meeting will be open to the public, and the site is accessible to individuals with disabilities.
Because the meeting will be held in a secured facility, members of the public who would like to attend the meeting must register by September 18, 2026, using the following registration link:

When registering for the public meeting, you will be asked to provide your name, title, and organizational affiliation. Use of ID.me is required to register for the meeting.
The mee",https://www.federalregister.gov/documents/2026/09/18/2026-19190/commission-on-social-impact-partnerships-public-meeting,,,,
3-A3-sample,1893,072eff71908c34419b303ec7c269a4678c5018bba316bebd1473a88e4562bb45,frb:proposed_rules#1893,test,FRB,proposed_rules,2026-08-04,"Loans to Executive Officers, Directors, and Principal Shareholders of Member Banks; Bank Holding Companies",A3,Proposed rule / consultation / discussion paper / call for input,A3,P2,"The Federal Reserve issued a proposal to modernize Regulation O for member banks and bank holding companies. It would update and index dollar thresholds, codify existing interpretations, clarify insider lending and related control tests, and streamline reporting and disclosure requirements. Comments are due by 2026-10-05.","FEDERAL RESERVE SYSTEM
12 CFR Parts 215 and 225
[Regulations O and Y; Docket No. R-1896]
RIN 7100-AH27
Loans to Executive Officers, Directors, and Principal Shareholders of Member Banks; Bank Holding Companies
AGENCY:
Board of Governors of the Federal Reserve System (Board).
ACTION:
Notice of proposed rulemaking with request for public comment.
SUMMARY:
The Board is inviting public comment on proposed amendments to Regulation O, which governs loans by member banks to their insiders and insiders of their affiliates. The proposed amendments would update and modernize the regulation, increase transparency by clarifying requirements and incorporating existing interpretations, and promote efficiency by reducing regulatory burden. The proposed amendments also would incorporate existing statutory requirements that are not currently reflected in the regulation. Moreover, the proposed amendments would update several outdated dollar-based thresholds in Regulation O and index these thresholds going forward. In addition, the proposed amendments would address the application of Regulation O to me",https://www.federalregister.gov/documents/2026/08/04/2026-15777/loans-to-executive-officers-directors-and-principal-shareholders-of-member-banks-bank-holding,,,,
3-A3-sample,5670,878762bd130610c39c9bb8e6c6f9f1dd330773f9a78dd13e737ace8bc91a8714,sec:notices#5670,test,SEC,notices,2026-08-06,"Self-Regulatory Organizations; NYSEArca, Inc.; Notice of Filing and Immediate Effectiveness of a Proposed Rule Change To Amend the Options Regulatory Fee (ORF)",A3,Proposed rule / consultation / discussion paper / call for input,A3,P2,"NYSE Arca filed a proposed rule change, effective immediately on filing, to amend its Options Regulatory Fee fee schedule. The filing makes non-substantive wording changes and sets the ORF rate for periods through August 31, 2026 and from September 1, 2026. Comment solicitation is open, but the change is not yet a final SEC rule.","SECURITIES AND EXCHANGE COMMISSION
[Release No. 34-106032; File No. SR-NYSEARCA-2026-81]
Self-Regulatory Organizations; NYSEArca, Inc.; Notice of Filing and Immediate Effectiveness of a Proposed Rule Change To Amend the Options Regulatory Fee (ORF)
August 3, 2026.
Pursuant to Section 19(b)(1)
of the Securities Exchange Act of 1934 (the “Act”),
and Rule 19b-4 thereunder,
notice is hereby given that on July 29, 2026, NYSE Arca, Inc. (“NYSE Arca” or the “Exchange”) filed with the Securities and Exchange Commission (the “Commission”) a proposed rule change as described in Items I and II below, which Items have been prepared by the Exchange. The Commission is publishing this notice to solicit comments on the proposed rule change from interested persons.
15 U.S.C. 78s(b)(1).
15 U.S.C. 78a.
17 CFR 240.19b-4.
I. Self-Regulatory Organization's Statement of the Terms of Substance of the Proposed Rule Change
The Exchange proposes to amend the NYSE Arca Options Fee Schedule (“Fee Schedule”) regarding the Options Regulatory Fee (“ORF”). The proposed rule change is available on the Exchange's webs",https://www.federalregister.gov/documents/2026/08/06/2026-15925/self-regulatory-organizations-nysearca-inc-notice-of-filing-and-immediate-effectiveness-of-a,,,,
3-A3-sample,5643,139382acb253ecf2311c577de847da1d92c89b503d5e332b82e8fb9931db8b98,sec:notices#5643,test,SEC,notices,2026-08-11,"Self-Regulatory Organizations; Fixed Income Clearing Corporation; Notice of Filing and Extension of the Review Period of an Advance Notice, as Modified by Partial Amendment No. 1, To Establish a Guaranty Fund at the Government Securities Division",A3,Proposed rule / consultation / discussion paper / call for input,A8,P2,"The SEC published notice of FICC’s advance notice to establish a guaranty fund at the Government Securities Division, and extended the review period while soliciting comments. This is not a final rule; it affects central clearing arrangements for U.S. government securities and related repo transactions. No compliance date is set in the notice.","SECURITIES AND EXCHANGE COMMISSION
[Release No. 34-106054; File No. SR-FICC-2026-802]
Self-Regulatory Organizations; Fixed Income Clearing Corporation; Notice of Filing and Extension of the Review Period of an Advance Notice, as Modified by Partial Amendment No. 1, To Establish a Guaranty Fund at the Government Securities Division
August 6, 2026.
Pursuant to Section 806(e)(1) of Title VIII of the Dodd-Frank Wall Street Reform and Consumer Protection Act entitled the Payment, Clearing, and Settlement Supervision Act of 2010 (“Clearing Supervision Act”)
and Rule 19b-4(n)(1)(i) under the Securities Exchange Act of 1934 (“Act”),
notice is hereby given that on July 24, 2026, Fixed Income Clearing Corporation (“FICC”) filed with the Securities and Exchange Commission (“Commission”) advance notice SR-FICC-2026-802. On August 4, 2026, FICC filed Partial Amendment No. 1 to make clarifications and corrections to the advance notice.
The advance notice, as modified by
Partial Amendment No. 1 (hereinafter, the “Advance Notice”), is described in Items I, II and III below, which Items have been pre",https://www.federalregister.gov/documents/2026/08/11/2026-16281/self-regulatory-organizations-fixed-income-clearing-corporation-notice-of-filing-and-extension-of,,,,
3-A3-sample,5639,9db4e439dcf76db22605a77132c73d53ff34940a5cb29b4bb336ce427b720af5,sec:notices#5639,test,SEC,notices,2026-08-11,"Self-Regulatory Organizations; Miami International Securities Exchange, LLC; Notice of Filing and Immediate Effectiveness of a Proposed Rule Change To Amend Exchange Rule 515A Related to PRIME and cPRIME Functionality",A3,Proposed rule / consultation / discussion paper / call for input,A3,P2,"MIAX filed and immediately made effective a proposed rule change to amend Exchange Rule 515A for PRIME and cPRIME auctions. The change removes the initiating price from RFR messages, so only option, side, and size will be disseminated. MIAX expects to implement the functionality in Q3 2026 and will later announce the exact date.","SECURITIES AND EXCHANGE COMMISSION
[Release No. 34-106050; File No. SR-MIAX-2026-31]
Self-Regulatory Organizations; Miami International Securities Exchange, LLC; Notice of Filing and Immediate Effectiveness of a Proposed Rule Change To Amend Exchange Rule 515A Related to PRIME and cPRIME Functionality
August 6, 2026.
Pursuant to Section 19(b)(1) of the Securities Exchange Act of 1934 (“Act”),
and Rule 19b-4 thereunder,
notice is hereby given that on July 27, 2026, Miami International Securities Exchange, LLC (“MIAX” or “Exchange”) filed with the Securities and Exchange Commission (“Commission”) a proposed rule change as described in Items I and II below, which Items have been prepared by the Exchange. The Commission is publishing this notice to solicit comments on the proposed rule change from interested persons.
15 U.S.C. 78s(b)(1).
17 CFR 240.19b-4.
I. Self-Regulatory Organization's Statement of the Terms of Substance of the Proposed Rule Change
The Exchange proposes to amend Exchange Rule 515A, MIAX Price Improvement Mechanism (“PRIME”) and PRIME Solicitation Mechanism, related to",https://www.federalregister.gov/documents/2026/08/11/2026-16285/self-regulatory-organizations-miami-international-securities-exchange-llc-notice-of-filing-and,,,,
3-A3-sample,5641,7218b491d5a104381a1d86dedc5552e9d2f8afa77b163f8f86e757b417c7140c,sec:notices#5641,test,SEC,notices,2026-08-11,"Self-Regulatory Organizations; MIAX Emerald, LLC; Notice of Filing and Immediate Effectiveness of a Proposed Rule Change To Amend Exchange Rule 1900, Interpretation and Policy .06, To Reduce the Waiting Periods for Retaking FINRA Qualification Examinations",A3,Proposed rule / consultation / discussion paper / call for input,A3,P2,"MIAX Emerald filed a proposed rule change to shorten the waiting periods for retaking FINRA qualification exams under Exchange Rule 1900. The SEC is soliciting comments, so the change is not yet final. It would affect Exchange members and associated persons who take the SIE and representative/principal exams.","SECURITIES AND EXCHANGE COMMISSION
[Release No. 34-106052; File No. SR-EMERALD-2026-22]
Self-Regulatory Organizations; MIAX Emerald, LLC; Notice of Filing and Immediate Effectiveness of a Proposed Rule Change To Amend Exchange Rule 1900, Interpretation and Policy .06, To Reduce the Waiting Periods for Retaking FINRA Qualification Examinations
August 6, 2026.
Pursuant to Section 19(b)(1) of the Securities Exchange Act of 1934
(“Act”)
and Rule 19b-4 thereunder,
notice is hereby given that on August 6, 2026, MIAX Emerald, LLC (“Emerald” or “Exchange”) filed with the Securities and Exchange Commission (“Commission”) the proposed rule change as described in Items I, II, and III below, which Items have been prepared by the Exchange. The Commission is publishing this notice to solicit comments on the proposed rule change from interested persons.
15 U.S.C. 78s(b)(1).
17 CFR 240.19b-4.
I. Self-Regulatory Organization's Statement of the Terms of Substance of the Proposed Rule Change
The Exchange proposes to amend Exchange Rule 1900, Interpretation and Policy .06, to reduce the waiting periods",https://www.federalregister.gov/documents/2026/08/11/2026-16283/self-regulatory-organizations-miax-emerald-llc-notice-of-filing-and-immediate-effectiveness-of-a,,,,
3-A3-sample,5620,087230e89e9bd4ad2d2aefd852d55fb87d3247d6347b7a2447ab826fe2de923e,sec:notices#5620,test,SEC,notices,2026-08-13,"Reopening of Comment Period; Notices of Request for Exemptive Relief, Pursuant to Section 36(a) of the Securities Exchange Act of 1934, From Certain Aspects of Rule 17ad-22(e)(18)(iv) of the Securities Exchange Act of 1934 and Requests for Comment",A3,Proposed rule / consultation / discussion paper / call for input,A12,P2,"The SEC reopened the comment period on exemptive relief requests from aspects of Rule 17ad-22(e)(18)(iv), which requires certain U.S. Treasury securities covered clearing agencies to mandate submission of eligible secondary market transactions. This affects foreign financial institutions that are direct participants and trade with non-U.S. clients, as well as related repo and affiliate exceptions. No new obligations are imposed yet; comments are sought on the relief requests.","SECURITIES AND EXCHANGE COMMISSION
[Release No. 34-106062; File Nos. S7-2026-07 and S7-2026-11]
Reopening of Comment Period; Notices of Request for Exemptive Relief, Pursuant to Section 36(a) of the Securities Exchange Act of 1934, From Certain Aspects of Rule 17ad-22(e)(18)(iv) of the Securities Exchange Act of 1934 and Requests for Comment
I. Introduction
On December 13, 2023, the Securities and Exchange Commission (“Commission” or “SEC”) adopted,
among other things, Rule 17ad-22(e)(18)(iv)(A) (the “Trade Submission Requirement”)
under the Securities Exchange Act of 1934 (“Exchange Act”). The Trade Submission Requirement requires a covered clearing agency that provides central counterparty services for transactions in U.S. Treasury securities (“U.S. Treasury securities CCA”)
to establish, implement, maintain and enforce written policies and procedures reasonably designed to require that any direct participant must submit for clearance and settlement all “eligible secondary market transactions” to which that direct participant is a counterparty. An “eligible secondary market transac",https://www.federalregister.gov/documents/2026/08/13/2026-16471/reopening-of-comment-period-notices-of-request-for-exemptive-relief-pursuant-to-section-36a-of-the,,,,
3-A3-sample,5624,927cc63336c29e8669ba18715fcd1a237b13512e65678a0e01913f8c96db61eb,sec:notices#5624,test,SEC,notices,2026-08-13,"Self-Regulatory Organizations; Nasdaq PHLX LLC; Notice of Filing and Immediate Effectiveness of Proposed Rule Change To Amend the PHLX Pricing Schedule at Options 7, Sections 2 (Customer Rebate Program) and 4 (Multiply Listed Options Fees)",A3,Proposed rule / consultation / discussion paper / call for input,A3,P2,"Nasdaq PHLX filed an immediately effective proposed rule change to amend its options pricing schedule, including customer rebate tiers and multiply listed options fees. The notice invites SEC comments, and the pricing changes are operative from 2026-08-03. It affects exchange members and member organizations trading PHLX options.","SECURITIES AND EXCHANGE COMMISSION
[Release No. 34-106063; File No. SR-PHLX-2026-50]
Self-Regulatory Organizations; Nasdaq PHLX LLC; Notice of Filing and Immediate Effectiveness of Proposed Rule Change To Amend the PHLX Pricing Schedule at Options 7, Sections 2 (Customer Rebate Program) and 4 (Multiply Listed Options Fees)
August 10, 2026.
Pursuant to Section 19(b)(1) of the Securities Exchange Act of 1934 (“Act”),
and Rule 19b-4 thereunder,
notice is hereby given that on July 31, 2026, Nasdaq PHLX LLC (“PHLX” or “Exchange”) filed with the Securities and Exchange Commission (“SEC” or “Commission”) the proposed rule change as described in Items I, II, and III, below, which Items have been prepared by the Exchange. The Commission is publishing this notice to solicit comments on the proposed rule change from interested persons.
15 U.S.C. 78s(b)(1).
17 CFR 240.19b-4.
I. Self-Regulatory Organization's Statement of the Terms of Substance of the Proposed Rule Change
The Exchange proposes to amend the PHLX Pricing Schedule at Options 7, Sections 2 (Customer Rebate Program) and 4 (Multiply Li",https://www.federalregister.gov/documents/2026/08/13/2026-16464/self-regulatory-organizations-nasdaq-phlx-llc-notice-of-filing-and-immediate-effectiveness-of,,,,
3-A3-sample,5601,0b90b8d853fbf0f48c0df8ca07095620a1d278d7cf7c1031c9dc1e06c4289b16,sec:notices#5601,test,SEC,notices,2026-08-17,"Self-Regulatory Organizations; MIAX PEARL, LLC; Notice of Filing and Immediate Effectiveness of a Proposed Rule Change To Amend the MIAX Pearl Options Exchange Fee Schedule Regarding the Routing Fee Table",A3,Proposed rule / consultation / discussion paper / call for input,A3,P2,"The SEC published notice of MIAX PEARL’s proposed immediate rule change to amend its options fee schedule routing fee table. The change would add MX2 and IEX to the exchange groupings and rename Nasdaq BX Options as Nasdaq Texas Options. It affects MIAX Pearl members trading options, with comments solicited but no specific closing date stated in the excerpt.","SECURITIES AND EXCHANGE COMMISSION
[Release No. 34-106108; File No. SR-PEARL-2026-35]
Self-Regulatory Organizations; MIAX PEARL, LLC; Notice of Filing and Immediate Effectiveness of a Proposed Rule Change To Amend the MIAX Pearl Options Exchange Fee Schedule Regarding the Routing Fee Table
August 12, 2026.
Pursuant to Section 19(b)(1) of the Securities Exchange Act of 1934 (“Exchange Act” or “Act”),
and Rule 19b-4 thereunder,
notice is hereby given that on July 31, 2026, MIAX PEARL, LLC (“MIAX Pearl” or “Exchange”) filed with the Securities and Exchange Commission (“Commission”) the proposed rule change as described in Items I, II, and III below, which Items have been prepared by the Exchange. The Commission is publishing this notice to solicit comments on the proposed rule change from interested persons.
15 U.S.C. 78s(b)(1).
17 CFR 240.19b-4.
I. Self-Regulatory Organization's Statement of the Terms of Substance of the Proposed Rule Change
The Exchange proposes to amend the MIAX Pearl Options Exchange Fee Schedule (“Fee Schedule”).
The text of the proposed rule change is available on",https://www.federalregister.gov/documents/2026/08/17/2026-16699/self-regulatory-organizations-miax-pearl-llc-notice-of-filing-and-immediate-effectiveness-of-a,,,,
3-A3-sample,5611,027160992633e0ffe09d3633108e753a79b6f26f0223367b3dd66e52765c89fc,sec:notices#5611,test,SEC,notices,2026-08-17,"Self-Regulatory Organizations; Cboe Exchange, Inc.; Notice of Filing and Immediate Effectiveness of a Proposed Rule Change To Amend Its Fees Schedule",A3,Proposed rule / consultation / discussion paper / call for input,A3,P2,"Cboe Exchange filed a proposed rule change to amend its fees schedule, including MGTN options transaction fees and changes to GTH VIX/VIXW and SPX/SPXW liquidity-maker incentive program quoting requirements. The SEC is seeking comments, and the filing is immediately effective under exchange rule-filing procedures. No new compliance deadline is stated, but trading and product teams should review fee impacts.","SECURITIES AND EXCHANGE COMMISSION
[Release No. 34-106078; File No. SR-CBOE-2026-068]
Self-Regulatory Organizations; Cboe Exchange, Inc.; Notice of Filing and Immediate Effectiveness of a Proposed Rule Change To Amend Its Fees Schedule
August 12, 2026.
Pursuant to Section 19(b)(1) of the Securities Exchange Act of 1934 (the “Act”),
and Rule 19b-4 thereunder,
notice is hereby given that on August 3, 2026, Cboe Exchange, Inc. (the “Exchange” or “Cboe Options”) filed with the Securities and Exchange Commission (the “Commission”) the proposed rule change as described in Items I, II, and III below, which Items have been prepared by the Exchange. The Commission is publishing this notice to solicit comments on the proposed rule change from interested persons.
15 U.S.C. 78s(b)(1).
17 CFR 240.19b-4.
I. Self-Regulatory Organization's Statement of the Terms of Substance of the Proposed Rule Change
Cboe Exchange, Inc. (the “Exchange” or “Cboe Options”) proposes to amend its Fees Schedule to amend certain transaction fees for Cboe Magnificent 10 Index options (“MGTN options”), amend certain LMM I",https://www.federalregister.gov/documents/2026/08/17/2026-16689/self-regulatory-organizations-cboe-exchange-inc-notice-of-filing-and-immediate-effectiveness-of-a,,,,
3-A3-sample,5608,d4f218399a635d903430604f81675eccf30f72b229e55ca7b6b2bcadcb23c50d,sec:notices#5608,test,SEC,notices,2026-08-17,"Self-Regulatory Organizations; Miami International Securities Exchange, LLC; Notice of Filing and Immediate Effectiveness of a Proposed Rule Change To Amend the Fee Schedule To Modify Certain Volume Thresholds for the Priority Customer Rebate Program",A3,Proposed rule / consultation / discussion paper / call for input,A3,P2,"The SEC published notice of MIAX’s immediately effective proposed rule change to amend its options fee schedule by adjusting volume thresholds in the Priority Customer Rebate Program. The change affects MIAX members trading options and became effective upon filing, with comments solicited after publication. No specific compliance deadline is stated in the text beyond the filing and notice process.","SECURITIES AND EXCHANGE COMMISSION
[Release No. 34-106091; File No. SR-MIAX-2026-32]
Self-Regulatory Organizations; Miami International Securities Exchange, LLC; Notice of Filing and Immediate Effectiveness of a Proposed Rule Change To Amend the Fee Schedule To Modify Certain Volume Thresholds for the Priority Customer Rebate Program
August 12, 2026.
Pursuant to Section 19(b)(1) of the Securities Exchange Act of 1934 (“Exchange Act” or “Act”)
and Rule 19b-4 thereunder,
notice is hereby given that on July 31, 2026, Miami International Securities Exchange, LLC (“MIAX” or “Exchange”) filed with the Securities and Exchange Commission (“Commission”) the proposed rule change as described in Items I, II, and III below, which Items have been prepared by the Exchange. The Commission is publishing this notice to solicit comments on the proposed rule change from interested persons.
15 U.S.C. 78s(b)(1).
17 CFR 240.19b-4.
I. Self-Regulatory Organization's Statement of the Terms of Substance of the Proposed Rule Change
The Exchange proposes to amend the MIAX Options Exchange Fee Schedule (“Fee Sch",https://www.federalregister.gov/documents/2026/08/17/2026-16692/self-regulatory-organizations-miami-international-securities-exchange-llc-notice-of-filing-and,,,,
3-A3-sample,5603,8b2246bd392bf69e7a159b3ae14c7d9d19bb39ccb3dd07f9498905191a4bdcf0,sec:notices#5603,test,SEC,notices,2026-08-17,"Self-Regulatory Organizations; MIAX Sapphire, LLC; Notice of Filing and Immediate Effectiveness of a Proposed Rule Change To Amend the MIAX Sapphire Options Exchange Fee Schedule Regarding the Routing Fee Table",A3,Proposed rule / consultation / discussion paper / call for input,A3,P2,"The SEC has published notice of MIAX Sapphire’s immediately effective proposed rule change to amend its options exchange fee schedule routing fee table. The changes add MX2 and IEX routing categories, reflect Nasdaq BX’s name change to Nasdaq Texas, and adjust MIAX Pearl’s fee tiers. It is effective immediately, with comments invited.","SECURITIES AND EXCHANGE COMMISSION
[Release No. 34-106105; File No. SR-SAPPHIRE-2026-30]
Self-Regulatory Organizations; MIAX Sapphire, LLC; Notice of Filing and Immediate Effectiveness of a Proposed Rule Change To Amend the MIAX Sapphire Options Exchange Fee Schedule Regarding the Routing Fee Table
August 12, 2026.
Pursuant to Section 19(b)(1) of the Securities Exchange Act of 1934 (“Exchange Act” or “Act”),
and Rule 19b-4 thereunder,
notice is hereby given that on July 31, 2026, MIAX Sapphire, LLC (“MIAX Sapphire” or “Exchange”) filed with the Securities and Exchange Commission (“Commission”) the proposed rule change as described in Items I, II, and III below, which Items have been prepared by the Exchange. The Commission is publishing this notice to solicit comments on the proposed rule change from interested persons.
15 U.S.C. 78s(b)(1).
17 CFR 240.19b-4.
I. Self-Regulatory Organization's Statement of the Terms of Substance of the Proposed Rule Change
The Exchange proposes to amend the MIAX Sapphire Options Exchange Fee Schedule (“Fee Schedule”).
The text of the proposed rule chan",https://www.federalregister.gov/documents/2026/08/17/2026-16697/self-regulatory-organizations-miax-sapphire-llc-notice-of-filing-and-immediate-effectiveness-of-a,,,,
3-A3-sample,4234,7c1f51eaccf0c5f0501fbc58345ce80f0f435ca9ad4a769037eca3730e2abf3b,sec:press_releases#4234,test,SEC,press_releases,2026-08-18,SEC Proposes New Regulation Crypto Assets,A3,Proposed rule / consultation / discussion paper / call for input,A3,P2,"The SEC has proposed Regulation Crypto Assets, a new offering regime for certain crypto-asset investment contracts. It would create two Securities Act registration exemptions, impose disclosure and ongoing reporting for larger offerings, and add a conditional safe harbor from the investment-contract definition. This is a proposal, not yet binding; comments are due by 2026-10-20.","Conformed to Federal Register Version

SECURITIES AND EXCHANGE COMMISSION
17 CFR Parts 200, 201, 228, 230, 232, and 239
[Release Nos. 33-11434; 34-106150; File No. S7-2026-27]
RIN 3235-AN38
Regulation Crypto Assets
AGENCY: Securities and Exchange Commission.
ACTION: Proposed rule.
SUMMARY: The Securities and Exchange Commission (“Commission”) is proposing new rules
to create a tailored offering regime for certain investment contracts involving crypto assets. The
proposed offering regime is intended to facilitate capital formation and accommodate innovation
within the crypto asset markets while, at the same time, ensuring that investors are adequately
protected and provided with the information they need to make informed investment decisions.
The proposed rules would be set forth in a new regulation titled “Regulation Crypto Assets” and
would include two exemptions from the registration requirements of section 5 of the Securities
Act of 1933. The first exemption would permit offerings of up to $5 million during a four-year
period. The second exemption would permit offerings of up to $",https://www.sec.gov/newsroom/press-releases/2026-76-sec-proposes-new-regulation-crypto-assets,,,,
3-A3-sample,5592,9e05f873ba1d90439f341f85df8bc73828f911add103eee77478dc964b41053d,sec:notices#5592,test,SEC,notices,2026-08-18,"Self-Regulatory Organizations; New York Stock Exchange LLC; Notice of Filing and Immediate Effectiveness of Proposed Rule Change of Amendments to Rules 7.31, 7.35, and 7.35B",A3,Proposed rule / consultation / discussion paper / call for input,A3,P2,"NYSE has filed a proposed rule change, effective immediately under SEC procedures, to amend Rules 7.31, 7.35 and 7.35B on discretionary orders and closing auction mechanics. It would enhance auction imbalance information and change related processing for UTP securities. This is a proposed exchange rule change, not a final SEC rule, so firms should review and comment before implementation details settle.","SECURITIES AND EXCHANGE COMMISSION
[Release No. 34-106126; File No. SR-NYSE-2026-36]
Self-Regulatory Organizations; New York Stock Exchange LLC; Notice of Filing and Immediate Effectiveness of Proposed Rule Change of Amendments to Rules 7.31, 7.35, and 7.35B
August 13, 2026.
Pursuant to Section 19(b)(1)
of the Securities Exchange Act of 1934 (“Act”)
and Rule 19b-4 thereunder,
notice is hereby given that on July 31, 2026, New York Stock Exchange LLC (“NYSE” or the “Exchange”) filed with the Securities and Exchange Commission (the “Commission”) the proposed rule change as described in Items I, II, and III below, which Items have been prepared by the self-regulatory organization. The Commission is publishing this notice to solicit comments on the proposed rule change from interested persons.
15 U.S.C. 78s(b)(1).
15 U.S.C. 78a.
17 CFR 240.19b-4.
I. Self-Regulatory Organization's Statement of the Terms of Substance of the Proposed Rule Change
The Exchange proposes amendments to Rules 7.31, 7.35, and 7.35B regarding Discretionary Orders and the Closing Auction. The proposed rule change is",https://www.federalregister.gov/documents/2026/08/18/2026-16783/self-regulatory-organizations-new-york-stock-exchange-llc-notice-of-filing-and-immediate,,,,
3-A3-sample,5578,926b1cad380591aee2f42f123e2a495e3c7cd0935c91388b99690552193437ec,sec:notices#5578,test,SEC,notices,2026-08-19,Self-Regulatory Organizations; New York Stock Exchange LLC; Notice of Filing and Immediate Effectiveness of Proposed Rule Change To Amend Its Price List,A3,Proposed rule / consultation / discussion paper / call for input,A3,P2,"NYSE has filed an immediately effective rule change to its Price List, increasing the free volume threshold for Late D Orders at the close from 5.25 million to 10 million shares, effective August 11, 2026. The SEC is also soliciting comments on the filing. This affects NYSE member organizations and trading activity at the close.","SECURITIES AND EXCHANGE COMMISSION
[Release No. 34-106138; File No. SR-NYSE-2026-38]
Self-Regulatory Organizations; New York Stock Exchange LLC; Notice of Filing and Immediate Effectiveness of Proposed Rule Change To Amend Its Price List
August 14, 2026.
Pursuant to Section 19(b)(1)
of the Securities Exchange Act of 1934 (“Act”)
and Rule 19b-4 thereunder,
notice is hereby given that on August 11, 2026, New York Stock Exchange LLC (“NYSE” or the “Exchange”) filed with the Securities and Exchange Commission (the “Commission”) the proposed rule change as described in Items I, II, and III below, which Items have been prepared by the self-regulatory organization. The Commission is publishing this notice to solicit comments on the proposed rule change from interested persons.
15 U.S.C. 78s(b)(1).
15 U.S.C. 78a.
17 CFR 240.19b-4.
I. Self-Regulatory Organization's Statement of the Terms of Substance of the Proposed Rule Change
The Exchange proposes to amend its Price List to modify the share threshold requirement for free late D Orders at the close and to make a non-substantive clarifying ch",https://www.federalregister.gov/documents/2026/08/19/2026-16853/self-regulatory-organizations-new-york-stock-exchange-llc-notice-of-filing-and-immediate,,,,
3-A3-sample,5559,add38e6fe1df755ee88579911cef8d1f030334f906767d75dd7d80bc45394f7c,sec:notices#5559,test,SEC,notices,2026-08-21,Self-Regulatory Organizations; MEMX LLC; Notice of Filing and Immediate Effectiveness of a Proposed Rule Change To Amend Rule 13.4(a) To Reflect the Operation of TXSE Exchange,A3,Proposed rule / consultation / discussion paper / call for input,A3,P2,"MEMX has filed a proposed SEC rule change, effective immediately as a non-controversial filing, to amend Rule 13.4(a) so its public data-feed disclosure reflects TXSE Exchange’s launch as a registered national securities exchange. The change affects exchange order handling, routing, execution and related compliance processes. No firm action date is stated, but comments are being solicited.","SECURITIES AND EXCHANGE COMMISSION
[Release No. 34-106156; File No. SR-MEMX-2026-26]
Self-Regulatory Organizations; MEMX LLC; Notice of Filing and Immediate Effectiveness of a Proposed Rule Change To Amend Rule 13.4(a) To Reflect the Operation of TXSE Exchange
August 18, 2026.
Pursuant to Section 19(b)(1) of the Securities Exchange Act of 1934 (the “Act”),
and Rule 19b-4 thereunder,
notice is hereby given that, on August 12, 2026, MEMX LLC (“MEMX” or the “Exchange”) filed with the Securities and Exchange Commission (the “Commission”) the proposed rule change as described in Items I and II below, which Items have been prepared by the Exchange. The Exchange filed the proposal as a “non-controversial” proposed rule change pursuant to Section 19(b)(3)(A)(iii) of the Act
and Rule 19b-4(f)(6) thereunder.
The Commission is publishing this notice to solicit comments on the proposed rule change from interested persons.
15 U.S.C. 78s(b)(1).
17 CFR 240.19b-4.
15 U.S.C. 78s(b)(3)(A).
17 CFR 240.19b-4.
I. Self-Regulatory Organization's Statement of the Terms of Substance of the Proposed Rule Chan",https://www.federalregister.gov/documents/2026/08/21/2026-17062/self-regulatory-organizations-memx-llc-notice-of-filing-and-immediate-effectiveness-of-a-proposed,,,,
3-A3-sample,5548,ac2b10a3584d66b2fd6b772bc2f58ed7eba5fa4b7ba22cc60bc2885b48e66c86,sec:notices#5548,test,SEC,notices,2026-08-24,Self-Regulatory Organizations; NYSE American LLC; Notice of Designation of a Longer Period for Commission Action on a Proposed Rule Change To Amend Rules 903G and 906G,A3,Proposed rule / consultation / discussion paper / call for input,A14,P2,"The SEC extended the time for acting on NYSE American’s proposed rule change to allow cash settlement for up to 50 non-ETF FLEX options under Rules 903G and 906G. This is a procedural notice on a pending exchange rule filing, not a final rule. The Commission must act by 2026-10-05.","SECURITIES AND EXCHANGE COMMISSION
[Release No. 34-106165; File No. SR-NYSEAMER-2026-54]
Self-Regulatory Organizations; NYSE American LLC; Notice of Designation of a Longer Period for Commission Action on a Proposed Rule Change To Amend Rules 903G and 906G
August 19, 2026.
On June 29, 2026, NYSE American LLC (“Exchange” or “NYSE American”) filed with the Securities and Exchange Commission (“Commission”), pursuant to Section 19(b)(1) of the Securities Exchange Act of 1934 (“Act”)
and Rule 19b-4 thereunder,
a proposed rule change to amend Rules 903G and 906G to, among other things, permit cash settlement for up to 50 non-ETF Flexible Exchange (“FLEX”) Opitons. The proposed rule change was published for comment in the
Federal Register
on July 7, 2026.
15 U.S.C. 78s(b)(1).
17 CFR 240.19b-4.
See
Securities Exchange Act Release No. 105831 (July 1, 2026), 91 FR 41696. The Commission has received no comments regarding the proposed rule change.
Section 19(b)(2) of the Act
provides that within 45 days of the publication of notice of the filing of a proposed rule change, or within such longer p",https://www.federalregister.gov/documents/2026/08/24/2026-17206/self-regulatory-organizations-nyse-american-llc-notice-of-designation-of-a-longer-period-for,,,,
3-A3-sample,5523,2932708ff83a490bf45dc2d9ce4dacd1c9bbfca37056a773afaf473b0e3d4ec2,sec:notices#5523,test,SEC,notices,2026-08-28,"Self-Regulatory Organizations; Nasdaq GEMX, LLC; Notice of Filing and Immediate Effectiveness of Proposed Rule Change To Delay the Implementation of SR-GEMX-2026-15",A3,Proposed rule / consultation / discussion paper / call for input,A3,P2,"Nasdaq GEMX filed a proposed rule change to delay the implementation of SR-GEMX-2026-15 until on or before November 10, 2026. The filing itself makes no substantive rule changes; it only extends the outside implementation date and says a trader alert will announce the specific date. Comments were solicited on the proposal.","SECURITIES AND EXCHANGE COMMISSION
[Release No. 34-106184; File No. SR-GEMX-2026-31]
Self-Regulatory Organizations; Nasdaq GEMX, LLC; Notice of Filing and Immediate Effectiveness of Proposed Rule Change To Delay the Implementation of SR-GEMX-2026-15
August 25, 2026.
Pursuant to Section 19(b)(1) of the Securities Exchange Act of 1934 (“Act”),
and Rule 19b-4 thereunder,
notice is hereby given that on August 24, 2026, Nasdaq GEMX, LLC (“GEMX” or “Exchange”) filed with the Securities and Exchange Commission (“SEC” or “Commission”) the proposed rule change as described in Items I, II, and III, below, which Items have been prepared by the Exchange. The Commission is publishing this notice to solicit comments on the proposed rule change from interested persons.
15 U.S.C. 78s(b)(1).
17 CFR 240.19b-4.
I. Self-Regulatory Organization's Statement of the Terms of Substance of the Proposed Rule Change
The Exchange proposes to amend the implementation date of the rule change made by SR-GEMX-2026-15.
See
Securities Exchange Act Release No. 105265 (April 17, 2026), 91 FR 21537 (April 22, 2026) (SR-G",https://www.federalregister.gov/documents/2026/08/28/2026-17554/self-regulatory-organizations-nasdaq-gemx-llc-notice-of-filing-and-immediate-effectiveness-of,,,,
3-A3-sample,5515,c8fdce7da319e2756823d9559581d291906ab7300842a000c5132506d66dfed9,sec:notices#5515,test,SEC,notices,2026-08-31,"Self-Regulatory Organizations; Cboe Exchange, Inc.; Notice of Designation of a Longer Period for Commission Action on a Proposed Rule Change To Amend Its Rules To Permit the Listing of Binary Options Overlying Key Performance Indicators Reported by Certain Issuers of Stock",A3,Proposed rule / consultation / discussion paper / call for input,A3,P2,"The SEC has extended its review period for Cboe Exchange’s proposed rule change to allow listing and trading of binary options overlying KPI data reported by certain stock issuers. This is not a final rule; the Commission must act by 2026-10-13, when it will approve, disapprove, or institute proceedings on the proposal.","SECURITIES AND EXCHANGE COMMISSION
[Release No. 34-106196; File No. SR-CBOE-2026-061]
Self-Regulatory Organizations; Cboe Exchange, Inc.; Notice of Designation of a Longer Period for Commission Action on a Proposed Rule Change To Amend Its Rules To Permit the Listing of Binary Options Overlying Key Performance Indicators Reported by Certain Issuers of Stock
August 26, 2026.
On June 30, 2026, Cboe Exchange, Inc. (the “Exchange” or “Cboe Options”) filed with the Securities and Exchange Commission (“Commission”), pursuant to Section 19(b)(1) of the Securities Exchange Act of 1934 (“Act”)
and Rule 19b-4 thereunder,
a proposed rule change to amend its rules to permit the listing and trading of binary options overlying key performance indicators (“KPIs”) reported by certain issuers of stock (“binary KPI options”). The proposed rule change was published for comment in the
Federal Register
on July 15, 2026.
15 U.S.C. 78s(b)(1).
17 CFR 240.19b-4.
See
Securities Exchange Act Release No. 105877 (July 10, 2026), 91 FR 43418. Comments received on the proposed rule change are available on the Comm",https://www.federalregister.gov/documents/2026/08/31/2026-17667/self-regulatory-organizations-cboe-exchange-inc-notice-of-designation-of-a-longer-period-for,,,,
3-A3-sample,5496,344428ea003fa5163e482d7b4c6a86b21d25115d278faa1b863781832184fdb6,sec:notices#5496,test,SEC,notices,2026-09-02,"Self-Regulatory Organizations; MIAX Sapphire, LLC; Notice of Filing and Immediate Effectiveness of a Proposed Rule Change To Amend Fees and Rebates for Professional Customer Orders for QCC and cQCC Transactions and Establish a Tiered Fee Structure for Away Market Maker Facilitation of Customer QFOs or cQFOs",A3,Proposed rule / consultation / discussion paper / call for input,A3,P2,"MIAX Sapphire filed and immediately made effective a proposed options fee schedule change for Professional Customer QCC/cQCC transactions and certain Trading Floor QFO/cQFO facilitation trades. It lowers some fees and rebates and adds a tiered fee structure based on breakup percentages and minimum sizes. The SEC is seeking comments; the filing is dated August 17, 2026, and the notice was published August 28, 2026.","SECURITIES AND EXCHANGE COMMISSION
[Release No. 34-106232; File No. SR-SAPPHIRE-2026-34]
Self-Regulatory Organizations; MIAX Sapphire, LLC; Notice of Filing and Immediate Effectiveness of a Proposed Rule Change To Amend Fees and Rebates for Professional Customer Orders for QCC and cQCC Transactions and Establish a Tiered Fee Structure for Away Market Maker Facilitation of Customer QFOs or cQFOs
August 28, 2026.
Pursuant to Section 19(b)(1) of the Securities Exchange Act of 1934 (“Act”),
and Rule 19b-4 thereunder,
notice is hereby given that on August 17, 2026, MIAX Sapphire, LLC (“MIAX Sapphire” or “Exchange”) filed with the Securities and Exchange Commission (“Commission”) a proposed rule change as described in Items I, II, and III below, which Items have been prepared by the Exchange. The Commission is publishing this notice to solicit comments on the proposed rule change from interested persons.
15 U.S.C. 78s(b)(1).
17 CFR 240.19b-4.
I. Self-Regulatory Organization's Statement of the Terms of Substance of the Proposed Rule Change
The Exchange proposes to amend the MIAX Sapphire Op",https://www.federalregister.gov/documents/2026/09/02/2026-17909/self-regulatory-organizations-miax-sapphire-llc-notice-of-filing-and-immediate-effectiveness-of-a,,,,
3-A3-sample,5495,21d2204dde54459a09027da3591f0a7bba6a6423cd710bac7e6297986f99aab1,sec:notices#5495,test,SEC,notices,2026-09-02,"Self-Regulatory Organizations; Cboe EDGX Exchange, Inc.; Notice of Filing and Immediate Effectiveness of a Proposed Rule Change To Amend Its Fee Schedule To Implement an Exchange Order Entry Protocol Migration Program",A3,Proposed rule / consultation / discussion paper / call for input,A3,P2,"Cboe EDGX filed a proposed exchange rule change, effective immediately under SEC procedures, to amend its fee schedule and offer fee credits for backup logical ports used during an exchange-initiated order entry protocol migration. It applies to exchange members/broker-dealers that set up redundant ports and meet notice, cancellation and credit-request conditions. No exact compliance date is stated in the excerpt.","SECURITIES AND EXCHANGE COMMISSION
[Release No. 34-106223; File No. SR-CboeEDGX-2026-055]
Self-Regulatory Organizations; Cboe EDGX Exchange, Inc.; Notice of Filing and Immediate Effectiveness of a Proposed Rule Change To Amend Its Fee Schedule To Implement an Exchange Order Entry Protocol Migration Program
August 28, 2026.
Pursuant to Section 19(b)(1) of the Securities Exchange Act of 1934 (the “Act”),
and Rule 19b-4 thereunder,
notice is hereby given that on August 20, 2026, Cboe EDGX Exchange, Inc. (the “Exchange” or “EDGX”) filed with the Securities and Exchange Commission (the “Commission”) the proposed rule change as described in Items I, II, and III below, which Items have been prepared by the Exchange. The Commission is publishing this notice to solicit comments on the proposed rule change from interested persons.
15 U.S.C. 78s(b)(1).
17 CFR 240.19b-4.
I. Self-Regulatory Organization's Statement of the Terms of Substance of the Proposed Rule Change
The Exchange proposes to amend its fee schedule to implement an Exchange Order Entry Protocol Migration Program. The text of the p",https://www.federalregister.gov/documents/2026/09/02/2026-17910/self-regulatory-organizations-cboe-edgx-exchange-inc-notice-of-filing-and-immediate-effectiveness-of,,,,
3-A3-sample,5482,f84972e1f1551617a6a0fbb41b42fa0186e33ee99809fad6ab8f6cd7df349f26,sec:notices#5482,test,SEC,notices,2026-09-03,"Self-Regulatory Organizations; NYSE Arca, Inc.; Notice of Filing and Immediate Effectiveness of a Proposed Rule Change To Modify the NYSE Arca Options Fee Schedule Regarding Fees and Rebates Applicable to Manual Transactions",A3,Proposed rule / consultation / discussion paper / call for input,A3,P2,"The SEC is publishing a notice of NYSE Arca’s proposed and immediately effective rule change to revise its options fee schedule for manual transactions. It would raise certain Market Maker manual fees on non-Penny issues and add a $0.20 per-contract rebate for Floor Broker orders trading with Market Maker orders, effective August 18, 2026. Comments are being solicited.","SECURITIES AND EXCHANGE COMMISSION
[Release No. 34-106244; File No. SR-NYSEARCA-2026-87]
Self-Regulatory Organizations; NYSE Arca, Inc.; Notice of Filing and Immediate Effectiveness of a Proposed Rule Change To Modify the NYSE Arca Options Fee Schedule Regarding Fees and Rebates Applicable to Manual Transactions
August 31, 2026.
Pursuant to Section 19(b)(1)
of the Securities Exchange Act of 1934
(“Act”),
and Rule 19b-4 thereunder,
notice is hereby given that on August 18, 2026, NYSE Arca, Inc. (“NYSE Arca” or the “Exchange”) filed with the Securities and Exchange Commission (the “Commission”) the proposed rule change as described in Items I and II below, which Items have been prepared by the self-regulatory organization. The Commission is publishing this notice to solicit comments on the proposed rule change from interested persons.
15 U.S.C. 78s(b)(1).
15 U.S.C. 78a.
17 CFR 240.19b-4.
I. Self-Regulatory Organization's Statement of the Terms of Substance of the Proposed Rule Change
The Exchange proposes to modify the NYSE Arca Options Fee Schedule (“Fee Schedule”) regarding fees and",https://www.federalregister.gov/documents/2026/09/03/2026-18003/self-regulatory-organizations-nyse-arca-inc-notice-of-filing-and-immediate-effectiveness-of-a,,,,
3-A3-sample,5481,a94f4698fa70678756f8583835f092bf4a0e5431120eba4de4e8a8e7683e3b0b,sec:notices#5481,test,SEC,notices,2026-09-03,Self-Regulatory Organizations; NYSE American LLC; Notice of Filing and Immediate Effectiveness of a Proposed Rule Change To Modify the NYSE American Options Fee Schedule Regarding Fees and Rebates Applicable to Manual Transactions,A3,Proposed rule / consultation / discussion paper / call for input,A3,P2,"NYSE American filed an immediately effective proposed rule change to raise certain manual options fees for Market Makers in non-Penny issues and to add a new rebate for Floor Broker orders trading with Market Maker orders on the trading floor. The SEC notice solicits comments on the filing; the fee change is stated to be effective August 18, 2026.","SECURITIES AND EXCHANGE COMMISSION
[Release No. 34-106245; File No. SR-NYSEAMER-2026-75]
Self-Regulatory Organizations; NYSE American LLC; Notice of Filing and Immediate Effectiveness of a Proposed Rule Change To Modify the NYSE American Options Fee Schedule Regarding Fees and Rebates Applicable to Manual Transactions
August 31, 2026.
Pursuant to Section 19(b)(1)
of the Securities Exchange Act of 1934 (“Act”)
and Rule 19b-4 thereunder,
notice is hereby given that, on August 18, 2026, NYSE American LLC (“NYSE American” or the “Exchange”) filed with the Securities and Exchange Commission (the “Commission”) the proposed rule change as described in Items I and II below, which Items have been prepared by the self-regulatory organization. The Commission is publishing this notice to solicit comments on the proposed rule change from interested persons.
15 U.S.C. 78s(b)(1).
15 U.S.C. 78a.
17 CFR 240.19b-4.
I. Self-Regulatory Organization's Statement of the Terms of Substance of the Proposed Rule Change
The Exchange proposes to modify the NYSE American Options Fee Schedule (“Fee Schedule”) reg",https://www.federalregister.gov/documents/2026/09/03/2026-18004/self-regulatory-organizations-nyse-american-llc-notice-of-filing-and-immediate-effectiveness-of-a,,,,
3-A3-sample,5471,e2bce99d3745f8374237674322ea9c698b8b797ae5cb01a0bb286f8e98849a1e,sec:notices#5471,test,SEC,notices,2026-09-08,Self-Regulatory Organizations; Texas Stock Exchange LLC; Notice of Filing and Immediate Effectiveness of a Proposed Rule Change To Implement a Lead Market Maker Program on the Exchange,A3,Proposed rule / consultation / discussion paper / call for input,A3,P2,"The SEC published a notice of TXSE’s proposed rule change to add a Lead Market Maker program for exchange-traded products. The filing explains the program’s governance, selection factors, performance standards and withdrawal process, but the detailed incentives and thresholds will be set in a later filing before implementation. Comments are being solicited; no compliance date is stated.","SECURITIES AND EXCHANGE COMMISSION
[Release No. 34-106260; File No. SR-TXSE-2026-026]
Self-Regulatory Organizations; Texas Stock Exchange LLC; Notice of Filing and Immediate Effectiveness of a Proposed Rule Change To Implement a Lead Market Maker Program on the Exchange
September 2, 2026.
Pursuant to Section 19(b)(1) of the Securities Exchange Act of 1934 (“Act”),
and Rule 19b-4 thereunder,
notice is hereby given that on September 1, 2026, Texas Stock Exchange LLC (the “Exchange” or “TXSE”) filed with the Securities and Exchange Commission (“SEC” or “Commission”) the proposed rule change as described in Items I and II below, which Items have been prepared by the Exchange. The Commission is publishing this notice to solicit comments on the proposed rule change from interested persons.
15 U.S.C. 78s(b)(1).
17 CFR 240.19b-4.
I. Self-Regulatory Organization's Statement of the Terms of Substance of the Proposed Rule Change
The Exchange is filing with the Securities and Exchange Commission (“Commission”) a proposed rule change to implement an LMM Program on the Exchange. The text of the pr",https://www.federalregister.gov/documents/2026/09/08/2026-18207/self-regulatory-organizations-texas-stock-exchange-llc-notice-of-filing-and-immediate-effectiveness,,,,
3-A3-sample,5459,9cef40225c64b43456d5156b05d65b02f0b9a208f26b2619589b86fe78a6b44f,sec:notices#5459,test,SEC,notices,2026-09-09,"Self-Regulatory Organizations; Financial Industry Regulatory Authority, Inc.; Notice of Filing of a Proposed Rule Change To Amend FINRA Rule 4522 (Periodic Security Counts, Verifications and Comparisons) To Simplify Position Statement and Reconciliation Requirements for Certain Alternative Investments",A3,Proposed rule / consultation / discussion paper / call for input,A3,P2,"SEC publishes notice that FINRA has filed a proposed rule change to amend FINRA Rule 4522 and simplify position-statement and reconciliation requirements for certain alternative investments. It is a request for comment, not a final rule, so no immediate compliance change applies yet. Broker-dealers and carrying/clearing members offering alternative investments may be affected if the proposal is approved.","SECURITIES AND EXCHANGE COMMISSION
[Release No. 34-106269; File No. SR-FINRA-2026-019]
Self-Regulatory Organizations; Financial Industry Regulatory Authority, Inc.; Notice of Filing of a Proposed Rule Change To Amend FINRA Rule 4522 (Periodic Security Counts, Verifications and Comparisons) To Simplify Position Statement and Reconciliation Requirements for Certain Alternative Investments
September 3, 2026.
Pursuant to Section 19(b)(1) of the Securities Exchange Act of 1934 (“Act”)
and Rule 19b-4 thereunder,
notice is hereby given that on August 25, 2026, the Financial Industry Regulatory Authority, Inc. (“FINRA”) filed with the Securities and Exchange Commission (“SEC” or “Commission”) the proposed rule change as described in Items I, II, and III below, which Items have been` prepared by FINRA. The Commission is publishing this notice to solicit comments on the proposed rule change from interested persons.
15 U.S.C. 78s(b)(1).
17 CFR 240.19b-4.
I. Self-Regulatory Organization's Statement of the Terms of Substance of the Proposed Rule Change
FINRA is proposing to amend FINRA Rule 4522",https://www.federalregister.gov/documents/2026/09/09/2026-18292/self-regulatory-organizations-financial-industry-regulatory-authority-inc-notice-of-filing-of-a,,,,
3-A3-sample,5426,ded4345ca903539012fdc1843661abbf19983f2cc7cc7a8a134be50a03a9e5dc,sec:notices#5426,test,SEC,notices,2026-09-14,"Self-Regulatory Organizations; NYSE Texas, Inc.; Notice of Filing and Immediate Effectiveness of Proposed Rule Change To Add a New Partial Cabinet Solution Bundle as Part of Its Co-Location Services",A3,Proposed rule / consultation / discussion paper / call for input,A3,P2,"NYSE Texas filed a proposed rule change to add a new 4 kW Partial Cabinet Solution co-location bundle, relabel the existing bundle options, and tidy a timing-protocol reference in its fee schedule. The change is not yet final; the exchange expects it to become operative by 2026-10-31 and the SEC is soliciting comments.","SECURITIES AND EXCHANGE COMMISSION
[Release No. 34-106305; File No. SR-NYSETEX-2026-32]
Self-Regulatory Organizations; NYSE Texas, Inc.; Notice of Filing and Immediate Effectiveness of Proposed Rule Change To Add a New Partial Cabinet Solution Bundle as Part of Its Co-Location Services
September 9, 2026.
Pursuant to Section 19(b)(1)
of the Securities Exchange Act of 1934 (“Act”)
and Rule 19b-4 thereunder,
notice is hereby given that, on August 26, 2026, the NYSE Texas, Inc. (“NYSE Texas” or the “Exchange”) filed with the Securities and Exchange Commission (the “Commission”) the proposed rule change as described in Items I and II below, which Items have been prepared by the self-regulatory organization. The Commission is publishing this notice to solicit comments on the proposed rule change from interested persons.
15 U.S.C. 78s(b)(1).
15 U.S.C. 78a.
17 CFR 240.19b-4.
I. Self-Regulatory Organization's Statement of the Terms of Substance of the Proposed Rule Change
The Exchange proposes to add a new Partial Cabinet Solution bundle as part of its co-location services and change the word",https://www.federalregister.gov/documents/2026/09/14/2026-18657/self-regulatory-organizations-nyse-texas-inc-notice-of-filing-and-immediate-effectiveness-of,,,,
3-A3-sample,3218,5880ae99c8b3c1f2692919aa7506db88a68f5f18f554f4a36aa757fc7242f737,sec:notices#3218,test,SEC,notices,2026-09-14,"Self-Regulatory Organizations; MIAX Sapphire, LLC; Notice of Filing and Immediate Effectiveness of a Proposed Rule Change To Amend Fees To Increase the Floor Market Maker Fee and Floor Broker Breakup Credit for Transactions in Non-Penny Classes",A3,Proposed rule / consultation / discussion paper / call for input,A3,P2,"MIAX Sapphire filed and made immediately effective a proposed fee schedule change to raise floor market maker fees and floor broker breakup credits for QFO and cQFO transactions in non-penny classes. The SEC is soliciting comments on the filing. This affects MIAX Sapphire market participants, especially floor market makers and floor brokers, with no stated compliance date beyond immediate effectiveness.","SECURITIES AND EXCHANGE COMMISSION
[Release No. 34-106314; File No. SR-SAPPHIRE-2026-35]
Self-Regulatory Organizations; MIAX Sapphire, LLC; Notice of Filing and Immediate Effectiveness of a Proposed Rule Change To Amend Fees To Increase the Floor Market Maker Fee and Floor Broker Breakup Credit for Transactions in Non-Penny Classes
September 9, 2026.
Pursuant to Section 19(b)(1) of the Securities Exchange Act of 1934 (“Act”),
and Rule 19b-4 thereunder,
notice is hereby given that on August 31, 2026, MIAX Sapphire, LLC (“MIAX Sapphire” or “Exchange”) filed with the Securities and Exchange Commission (“Commission”) a proposed rule change as described in Items I, II, and III below, which Items have been prepared by the Exchange. The Commission is publishing this notice to solicit comments on the proposed rule change from interested persons.
15 U.S.C. 78s(b)(1).
17 CFR 240.19b-4.
I. Self-Regulatory Organization's Statement of the Terms of Substance of the Proposed Rule Change
The Exchange proposes to amend the MIAX Sapphire Options Exchange Fee Schedule (“Fee Schedule”) to: (1) increase",https://www.federalregister.gov/documents/2026/09/14/2026-18666/self-regulatory-organizations-miax-sapphire-llc-notice-of-filing-and-immediate-effectiveness-of-a,,,,
3-A3-sample,3223,598b029ade4a29694c9a270b910ee6a8b0597376f8c1c8d94ec5f770b9cc7727,sec:notices#3223,test,SEC,notices,2026-09-14,Self-Regulatory Organizations; The Nasdaq Stock Market LLC; Notice of Designation of a Longer Period for Commission Action on Proceedings To Determine Whether To Approve or Disapprove a Proposed Rule Change To List and Trade Shares of the VanEck JitoSOL ETF Under Nasdaq Rule 5711(d) (Commodity-Based Trust Shares),A3,Proposed rule / consultation / discussion paper / call for input,A14,P2,"The SEC extended its review period for Nasdaq’s proposed rule change to list and trade shares of the VanEck JitoSOL ETF under Nasdaq Rule 5711(d). The Commission must now act by 2026-11-15 on whether to approve, disapprove, or further proceed on the proposal.","SECURITIES AND EXCHANGE COMMISSION
[Release No. 34-106309; File No. SR-NASDAQ-2026-016]
Self-Regulatory Organizations; The Nasdaq Stock Market LLC; Notice of Designation of a Longer Period for Commission Action on Proceedings To Determine Whether To Approve or Disapprove a Proposed Rule Change To List and Trade Shares of the VanEck JitoSOL ETF Under Nasdaq Rule 5711(d) (Commodity-Based Trust Shares)
September 9, 2026.
On March 10, 2026, the Nasdaq Stock Market LLC (“Exchange”) filed with the Securities and Exchange Commission (“Commission”), pursuant to Section 19(b)(1) of the Securities Exchange Act of 1934 (“Act”)
and Rule 19b-4 thereunder,
a proposed rule change to list and trade shares of the VanEck
JitoSOL ETF under Nasdaq Rule 5711(d) (Commodity-Based Trust Shares). The proposed rule change was published for comment in the
Federal Register
on March 20, 2026.
15 U.S.C. 78s(b)(1).
17 CFR 240.19b-4.
See
Securities Exchange Act Release No. 105030 (Mar. 17, 2026), 91 FR 13661. The Commission has received no comment letters on the proposed rule change.
On May 1, 2026, pursuant to Sec",https://www.federalregister.gov/documents/2026/09/14/2026-18661/self-regulatory-organizations-the-nasdaq-stock-market-llc-notice-of-designation-of-a-longer-period,,,,
3-A3-sample,3210,8cde352514b2c91b9886c4f6720c59c6122e1f290c4cafb3723d89ce1308ab62,sec:notices#3210,test,SEC,notices,2026-09-15,Self-Regulatory Organizations; The Nasdaq Stock Market LLC; Notice of Filing and Immediate Effectiveness of Proposed Rule Change To Amend Exchange Rule Equity 7 Regarding Pricing of Ports for the Night Session,A3,Proposed rule / consultation / discussion paper / call for input,A3,P2,"Nasdaq filed a proposed rule change, effective immediately upon filing, to amend Exchange Rule Equity 7 to clarify fees for Night Session ports and grant certain fee waivers to support member participation. The SEC is soliciting comments. Nasdaq said it plans to implement the fee changes on 2026-09-01.","SECURITIES AND EXCHANGE COMMISSION
[Release No. 34-106319; File No. SR-NASDAQ-2026-073]
Self-Regulatory Organizations; The Nasdaq Stock Market LLC; Notice of Filing and Immediate Effectiveness of Proposed Rule Change To Amend Exchange Rule Equity 7 Regarding Pricing of Ports for the Night Session
September 10, 2026.
Pursuant to Section 19(b)(1) of the Securities Exchange Act of 1934 (“Act”),
and Rule 19b-4 thereunder,
notice is hereby given that on August 31, 2026, The Nasdaq Stock Market LLC (“Nasdaq” or “Exchange”) filed with the Securities and Exchange Commission (“SEC” or “Commission”) the proposed rule change as described in Items I, II, and III, below, which Items have been prepared by the Exchange. The Commission is publishing this notice to solicit comments on the proposed rule change from interested persons.
15 U.S.C. 78s(b)(1).
17 CFR 240.19b-4.
I. Self-Regulatory Organization's Statement of the Terms of Substance of the Proposed Rule Change
The Exchange proposes to amend Exchange Rule Equity 7, Sections 115 and 130 to (1) clarify the fees applicable to ports used to connec",https://www.federalregister.gov/documents/2026/09/15/2026-18808/self-regulatory-organizations-the-nasdaq-stock-market-llc-notice-of-filing-and-immediate,,,,
3-A3-sample,3193,786796eab233da81c3422bf654fc707bcc0faf433a4c4ac47fe532efe6b88dbb,sec:notices#3193,test,SEC,notices,2026-09-16,Self-Regulatory Organizations; Nasdaq PHLX LLC; Notice of Filing and Immediate Effectiveness of Proposed Rule Change To Introduce Conforming Changes to Nasdaq Phlx Rules in Connection With the Establishment of Fees for Nasdaq TotalView Plus and Nasdaq Basic Plus,A3,Proposed rule / consultation / discussion paper / call for input,A3,P2,"The SEC is soliciting comments on a Nasdaq PHLX proposed rule change that would make conforming fee-rule updates tied to the launch of Nasdaq TotalView Plus and Nasdaq Basic Plus. The changes affect market data distributor, consolidation and administrative fees for certain PSX data products. No compliance deadline is set in this notice.","SECURITIES AND EXCHANGE COMMISSION
[Release No. 34-106337; File No. SR-Phlx-2026-55]
Self-Regulatory Organizations; Nasdaq PHLX LLC; Notice of Filing and Immediate Effectiveness of Proposed Rule Change To Introduce Conforming Changes to Nasdaq Phlx Rules in Connection With the Establishment of Fees for Nasdaq TotalView Plus and Nasdaq Basic Plus
DATES: September 11, 2026.
Pursuant to Section 19(b)(1) of the Securities Exchange Act of 1934 (“Act”),
and Rule 19b-4 thereunder,
notice is hereby given that on August 31, 2026, Nasdaq PHLX LLC (“Phlx” or “Exchange”) filed with the Securities and Exchange Commission (“SEC” or “Commission”) the proposed rule change as described in Items I, II, and III below, which Items have been prepared by the Exchange. The Commission is publishing this notice to solicit comments on the proposed rule change from interested persons.
15 U.S.C. 78s(b)(1).
17 CFR 240.19b-4.
I. Self-Regulatory Organization's Statement of the Terms of Substance of the Proposed Rule Change
The Exchange proposes to introduce conforming changes to Phlx rules in connection with the e",https://www.federalregister.gov/documents/2026/09/16/2026-18931/self-regulatory-organizations-nasdaq-phlx-llc-notice-of-filing-and-immediate-effectiveness-of,,,,
3-A3-sample,3164,e78d898c8e8f46d9e502592994f36b51134a4882595314ec045673ff19236b20,sec:notices#3164,test,SEC,notices,2026-09-18,Self-Regulatory Organizations; New York Stock Exchange LLC; Notice of Filing and Immediate Effectiveness of a Proposed Rule Change To Amend Rule 7.18 Regarding Trading Halts,A3,Proposed rule / consultation / discussion paper / call for input,A3,P2,"NYSE has filed a proposed rule change, effective immediately pending SEC review, to amend Rule 7.18 on trading halts and resumptions for securities subject to certain corporate actions. It aims to align with other markets ahead of 23/5 trading and to provide clearer halt/resume procedures. No firm deadline is stated, but comments are being solicited.","SECURITIES AND EXCHANGE COMMISSION
[Release No. 34-106356; File No. SR-NYSE-2026-41]
Self-Regulatory Organizations; New York Stock Exchange LLC; Notice of Filing and Immediate Effectiveness of a Proposed Rule Change To Amend Rule 7.18 Regarding Trading Halts
September 15, 2026.
Pursuant to Section 19(b)(1)
of the Securities Exchange Act of 1934 (“Act”)
and Rule 19b-4 thereunder,
notice is hereby given that on September 1, 2026, New York Stock Exchange LLC (“NYSE” or the “Exchange”) filed with the Securities and Exchange Commission (the “Commission”) the proposed rule change as described in Items I and II below, which Items have been prepared by the self-regulatory organization. The Commission is publishing this notice to solicit comments on the proposed rule change from interested persons.
15 U.S.C. 78s(b)(1).
15 U.S.C. 78a.
17 CFR 240.19b-4.
I. Self-Regulatory Organization's Statement of the Terms of Substance of the Proposed Rule Change
The Exchange proposes to amend Rule 7.18 (“Trading Halts”) to set forth specific requirements for halting and resuming trading in a security that i",https://www.federalregister.gov/documents/2026/09/18/2026-19131/self-regulatory-organizations-new-york-stock-exchange-llc-notice-of-filing-and-immediate,,,,
3-A3-sample,3008,26a5359cd20df639ec76a67691692aeed72a3e6e64896d14008ead20235f0f55,sec:proposed_rules#3008,test,SEC,proposed_rules,2026-09-21,Proxy Solicitation Modernization,A3,Proposed rule / consultation / discussion paper / call for input,A3,P2,"The SEC is proposing amendments to modernize proxy solicitation rules, including removing certain delivery and filing requirements and shortening the broker search period. The proposal affects registrants and other market participants in the US securities proxy process. Comments are due by 2026-11-20.","SECURITIES AND EXCHANGE COMMISSION
17 CFR Parts 200, 229, 230, 232, 239, 240, 249, and 260
[Release Nos. 33-11439; 34-106385; 39-2566; File No. S7-2026-33]
RIN 3235-AN63
Proxy Solicitation Modernization
AGENCY:
Securities and Exchange Commission.
ACTION:
Proposed rule.
SUMMARY:
The Securities and Exchange Commission (“Commission”) is proposing amendments to modernize certain rules related to proxy solicitations. The proposed amendments would, among other things, eliminate the requirement that registrants deliver an annual report to security holders, eliminate the delivery deadline when documents are incorporated by reference into a proxy statement, eliminate the requirement to file soliciting material regarding certain exempt solicitations, and shorten the minimum broker search period for proxy solicitations. The proposed amendments are intended to update our rules to account for developments since their adoption or last amendment and to simplify compliance for registrants.
DATES:
This release was published in the
Federal Register
on September 21, 2026. Comments should be submitted o",https://www.federalregister.gov/documents/2026/09/21/2026-19259/proxy-solicitation-modernization,,,,
3-A3-sample,3154,4634c957df7e21a1f115970358241943bdef840842ffc6de737274d02f4e2046,sec:notices#3154,test,SEC,notices,2026-09-21,Self-Regulatory Organizations; Investors Exchange LLC; Notice of Filing and Immediate Effectiveness of Proposed Rule Change To Address Internal Inconsistencies in Rule 22.260 in Advance of the Launch of IEX Options,A3,Proposed rule / consultation / discussion paper / call for input,A3,P2,The SEC published notice of IEX’s proposed immediate-effective rule change to fix internal inconsistencies in Rule 22.260 before IEX Options launches on 2026-10-02. It would delete Rule 22.260(b) and expand the orders exempted from Rule 22.260(e). The notice invites comments; it does not itself impose a new requirement on market participants.,"SECURITIES AND EXCHANGE COMMISSION
[Release No. 34-106390; File No. SR-IEX-2026-31]
Self-Regulatory Organizations; Investors Exchange LLC; Notice of Filing and Immediate Effectiveness of Proposed Rule Change To Address Internal Inconsistencies in Rule 22.260 in Advance of the Launch of IEX Options
September 16, 2026.
Pursuant to Section 19(b)(1)
of the Securities Exchange Act of 1934 (the “Act”)
and Rule 19b-4 thereunder,
notice is hereby given that on September 8, 2026, the Investors Exchange LLC (“IEX” or the “Exchange”) filed with the Securities and Exchange Commission (the “Commission”) the proposed rule change as described in Items I and II below, which Items have been prepared by the self-regulatory organization. The Commission is publishing this notice to solicit comments on the proposed rule change from interested persons.
15 U.S.C. 78s(b)(1).
15 U.S.C. 78a.
17 CFR 240.19b-4.
I. Self-Regulatory Organization's Statement of the Terms of Substance of the Proposed Rule Change
Pursuant to the provisions of Section 19(b)(1) under the Act,
and Rule 19b-4 thereunder,
the Exchange is",https://www.federalregister.gov/documents/2026/09/21/2026-19218/self-regulatory-organizations-investors-exchange-llc-notice-of-filing-and-immediate-effectiveness-of,,,,
3-A3-sample,3145,270ed20ba2f80061b584cc60108a7af8c097ee6583f170ce5f72fff39d441797,sec:notices#3145,test,SEC,notices,2026-09-23,"Self-Regulatory Organizations; Financial Industry Regulatory Authority, Inc.; Notice of Filing and Immediate Effectiveness of a Proposed Rule Change To Modify the Implementation Schedule of Amendments To Schedule A to the FINRA By-Laws Adopted in SR-FINRA-2024-019 as Modified in SR-FINRA-2025-007",A3,Proposed rule / consultation / discussion paper / call for input,,P2,"FINRA filed a rule change, effective immediately upon filing, to modify the implementation schedule for previously adopted fee-related amendments to Schedule A of the FINRA By-Laws. The change affects the timing of certain Corporate Financing review fees for private placements and public offerings, which were postponed to January 1, 2027. FINRA also solicits comments on the proposal.","SECURITIES AND EXCHANGE COMMISSION
[Release No. 34-106410; File No. SR-FINRA-2026-020]
Self-Regulatory Organizations; Financial Industry Regulatory Authority, Inc.; Notice of Filing and Immediate Effectiveness of a Proposed Rule Change To Modify the Implementation Schedule of Amendments To Schedule A to the FINRA By-Laws Adopted in SR-FINRA-2024-019 as Modified in SR-FINRA-2025-007
September 18, 2026.
Pursuant to Section 19(b)(1) of the Securities Exchange Act of 1934 (“Act”)
and Rule 19b-4 thereunder,
notice is hereby given that on September 15, 2026, the Financial Industry Regulatory Authority, Inc. (“FINRA”) filed with the Securities and Exchange Commission (“SEC” or “Commission”) the proposed rule change as described in Items I, II, and III below, which Items have been prepared by FINRA. FINRA has designated the proposed rule change as “establishing or changing a due, fee or other charge” under Section 19(b)(3)(A)(ii) of the Act
and Rule 19b-4(f)(2) thereunder,
which renders the proposal effective upon receipt of this filing by the Commission. The Commission is publishing this no",https://www.federalregister.gov/documents/2026/09/23/2026-19393/self-regulatory-organizations-financial-industry-regulatory-authority-inc-notice-of-filing-and,,,,
3-A3-sample,3138,be971dc7dd8a5156e838f0c7fa3264fe21fa8ed2655ea26191b0841efbf10d2c,sec:notices#3138,test,SEC,notices,2026-09-23,"Self-Regulatory Organizations; Bitnomial Exchange, LLC; Notice of a Filing of a Proposed Rule Change Relating to Security Futures Product Listing Standards, Customer Margin and Related Rules",A3,Proposed rule / consultation / discussion paper / call for input,A3,P2,"The SEC published notice of Bitnomial Exchange’s proposed rule change for comment. The proposal would create listing, margin, settlement, trading-halt and membership rules for cash-settled security futures products, including perpetual contracts, for exchange participants and clearing members. No compliance date is set yet; this is a proposal, not a final rule.","SECURITIES AND EXCHANGE COMMISSION
[Release No. 34-106421; File No. SR-BTNL-2026-001]
Self-Regulatory Organizations; Bitnomial Exchange, LLC; Notice of a Filing of a Proposed Rule Change Relating to Security Futures Product Listing Standards, Customer Margin and Related Rules
September 18, 2026.
Pursuant to Section 19(b)(7) of the Securities Exchange Act of 1934 (the “Act”) and Rule 19b-7 thereunder,
notice is hereby given that on September 18, 2026, Bitnomial Exchange, LLC (“Bitnomial” or the “Exchange”) filed with the Securities and Exchange Commission (“SEC” or “Commission”) the proposed rule change described in Items I, II, and III below, which Items have been prepared by the Exchange. The Commission is publishing this notice to solicit comments on the proposed rule change from interested persons. The proposed rule amendments will be filed concurrently with this SEC filing in two requests for approval by a vote of the Commodity Futures Trading Commission (“CFTC”) under Regulation 41.24(b), using the procedures of Regulation 40.5. The Exchange will submit its rules and procedures",https://www.federalregister.gov/documents/2026/09/23/2026-19408/self-regulatory-organizations-bitnomial-exchange-llc-notice-of-a-filing-of-a-proposed-rule-change,,,,
3-A3-sample,3120,6bfd7b5c3c8e60614dc6b1e507cc8db570e7d840b0ad7458d2e9bdd6279bd876,sec:notices#3120,test,SEC,notices,2026-09-25,Self-Regulatory Organizations; New York Stock Exchange LLC; Notice of Filing and Immediate Effectiveness of Proposed Rule Change To Amend Rule 7.18,A3,Proposed rule / consultation / discussion paper / call for input,A3,P2,"NYSE filed a proposed rule change, effective immediately upon filing, to clarify its trading-halt rules for initial listings. It would state that the Initial Listing Regulatory Halt does not apply to IPOs and would explicitly say trading resumes with a Trading Halt Auction. The notice solicits comments; no separate compliance date is stated in the excerpt.","SECURITIES AND EXCHANGE COMMISSION
[Release No. 34-106466; File No. SR-NYSE-2026-45]
Self-Regulatory Organizations; New York Stock Exchange LLC; Notice of Filing and Immediate Effectiveness of Proposed Rule Change To Amend Rule 7.18
September 22, 2026.
Pursuant to Section 19(b)(1)
of the Securities Exchange Act of 1934 (“Act”)
and Rule 19b-4 thereunder,
notice is hereby given that on September 11, 2026, New York Stock Exchange LLC (“NYSE” or the “Exchange”) filed with the Securities and Exchange Commission (the “Commission”) the proposed rule change as described in Items I and II below, which Items have been prepared by the self-regulatory organization. The Commission is publishing this notice to solicit comments on the proposed rule change from interested persons.
15 U.S.C. 78s(b)(1).
15 U.S.C. 78a.
17 CFR 240.19b-4.
I. Self-Regulatory Organization's Statement of the Terms of Substance of the Proposed Rule Change
The Exchange proposes to amend Rule 7.18 (“Trading Halts”) regarding Initial Listing Regulatory Halts. The proposed rule change is available on the Exchange's website at
ww",https://www.federalregister.gov/documents/2026/09/25/2026-19630/self-regulatory-organizations-new-york-stock-exchange-llc-notice-of-filing-and-immediate,,,,
3-A3-sample,3118,d2547d5e00254cc9d44fb3e7728abb516c55d926b1336ed7afb78c6892e42b1e,sec:notices#3118,test,SEC,notices,2026-09-25,"Self-Regulatory Organizations; NYSE National, Inc.; Notice of Filing and Immediate Effectiveness of Proposed Rule Change To Amend NYSE National Rule 2.1210",A3,Proposed rule / consultation / discussion paper / call for input,A3,P2,"NYSE National filed a proposed rule change, effective immediately upon filing but still open for SEC comment, to shorten the retake waiting periods for failed qualification exams for ETP Holders and associated registered persons. The change aligns NYSE National Rule 2.1210 with a recent FINRA amendment, reducing delays from 30 to 15 days for the first two failures and from 180 to 60 days after subsequent failures within two years.","SECURITIES AND EXCHANGE COMMISSION
[Release No. 34-106463; File No. SR-NYSENAT-2026-26]
Self-Regulatory Organizations; NYSE National, Inc.; Notice of Filing and Immediate Effectiveness of Proposed Rule Change To Amend NYSE National Rule 2.1210
September 22, 2026.
Pursuant to Section 19(b)(1)
of the Securities Exchange Act of 1934 (“Act”)
and Rule 19b-4 thereunder,
notice is hereby given that on September 10, 2026, NYSE National, Inc. (“NYSE National” or the “Exchange”) filed with the Securities and Exchange Commission (the “Commission”) the proposed rule change as described in Items I, II, and III below, which Items have been prepared by the self-regulatory organization. The Commission is publishing this notice to solicit comments on the proposed rule change from interested persons.
15 U.S.C. 78s(b)(1).
15 U.S.C. 78a.
17 CFR 240.19b-4.
I. Self-Regulatory Organization's Statement of the Terms of Substance of the Proposed Rule Change
The Exchange proposes to amend NYSE National Rule 2.1210 (Registration Requirements) applicable to Equity Trading Permit (“ETP”) Holders
to align with a r",https://www.federalregister.gov/documents/2026/09/25/2026-19633/self-regulatory-organizations-nyse-national-inc-notice-of-filing-and-immediate-effectiveness-of,,,,
3-A3-sample,3836,7ba82214f161c36f1631538b769021687bafad99d3fcfcfd8b70e0c7a2796de8,treas:proposed_rules#3836,test,TREAS,proposed_rules,2026-08-14,Proposed Establishment of the Mill Creek-Walla Walla Valley Viticultural Area,A3,Proposed rule / consultation / discussion paper / call for input,A3,P2,"TTB proposes to establish the Mill Creek—Walla Walla Valley American viticultural area in part 9 of the wine labeling regulations. It is a notice of proposed rulemaking for vintners and related businesses, with comments due by 2026-10-13. The proposal would affect how wines from the area may be described on labels and in advertisements if finalized.","DEPARTMENT OF THE TREASURY
Alcohol and Tobacco Tax and Trade Bureau
27 CFR Part 9
[Docket No. TTB-2026-0004; Notice No. 242]
RIN 1513-AD16
Proposed Establishment of the Mill Creek—Walla Walla Valley Viticultural Area
AGENCY:
Alcohol and Tobacco Tax and Trade Bureau, Treasury.
ACTION:
Notice of proposed rulemaking.
SUMMARY:
The Alcohol and Tobacco Tax and Trade Bureau (TTB) proposes to establish the approximately 4,898-acre “Mill Creek—Walla Walla Valley” American viticultural area (AVA) in Walla Walla County, Washington. The proposed viticultural area lies entirely within the established Columbia Valley and Walla Walla Valley AVAs. TTB designates viticultural areas to allow vintners to better describe the origin of their wines and to allow consumers to better identify wines they may purchase. TTB invites comments on this proposed addition to its regulations.
DATES:
TTB must receive comments on or before October 13, 2026.
ADDRESSES:
You may electronically submit comments to TTB on this proposal and view copies of this document, its supporting materials, and any comments TTB receives o",https://www.federalregister.gov/documents/2026/08/14/2026-16669/proposed-establishment-of-the-mill-creek-walla-walla-valley-viticultural-area,,,,
3-A3-sample,3830,25849dc73870879ff2ee5a66a6d7b9fc96ff284633a43600d377c16c2e9551a6,treas:proposed_rules#3830,test,TREAS,proposed_rules,2026-08-20,Application of Section 250(b)(3)(A)(i)(VII) to Sales or Other Dispositions of Property,A3,Proposed rule / consultation / discussion paper / call for input,A3,P2,"The IRS proposed regulations under section 250 of the Internal Revenue Code would clarify how income and gain from sales or other dispositions of intangible property and depreciable, amortizable or depletable property are excluded when calculating deduction eligible income. The proposal affects domestic corporations with foreign-derived deduction eligible income. Comments are due by 2026-10-05.","DEPARTMENT OF THE TREASURY
Internal Revenue Service
26 CFR Part 1
[REG-117130-25]
RIN 1545-BR85
Application of Section 250(b)(3)(A)(i)(VII) to Sales or Other Dispositions of Property
AGENCY:
Internal Revenue Service (IRS), Treasury.
ACTION:
Notice of proposed rulemaking.
SUMMARY:
This document contains proposed regulations under section 250 of the Internal Revenue Code (Code) that provide guidance on certain income of a domestic corporation that is excluded in the determination of deduction eligible income. This category of income consists of income and gain from the sale or other disposition of intangible property and any other property of a type that is subject to depreciation, amortization, or depletion. The proposed regulations would affect domestic corporations with foreign-derived deduction eligible income.
DATES:
Written or electronic comments must be received by October 5, 2026.
ADDRESSES:
Commenters are strongly encouraged to submit comments electronically via the Federal eRulemaking Portal at

(indicate IRS and REG-117130-25) by following the onli",https://www.federalregister.gov/documents/2026/08/20/2026-17019/application-of-section-250b3aivii-to-sales-or-other-dispositions-of-property,,,,
3-A3-sample,3822,b4db4901ac3cf3244fa261562d7ddc2fe7046df55777745d91173893640619bf,treas:proposed_rules#3822,test,TREAS,proposed_rules,2026-09-04,Racial Nondiscrimination in Private Schools,A3,Proposed rule / consultation / discussion paper / call for input,A3,P2,"The IRS has proposed regulations under section 501(c)(3) to clarify that a private school is not tax-exempt if it discriminates on the basis of race, color, or national or ethnic origin in its educational, admissions, scholarship, athletic, or other policies. Comments and hearing requests are due by 2026-11-03. The proposed rules would apply to taxable years beginning after 2027-05-31.","DEPARTMENT OF THE TREASURY
Internal Revenue Service
26 CFR Part 1
[REG-119986-25]
RIN 1545-BS05
Racial Nondiscrimination in Private Schools
AGENCY:
Internal Revenue Service (IRS), Treasury.
ACTION:
Notice of proposed rulemaking.
SUMMARY:
This document contains proposed regulations that would update existing regulations to provide that a private school is not described as an organization exempt from Federal income tax if it discriminates on the basis of race, color, or national or ethnic origin in administration of its educational, admissions, scholarship, athletic, or other policies, based on the fundamental public policy of the United States against such practices. These proposed regulations would affect private schools in taxable years beginning after May 31, 2027, which is after the final regulations are expected to be published.
DATES:
Written or electronic comments and requests for a public hearing must be received by November 3, 2026.
ADDRESSES:
Commenters are strongly encouraged to submit public comments electronically via the Federal
eRulemaking Portal at",https://www.federalregister.gov/documents/2026/09/04/2026-18127/racial-nondiscrimination-in-private-schools,,,,
3-A3-sample,3960,b2e937a9eda4343169f0cb5cca8c5a6323a2941bd82a53d12d4cf8a927b37b95,treas:notices#3960,test,TREAS,notices,2026-09-09,"Superfund Tax on Chemical Substances; Request To Modify List of Taxable Substances; Notice of Filing for Butadiene-acrylonitrile-methyl Methacrylate-styrene Copolymer; w=124.79, x=424.05, y=129.62, z=72.41",A3,Proposed rule / consultation / discussion paper / call for input,A8,P2,"The IRS published a notice of filing and request for comments on a petition to add Modified SAN Latex to the U.S. Superfund list of taxable substances. Comments and hearing requests are due by 2026-11-09. The notice itself does not change the tax list, but it signals a potential future excise tax impact for importers and exporters of the substance.","DEPARTMENT OF THE TREASURY
Internal Revenue Service
Superfund Tax on Chemical Substances; Request To Modify List of Taxable Substances; Notice of Filing for Butadiene-acrylonitrile-methyl Methacrylate-styrene Copolymer; w=124.79, x=424.05, y=129.62, z=72.41
AGENCY:
Internal Revenue Service (IRS), Treasury.
ACTION:
Notice of filing and request for comments.
SUMMARY:
This notice of filing announces that a petition has been filed requesting that butadiene-acrylonitrile-methyl methacrylate-styrene copolymer ((C
H
)
w
(C
H
N)
x
(C
H
)
y
(C
H
O
)
z
; w=124.79, x=424.05, y=129.62, z=72.41), also known as “Modified SAN Latex,” be added to the list of taxable substances. This notice of filing also requests comments on the petition. This notice of filing is not a determination that the list of taxable substances is modified.
DATES:
Written comments and requests for a public hearing must be received on or before November 9, 2026.
ADDRESSES:
Commenters are encouraged to submit public comments or requests for a public hearing relating to this petition electronically via the Federal eRulemaking Po",https://www.federalregister.gov/documents/2026/09/09/2026-18264/superfund-tax-on-chemical-substances-request-to-modify-list-of-taxable-substances-notice-of-filing,,,,
