doc_id,document_id,title,regulator,document_type,url,release_date,split,stratum,prior_alert_class,model_alert_class,model_confidence,model_priority,primary_functions,summary,flags,human_alert_class,human_priority,human_functions,human_notes
6620,cma:publications#6620,Vets market investigation: draft substantive Order and Undertakings,CMA,publications,https://www.gov.uk/government/consultations/vets-market-investigation-draft-substantive-order-and-undertakings,2026-08-03,test,consultation,MIXED,A3,high,P2,Legal; Regulatory change,"The CMA has published a notice of intention and draft substantive Order for its veterinary services market investigation, alongside a public consultation. It proposes new obligations on veterinary businesses and related requirements for the RCVS to support remedies. This is relevant to firms in the veterinary services market, not general financial services firms. Any consultation deadlines should be checked in the full notice.",,,,,
6609,cma:publications#6609,CMA proposes removing 27 market remedies in part or full following review,CMA,publications,https://www.gov.uk/government/news/cma-proposes-removing-27-market-remedies-in-part-or-full-following-review,2026-08-12,test,consultation,MIXED,A3,high,P2,Regulatory change; Product,"The CMA is consulting on a provisional decision to remove, partially remove or retain 33 market remedies, including measures affecting retail banking and current account switching. Interested parties can respond by 5pm on 11 September 2026. A final decision is expected in Autumn 2026.",function_off_matrix,,,,
6611,cma:publications#6611,Strategic review of CMA markets remedies,CMA,publications,https://www.gov.uk/government/consultations/strategic-review-of-cma-markets-remedies,2026-08-12,test,consultation,MIXED,A3,high,P2,Regulatory change,The CMA has launched a consultation reviewing 33 existing markets remedies to decide whether they should be amended or removed. Stakeholders are invited to respond by 2 March 2026. The review concerns remedies across multiple sectors and may lead to a later final decision and notices of amendment or removal.,,,,,
6607,cma:publications#6607,Proposed steering conduct requirement for Google’s mobile platform,CMA,publications,https://www.gov.uk/government/consultations/proposed-steering-conduct-requirement-for-googles-mobile-platform,2026-08-14,test,consultation,MIXED,A3,high,P2,Regulatory change; Product,"The CMA is consulting on a proposed steering conduct requirement for Google’s mobile platform/Play Store, aimed at reducing restrictions on how developers can inform users about offers and direct them to make purchases outside Google’s billing system. It affects developers distributing digital goods and services via the Play Store in the UK. The document is a consultation, so feedback is due by the consultation closing date stated in the full paper if applicable.",function_off_matrix,,,,
6601,cma:publications#6601,Proposed steering conduct requirement for Apple’s mobile platform,CMA,publications,https://www.gov.uk/government/consultations/proposed-steering-conduct-requirement-for-apples-mobile-platform,2026-08-17,test,consultation,MIXED,A3,high,P2,Product; Legal; Regulatory change,"The CMA is consulting on a proposed steering conduct requirement for Apple’s mobile platform, aimed at restricting Apple’s app-store rules that limit developers’ ability to steer users to offers and purchases outside the App Store. It affects developers distributing digital goods and services in the UK. This is a consultation only, so no immediate obligation arises, but firms should review the proposal and respond by the consultation deadline if relevant.",function_off_matrix,,,,
1714,hmt:financial_services_regulations#1714,Valuation Methodology Review for Pubs and Hotels,HMT,financial_services_regulations,https://www.gov.uk/government/calls-for-evidence/valuation-methodology-review-for-pubs-and-hotels,2026-08-24,test,consultation,A3,A3,high,P2,Product; Regulatory change,"HM Treasury has launched a Call for Evidence on the valuation methodology used for business rates on pubs and hotels in England and Wales. It asks industry, valuers and other stakeholders for evidence and views on current approaches and possible improvements. No binding change is made yet; any accepted changes are intended for the next revaluation.",,,,,
6576,cma:publications#6576,Draft revised guidance on our approach to assessing merger efficiencies,CMA,publications,https://www.gov.uk/government/consultations/draft-revised-guidance-on-our-approach-to-assessing-merger-efficiencies,2026-09-03,test,consultation,MIXED,A3,high,P2,Regulatory change; Product,"The CMA is consulting on draft revised merger efficiencies guidance that would replace parts of the Merger Assessment Guidelines. It proposes more detail on when efficiencies arise, what evidence the CMA will consider, and how merging parties should engage. This is relevant to businesses involved in mergers and merger control, with responses due under the consultation process stated in the document.",function_off_matrix,,,,
6616,cma:publications#6616,Suspected anti-competitive conduct in relation to hotel accommodation services,CMA,publications,https://www.gov.uk/cma-cases/suspected-anti-competitive-conduct-in-relation-to-hotel-accommodation-services,2026-08-05,test,enforcement,MIXED,A6,high,P3,Legal; Financial crime,The CMA has opened an investigation into suspected anti-competitive information sharing among competing hotel providers under Chapter I of the Competition Act 1998. It names several hotel groups and warns that relevant documents must be preserved. This is an ongoing enforcement matter with no finding yet and no compliance deadline stated.,function_off_matrix,,,,
6602,cma:publications#6602,Paramount / Warner Bros. Discovery merger inquiry,CMA,publications,https://www.gov.uk/cma-cases/paramount-slash-warner-bros-discovery-merger-inquiry,2026-08-17,test,enforcement,MIXED,A13,high,P3,Legal,"The CMA has published a notice confirming that Paramount Skydance’s merger notice for the anticipated acquisition of Warner Bros. Discovery meets statutory requirements. The initial merger review period starts on 10 June 2026, and the CMA’s deadline to decide whether to refer the deal to phase 2 is 7 August 2026.",function_off_matrix; models_disagree,,,,
6596,cma:publications#6596,Red Driving School: consumer protection enforcement case,CMA,publications,https://www.gov.uk/cma-cases/red-driving-school-consumer-protection-enforcement-case,2026-08-19,test,enforcement,MIXED,A6,high,P3,Compliance; Legal; Financial crime,"The CMA has opened a consumer enforcement investigation into Red Driving School over how mandatory fees are shown in the purchase process for driving lessons. It is an open case only at this stage, with evidence gathering through August 2026 to January 2027 and a next update expected in January 2027. No infringement has been found yet.",function_off_matrix,,,,
6597,cma:publications#6597,Trainline: consumer protection enforcement case,CMA,publications,https://www.gov.uk/cma-cases/trainline-consumer-protection-enforcement-case,2026-08-19,test,enforcement,MIXED,A6,high,P1,Compliance; Legal,"The CMA has opened a consumer protection enforcement investigation into Trainline over how mandatory fees are shown in ticket pricing. This is an active case, but no infringement has been found yet. The next case update is expected in January 2027.",,,,,
6598,cma:publications#6598,Virgin Atlantic: consumer protection enforcement case,CMA,publications,https://www.gov.uk/cma-cases/virgin-atlantic-consumer-protection-enforcement-case,2026-08-19,test,enforcement,MIXED,A6,high,P3,Legal; Compliance,The CMA has opened a consumer protection enforcement investigation into Virgin Atlantic’s presentation of mandatory fees in package holiday pricing. It is examining whether total prices were shown upfront and whether consumers received a total price when purchasing. This is an open case and no infringement finding has been made; no action date is set beyond a next case update in January 2027.,function_off_matrix,,,,
6593,cma:publications#6593,Vandemoortele required to sell UK plant following pastry merger investigation,CMA,publications,https://www.gov.uk/government/news/vandemoortele-required-to-sell-uk-plant-following-pastry-merger-investigation,2026-08-20,test,enforcement,MIXED,A6,high,P3,Legal,"The CMA published its final report on the Vandemoortele/Délifrance merger, clearing it only subject to remedies. Vandemoortele must sell its Worcester laminated dough plant and current UK sales operations to a suitable purchaser to address competition concerns. The investigation finished about 7 weeks before the 24-week statutory deadline.",function_off_matrix; models_disagree,,,,
6588,cma:publications#6588,Aramark / Entier merger inquiry,CMA,publications,https://www.gov.uk/cma-cases/aramark-slash-entier-merger-inquiry,2026-08-24,test,enforcement,MIXED,A13,high,P3,Legal,"The CMA has issued an Initial Order in the Aramark/Entier merger inquiry under the Enterprise Act 2002. It restricts integration and requires the businesses to operate separately pending the merger review. Applies to Aramark, Aramark Investments Limited, Aramark Limited and Entier from 25 March 2025.",models_disagree,,,,
6568,cma:publications#6568,Energy licence modification appeals 2026,CMA,publications,https://www.gov.uk/cma-cases/energy-licence-modification-appeals-2026,2026-09-09,test,enforcement,MIXED,A13,high,P1,Legal; Regulatory change; Compliance,"Cadent Gas has filed a notice of appeal against GEMA’s RIIO-GD3 licence modification decision, challenging part of the price control and the 1 April 2026 licence changes. The appeal concerns gas transporter licence conditions for Cadent and other gas distribution network operators. This is a court/tribunal process rather than a rule change, but it may affect regulated revenue and obligations.",function_off_matrix; models_disagree,,,,
6566,cma:publications#6566,Heating oil review: consumer protection enforcement case,CMA,publications,https://www.gov.uk/cma-cases/heating-oil-review-consumer-protection-enforcement-case,2026-09-10,test,enforcement,MIXED,A6,high,P1,Compliance; Legal,"The CMA published an open letter to domestic heating oil suppliers reminding them that consumer contract terms must be fair and transparent, especially where liability is limited or delayed performance is involved. It also reported that its consumer protection review found possible contract breaches and that suppliers have agreed to compensate affected customers.",models_disagree,,,,
6662,cma:publications#6662,CMA correspondence in relation to early years education and childcare sector,CMA,publications,https://www.gov.uk/government/publications/cma-response-to-government-in-relation-to-childcare-provision,2026-07-01,test,guidance,MIXED,A10,high,P2,Product; Compliance; Risk; Internal audit,"The CMA has launched a market study into early years education and childcare in England and opened a consultation/call for views on its proposed scope. It will examine access, affordability, consumer choice, public bodies and provider types, but it has no direct intervention powers at this stage. No compliance deadline is set; this is an engagement and evidence-gathering exercise.",function_off_matrix; models_disagree,,,,
6663,cma:publications#6663,Early years education and childcare market study,CMA,publications,https://www.gov.uk/cma-cases/early-years-education-and-childcare-market-study,2026-07-01,test,guidance,MIXED,A10,high,P2,Compliance; Risk; Internal audit,"The CMA has launched a market study into early years education and childcare services in England. It will examine how the sector works, including funding, competition, information and regulation, and invite comments on the scope and questions raised. This is an evidence-gathering review rather than a binding rule change, so it mainly informs future recommendations for government and regulators.",function_off_matrix; models_disagree,,,,
6664,cma:publications#6664,Early years education and childcare market study: providers and professionals,CMA,publications,https://www.gov.uk/government/calls-for-evidence/early-years-education-and-childcare-market-study-providers-and-professionals,2026-07-01,test,guidance,MIXED,A10,high,P3,Compliance; Risk,"The CMA closed a call for evidence as part of its early years education and childcare market study. It asked for views from childcare providers, families and other interested people, with the call running from 1 July 2026 to 26 July 2026. This is an awareness-only market study publication and does not create obligations for firms.",models_disagree,,,,
6665,cma:publications#6665,Early years education and childcare market study: families,CMA,publications,https://www.gov.uk/government/calls-for-evidence/early-years-education-and-childcare-market-study-families,2026-07-01,test,guidance,MIXED,A10,high,P3,,"The CMA opened a closed call for evidence as part of its early years education and childcare market study, seeking views from families, providers and others on how childcare services work and could work better. It covered childminders, nurseries and pre-schools for children from birth to school age. The call ran from 1 July 2026 to 26 July 2026.",no_primary_function; models_disagree,,,,
6666,cma:publications#6666,How to engage with the CMA’s childcare market study,CMA,publications,https://www.gov.uk/guidance/how-to-engage-with-the-cmas-childcare-market-study,2026-07-01,test,guidance,MIXED,A10,high,P2,Compliance; Risk,"The CMA has launched a market study into early years education and childcare services in England. It invites views on the statement of scope, with responses due by 26 July 2026, and says it will gather evidence through questionnaires, statutory information requests, research and stakeholder engagement before a final report in May 2027.",function_off_matrix,,,,
6667,cma:publications#6667,Early years education and childcare market study: other interested people,CMA,publications,https://www.gov.uk/government/calls-for-evidence/early-years-education-and-childcare-market-study-other-interested-people,2026-07-01,test,guidance,MIXED,A10,high,P2,Compliance; Risk,"The CMA closed a call for evidence for its early years education and childcare market study. It asks stakeholders, families and providers about how childcare services for children from birth to school age are working and whether the market could work better. Views were accepted from 1 July 2026 to 26 July 2026.",function_off_matrix; models_disagree,,,,
6668,cma:publications#6668,CMA opens probe into childcare sector,CMA,publications,https://www.gov.uk/government/news/cma-opens-probe-into-childcare-sector,2026-07-01,test,guidance,MIXED,A10,high,P2,Compliance; Risk,"The CMA has launched a market study into early years education and childcare in England, covering access, affordability, information and provider types. It is seeking input through a call for views, with provisional findings expected by early 2027. The study may lead to recommendations to government and guidance for businesses or consumers, but it does not itself create new obligations.",function_off_matrix,,,,
6651,cma:publications#6651,Heating oil market study,CMA,publications,https://www.gov.uk/cma-cases/heating-oil-market-study,2026-07-14,test,guidance,MIXED,A10,high,P2,Compliance; Risk,"The CMA has launched a market study notice into the domestic heating oil market in the UK and invites representations by 8 April 2026. The CMA says it must publish its market study report by 19 March 2027 and may consider a market investigation reference. This is a market study, so it is mainly an awareness item for firms with exposure to the sector.",function_off_matrix; models_disagree,,,,
6643,cma:publications#6643,Review of the interaction between the Market Access Principles and England’s Air Quality (Domestic Solid Fuels Standards) Regulations 2020,CMA,publications,https://www.gov.uk/cma-cases/review-of-the-interaction-between-the-market-access-principles-and-englands-air-quality-domestic-solid-fuels-standards-regulations-2020,2026-07-17,test,guidance,MIXED,A10,high,P3,Product,The CMA’s Office for the Internal Market published its final report on how the Market Access Principles interact with England’s ‘Ready to Burn’ scheme for certain manufactured solid fuels and house coal. It follows a joint referral from UK and devolved administrations and is now closed. No new obligations or deadlines are created; the report is for market participants and policymakers.,function_off_matrix; models_disagree,,,,
6644,cma:publications#6644,How to engage with the CMA’s private dental services market study,CMA,publications,https://www.gov.uk/guidance/how-to-engage-with-the-cmas-private-dental-services-market-study,2026-07-17,test,guidance,MIXED,A10,high,P2,Compliance; Risk,"The CMA has launched and is updating a market study into private dental services in the UK. It is gathering evidence, will consult on emerging thinking and remedies in October to November 2026, and expects a final report by 4 March 2027. Dental businesses and related stakeholders may be asked for information and views.",function_off_matrix,,,,
6640,cma:publications#6640,Unfair contract terms,CMA,publications,https://www.gov.uk/government/publications/unfair-contract-terms-cma37,2026-07-22,test,guidance,MIXED,A4,high,P2,Compliance; Legal,"The CMA has published updated guidance on unfair contract terms under the Consumer Rights Act 2015. It explains how the Part 2 rules apply to businesses using consumer terms and notices, including fairness, transparency, prohibited terms and enforcement. It is guidance only, but businesses should use it to review consumer contracts and notices now.",function_off_matrix,,,,
6637,cma:publications#6637,Transparency and disclosure - statement of CMA’s policy and approach: CMA6,CMA,publications,https://www.gov.uk/government/publications/transparency-and-disclosure-statement-of-cmas-policy-and-approach-cma6,2026-07-23,test,guidance,MIXED,A4,medium,P2,Compliance; Legal,"The CMA has issued its statement of policy and approach on transparency and disclosure (CMA6), covering how it handles information requests, disclosure, confidentiality, public authority cooperation and data protection across CMA cases and functions. It applies to CMA cases under competition, consumer enforcement and subsidy control regimes, plus motor fuel information gathering. The document re-issues overseas investigative assistance guidance unchanged, effective since 2024-12-19.",function_off_matrix,,,,
6638,cma:publications#6638,Sky / ITV merger inquiry,CMA,publications,https://www.gov.uk/cma-cases/sky-slash-itv-merger-inquiry,2026-07-23,test,guidance,MIXED,A10,high,P2,Legal; Regulatory change; Compliance,"The CMA has opened an invitation to comment on Sky’s anticipated acquisition of ITV, in the communications sector. Interested parties can submit views on competition issues by 6 August 2026. This is an early-stage merger review and not yet a formal investigation or decision.",function_off_matrix; models_disagree,,,,
6619,cma:publications#6619,Google search publisher conduct requirement,CMA,publications,https://www.gov.uk/find-digital-markets-measures/google-search-publisher-conduct-requirement,2026-08-04,test,guidance,MIXED,A8,medium,P1,Prudential; Ops,"The CMA has issued Google’s reporting notice for the Publisher Conduct Requirement under the Digital Markets, Competition and Consumers Act 2024. It sets the form, content and timing of compliance reports, and requires Google to appoint a Nominated Officer and submit reports to the CMA within the first month after receiving the notice. It applies to Google’s general search services.",function_off_matrix; models_disagree,,,,
6610,cma:publications#6610,Strategic review of CMA markets remedies,CMA,publications,https://www.gov.uk/cma-cases/strategic-review-of-cma-markets-remedies,2026-08-12,test,guidance,MIXED,A10,high,P2,Compliance; Risk; Legal,"The CMA is reviewing 33 market remedies, including undertakings and orders across financial services and other sectors, and has published a provisional decision consultation. Views are invited by 11 September 2026, with final decision due in October 2026. Firms affected by any reviewed remedies should assess whether changes could alter market conduct or product arrangements.",function_off_matrix; models_disagree,,,,
6612,cma:publications#6612,Provisional decision: strategic review of CMA markets remedies,CMA,publications,https://www.gov.uk/government/consultations/provisional-decision-strategic-review-of-cma-markets-remedies,2026-08-12,test,guidance,MIXED,A10,high,P2,Compliance; Legal; Regulatory change,"The CMA has issued a provisional decision in its strategic review of legacy market remedies and undertakings, proposing to revoke, release or vary several remedies under the Enterprise Act 2002. It is not a banking rule, but it may affect firms subject to any named remedies and their legal/compliance teams. No single compliance date is stated in the excerpt.",function_off_matrix; models_disagree,,,,
6603,cma:publications#6603,nexfibre / Substantial merger inquiry,CMA,publications,https://www.gov.uk/cma-cases/nexfibre-slash-substantial-merger-inquiry,2026-08-14,test,guidance,MIXED,A10,high,P3,Legal; Compliance,"The CMA has referred Liberty Global/Telefónica/InfraVia’s nexfibre acquisition of Substantial for a phase 2 merger investigation under the Enterprise Act 2002. This is a market competition decision affecting the parties to the transaction, with no direct conduct obligations for regulated firms. The decision was made on 1 July 2026 and published on 14 August 2026.",function_off_matrix; models_disagree,,,,
6590,cma:publications#6590,Vets market investigation: draft Funding Order and Undertakings,CMA,publications,https://www.gov.uk/government/consultations/vets-market-investigation-draft-funding-order-and-undertakings,2026-08-20,test,guidance,MIXED,A10,high,P2,Compliance; Risk; Regulatory change; Legal,"The CMA has published a draft Funding Order and related undertakings for the veterinary household pets market investigation, alongside a consultation on the draft Order. It sets out a proposed funding mechanism for the RCVS to carry out monitoring and other activities, funded by levies on veterinary businesses, and invites representations before the CMA decides whether to proceed.",function_off_matrix; models_disagree,,,,
6591,cma:publications#6591,Veterinary Services Market Investigation (Funding) Order 2026 and Veterinary Services Market Investigation Royal College of Veterinary Surgeons (Funding) Undertakings 2026,CMA,publications,https://www.gov.uk/government/publications/veterinary-services-market-investigation-funding-order-2026-and-veterinary-services-market-investigation-royal-college-of-veterinary-surgeons-funding-,2026-08-20,test,guidance,MIXED,A10,high,P2,Compliance; Risk,"The CMA has made a funding order and related RCVS funding undertakings for its veterinary household pets market investigation remedies package. The notice explains how veterinary businesses will fund RCVS activities through a levy and associated collection/estimation processes, alongside separate substantive remedies. No direct bank obligations arise, but it is relevant as a market-study/remedies notice.",function_off_matrix; models_disagree,,,,
6586,cma:publications#6586,Schlumberger / ChampionX merger inquiry,CMA,publications,https://www.gov.uk/cma-cases/schlumberger-slash-championx-merger-inquiry,2026-08-25,test,guidance,MIXED,A10,high,P2,Compliance; Risk,The CMA is inviting comments on Schlumberger’s anticipated acquisition of ChampionX as part of its initial merger assessment. Interested parties are asked to submit views by 10 December 2024. This is a preliminary market review and not yet a formal investigation or decision.,function_off_matrix; models_disagree,,,,
6617,cma:publications#6617,GXO / Wincanton merger inquiry,CMA,publications,https://www.gov.uk/cma-cases/gxo-slash-wincanton-merger-inquiry,2026-08-04,test,intelligence,MIXED,A14,high,P3,Legal; Ops,"The CMA granted derogations from an Initial Enforcement Order in the GXO/Wincanton merger inquiry, allowing limited steps such as de-listing, re-registration, name changes, board changes and insurance arrangements, subject to strict conditions. The notice is addressed to the parties to the merger and does not impose a general rule for banks.",models_disagree,,,,
6224,hmt:news#6224,Venture capital access expanded for early-stage companies in UK,HMT,news,https://www.gov.uk/government/news/venture-capital-access-expanded-for-early-stage-companies-in-uk,2026-08-07,test,intelligence,A11,A11,high,P3,,"HMT announces a £100m next phase of the British Business Bank’s Investor Pathways Capital Initiative, with applications for the next cohort opening in Autumn 2026. The news also references prior commitments to microfunds and recent reforms to the Growth Guarantee Scheme, but it is a government news story rather than a rule, consultation or supervisory notice.",no_primary_function,,,,
6614,cma:publications#6614,Aldi and Lidl should be subject to the same rules as major supermarkets,CMA,publications,https://www.gov.uk/government/news/aldi-and-lidl-should-be-subject-to-the-same-rules-as-major-supermarkets,2026-08-07,test,intelligence,MIXED,A11,high,P3,,"The CMA issued a press release saying it provisionally wants Aldi, Lidl GB and Lidl NI to be covered by the Groceries Market Investigation (Controlled Land) Order 2010, which would restrict certain land agreements used to block rival supermarkets. Stakeholders can submit views by 5pm on 7 September 2026 before a final decision in the autumn.",function_off_matrix; no_primary_function; models_disagree,,,,
6615,cma:publications#6615,Potential designation of Aldi and Lidl under the Groceries Market Investigation (Controlled Land) Order 2010,CMA,publications,https://www.gov.uk/cma-cases/potential-designation-of-aldi-and-lidl-under-the-groceries-market-investigation-controlled-land-order-2010,2026-08-07,test,intelligence,MIXED,A14,high,P2,Legal; Compliance; Regulatory change; Ops,"The CMA is inviting comments on whether Aldi and/or Lidl should be designated as Large Grocery Retailers under the Groceries Market Investigation (Controlled Land) Order 2010. Stakeholders are asked to provide evidence by 13 April 2026 on their product range, pricing and any competition impacts from not being in scope. This is a consultation-style invitation to comment, not a final designation decision.",function_off_matrix; models_disagree,,,,
6613,cma:publications#6613,Vivisol / Air Liquide (home oxygen services business) merger inquiry,CMA,publications,https://www.gov.uk/cma-cases/vivisol-slash-air-liquide-home-oxygen-services-business-merger-inquiry,2026-08-11,test,intelligence,MIXED,A11,high,P3,,"The CMA is inviting comments on the anticipated acquisition of Air Liquide’s home oxygen services business by Vivisol. This is a merger case page and invitation to comment for Phase 1, with comments requested by late September 2026. It is an information-gathering notice, not a final decision or binding rule.",function_off_matrix; no_primary_function; models_disagree,,,,
6608,cma:publications#6608,Referral of the proposed subsidy to UDX Development Company Limited by the Department for Culture Media and Sport,CMA,publications,https://www.gov.uk/cma-cases/referral-of-the-proposed-subsidy-to-udx-development-company-limited-by-the-department-for-culture-media-and-sport,2026-08-12,test,intelligence,MIXED,A11,high,P3,,"The CMA’s Subsidy Advice Unit published a report on DCMS’s proposed subsidy to UDX Development Company Limited. It evaluates DCMS’s assessment of compliance with the Subsidy Control Act 2022 and invites third-party submissions on the report process; it does not itself create obligations for firms. The report was published on 12 August 2026, and the submission deadline is in the administrative timetable but no exact date is stated here.",no_primary_function; models_disagree,,,,
6604,cma:publications#6604,Google’s mobile platform,CMA,publications,https://www.gov.uk/cma-cases/googles-mobile-platform,2026-08-14,test,intelligence,MIXED,A14,medium,P3,Regulatory change; Legal,"The CMA has opened an initial strategic market status investigation into Google’s mobile ecosystem under the Digital Markets, Competition and Consumers Act 2024. It covers Android, native app distribution and mobile browser/browser engine activities, and may lead to a revised notice or future designation. No compliance action is required yet, but the matter should be monitored.",function_off_matrix; models_disagree,,,,
6605,cma:publications#6605,Apple’s mobile platform,CMA,publications,https://www.gov.uk/cma-cases/apples-mobile-platform,2026-08-14,test,intelligence,MIXED,A11,high,P3,,"The CMA has issued a notice starting an initial strategic market status investigation into Apple’s mobile ecosystem under the Digital Markets, Competition and Consumers Act 2024. It describes the scope of the investigation, including iOS, the App Store and Safari/WebKit, and says the CMA may revise the scope or close the investigation before a final view. No firm action or deadline is imposed on regulated firms.",function_off_matrix; no_primary_function; models_disagree,,,,
6606,cma:publications#6606,The CMA's programme of work across mobile platforms,CMA,publications,https://www.gov.uk/guidance/the-cmas-programme-of-work-across-mobile-platforms,2026-08-14,test,intelligence,MIXED,A11,high,P3,,"CMA guidance page summarises its work on mobile platforms under the digital markets regime, including SMS designations for Apple and Google, ongoing engagement on app review, interoperability, NFC access and app steering, and planned consultations and work in 2026. It is informational and does not itself create new obligations for firms.",function_off_matrix; no_primary_function; models_disagree,,,,
6599,cma:publications#6599,CMA publishes latest monitoring update on road fuel market,CMA,publications,https://www.gov.uk/government/news/cma-publishes-latest-monitoring-update-on-road-fuel-market,2026-08-18,test,intelligence,MIXED,A11,high,P3,,"The CMA published a press release on its latest road fuel market monitoring report, saying it found no evidence retailers changed pricing strategies to exploit the Middle East conflict, but remains concerned about sustained high margins. It also said Fuel Finder registration is now very high and that it will keep monitoring prices, with a fuller review due in autumn.",no_primary_function,,,,
6600,cma:publications#6600,Enhanced road fuel monitoring report: August 2026,CMA,publications,https://www.gov.uk/government/publications/enhanced-road-fuel-monitoring-report-august-2026,2026-08-18,test,intelligence,MIXED,A11,high,P3,,"The CMA published an enhanced monitoring report on UK road fuel prices and margins in response to the Middle East conflict, including its assessment of fuel finder compliance and enforcement activity. It says market conditions improved by June but concerns remain about weak competition and retailer margins. This is an informational market update with no new binding requirements.",no_primary_function; models_disagree,,,,
6595,cma:publications#6595,"Trainline, Virgin Atlantic and RED Driving School investigated for drip pricing",CMA,publications,https://www.gov.uk/government/news/trainline-virgin-atlantic-and-red-driving-school-investigated-for-drip-pricing,2026-08-19,test,intelligence,MIXED,A11,high,P3,,"The CMA announced consumer-protection investigations into Trainline, Virgin Atlantic and RED Driving School over alleged drip pricing and failure to show mandatory fees upfront. It says the cases are at an early stage and no breach has been found. The press release also reminds firms of the CMA’s wider pricing campaign and possible fines/refunds if the law is broken.",function_off_matrix; no_primary_function; models_disagree,,,,
6592,cma:publications#6592,Veterinary services for household pets,CMA,publications,https://www.gov.uk/cma-cases/veterinary-services-market-for-pets-review,2026-08-20,test,intelligence,MIXED,A11,high,P3,,"CMA-commissioned qualitative research report on how pet owners choose, switch and pay for veterinary services, including health plans, prescriptions, referrals, diagnostics and out-of-hours care. It is background research only and does not set rules or deadlines.",no_primary_function,,,,
6594,cma:publications#6594,FirstCash / Ramsdens merger inquiry,CMA,publications,https://www.gov.uk/cma-cases/firstcash-slash-ramsdens-merger-inquiry,2026-08-20,test,intelligence,MIXED,A11,high,P3,,The CMA has published an invitation to comment on the anticipated acquisition of Ramsdens Holdings PLC by FirstCash Holdings Inc. Interested parties may submit initial views on competition issues by 4 September 2026. This is part of the CMA’s pre-investigation information gathering in a financial services merger case.,function_off_matrix; no_primary_function; models_disagree,,,,
6589,cma:publications#6589,Referral of the proposed subsidy to Ryanair UK Limited by Invest Northern Ireland,CMA,publications,https://www.gov.uk/cma-cases/referral-of-the-proposed-subsidy-to-ryanair-uk-limited-by-invest-northern-ireland,2026-08-21,test,intelligence,MIXED,A11,high,P3,,The CMA’s Subsidy Advice Unit has opened a referral on Invest Northern Ireland’s proposed £67 million subsidy to Ryanair UK Limited for an MRO facility in Northern Ireland. Third parties may submit comments by the deadline in the timetable. The SAU will publish a report evaluating Invest NI’s assessment of subsidy-control compliance within 30 working days.,no_primary_function; models_disagree,,,,
6223,hmt:news#6223,Treasury to call time on uncertainty for pubs and hotels,HMT,news,https://www.gov.uk/government/news/treasury-to-call-time-on-uncertainty-for-pubs-and-hotels,2026-08-24,test,intelligence,A11,A11,high,P3,,"HM Treasury announced an independent review and call for evidence on business rates valuations for pubs and hotels. The review, led by Jerry Schurder, will report by the end of March 2027, ahead of implementation at the next revaluation. This is a policy announcement and engagement exercise, not a binding rule change.",no_primary_function; models_disagree,,,,
6587,cma:publications#6587,Referral of the proposed Scottish Zero Emission Truck Fund Scheme by Transport Scotland,CMA,publications,https://www.gov.uk/cma-cases/referral-of-the-proposed-scottish-zero-emission-truck-fund-scheme-by-transport-scotland,2026-08-24,test,intelligence,MIXED,A11,high,P3,,The CMA’s Subsidy Advice Unit has accepted a referral from Transport Scotland on the proposed Scottish Zero Emission Truck Fund Scheme and is inviting third-party submissions. The SAU will assess the scheme’s compliance with subsidy control requirements and publish a report within 30 working days. This is an information-gathering notice on a proposed public subsidy scheme for transport.,no_primary_function; models_disagree,,,,
6222,hmt:news#6222,Chancellor statement on Iran sanctions,HMT,news,https://www.gov.uk/government/news/chancellor-statement-on-iran-sanctions,2026-08-25,test,intelligence,A11,A11,high,P3,,"HMT published a news statement from the Chancellor on further Iran sanctions and UK/US efforts to pressure Iran. It is political and informational, with no new legal text, deadlines or firm obligations in the statement itself.",function_off_matrix; no_primary_function,,,,
6583,cma:publications#6583,5 ways drivers can save money and avoid costly mistakes as summer travel peaks,CMA,publications,https://www.gov.uk/government/news/5-ways-drivers-can-save-money-and-avoid-costly-mistakes-as-summer-travel-peaks,2026-08-25,test,intelligence,MIXED,A11,high,P3,,CMA news story giving consumer tips for drivers on cheaper fuel and private parking charges during the summer travel peak. It does not create new rules or deadlines; it is general awareness only.,no_primary_function,,,,
6584,cma:publications#6584,Danone / Huel merger inquiry,CMA,publications,https://www.gov.uk/cma-cases/danone-slash-huel-merger-inquiry,2026-08-25,test,intelligence,MIXED,A9,high,P3,Board; Legal,"The CMA published a merger notice for Danone Holdings (UK)’s anticipated acquisition of Huel Limited under the Enterprise Act 2002. The notice starts the CMA’s initial review period and states the phase 2 referral decision deadline is 11 September 2026. This is an update on a competition case, not a financial-services rule change.",function_off_matrix; models_disagree,,,,
6585,cma:publications#6585,NRG Fleet Services / Specialist Fleet Services merger inquiry,CMA,publications,https://www.gov.uk/cma-cases/nrg-fleet-services-slash-specialist-fleet-services-merger-inquiry,2026-08-25,test,intelligence,MIXED,A9,high,P3,Board; Compliance; Legal; Ops,"The CMA has made an Initial Order in its merger inquiry into NRG Fleet Services Limited’s acquisition of Specialist Fleet Services Limited. The order applies to the acquirer group and SFS from 10 August 2026 and requires them to keep the businesses separate and preserve assets, management, IT, customer/supplier lists and service continuity while the CMA considers the merger.",function_off_matrix; models_disagree,,,,
6582,cma:publications#6582,The Brink’s Company / NCR Atleos Corporation merger inquiry,CMA,publications,https://www.gov.uk/cma-cases/the-brinks-company-slash-ncr-atleos-corporation-merger-inquiry,2026-08-26,test,intelligence,MIXED,A9,high,P3,,The CMA has published a notice that a merger notice for The Brink’s Company’s anticipated acquisition of NCR Atleos Corporation meets the requirements of the Enterprise Act 2002. It starts the initial review period on 27 August 2026 and sets the CMA’s phase 2 referral deadline for 22 October 2026.,function_off_matrix; no_primary_function; models_disagree,,,,
6219,hmt:news#6219,Great British Summer Savings: millions of pounds saved by families,HMT,news,https://www.gov.uk/government/news/great-british-summer-savings-millions-of-pounds-saved-by-families,2026-08-27,test,intelligence,A11,A11,high,P3,,"HMT issued a news story promoting the Great British Summer Savings scheme, which says a VAT cut to 5% on kids’ meals and certain attraction tickets will end at midnight on 1 September. It reports on participating businesses and consumer savings, but does not create new obligations for firms.",no_primary_function,,,,
6220,hmt:news#6220,Interim Chair of National Savings and Investments appointment extended,HMT,news,https://www.gov.uk/government/news/interim-chair-of-national-savings-and-investments-appointment-extended,2026-08-27,test,intelligence,A11,A11,high,P3,,"HM Treasury announced an extension to Luke Jensen’s interim chair appointment at National Savings and Investments until 31 October 2026 while a permanent chair is recruited. This is a public news item about a governance appointment, not a rule, consultation, or supervisory requirement.",no_primary_function,,,,
6221,hmt:news#6221,Ministers to boost innovation in payments with new objective for Bank of England,HMT,news,https://www.gov.uk/government/news/ministers-to-boost-innovation-in-payments-with-new-objective-for-bank-of-england,2026-08-27,test,intelligence,A11,A11,high,P3,,"HMT announces plans to give the Bank of England a new secondary objective to support innovation in payment systems and digital money, including stablecoins, while keeping financial stability primary. The change would extend the existing innovation objective for CCPs and CSDs to systemic payment systems. Government says it will be taken forward through amendments to the Financial Services and Markets Bill; no implementation date is given.",function_off_matrix; no_primary_function; models_disagree,,,,
6581,cma:publications#6581,CMA secures compensation for heating oil customers,CMA,publications,https://www.gov.uk/government/news/cma-secures-compensation-for-heating-oil-customers,2026-08-28,test,intelligence,MIXED,A11,high,P3,,"CMA press release announcing compensation for heating oil customers after suppliers cancelled orders during a price spike. Affected customers will be contacted directly; some will receive payments for replacement oil, while others will have original orders honoured. No action is needed from eligible customers at this stage.",no_primary_function; models_disagree,,,,
6217,hmt:news#6217,UK leads way in disrupting shadowy Russian sanctions evasion network,HMT,news,https://www.gov.uk/government/news/uk-leads-way-in-disrupting-shadowy-russian-sanctions-evasion-network,2026-08-31,test,intelligence,A11,A11,high,P3,,"HMT and the NCA issued a press release announcing a nationwide alert on the A7 sanctions-evasion network and wider UK action against Russia-linked financial networks. It also says the government will raise the maximum OFSI monetary penalty for sanctions breaches from 50% to 100% of the breach value, but no commencement date is given in the text.",function_off_matrix; no_primary_function; models_disagree,,,,
6218,hmt:news#6218,£100 million competition to back British AI companies to fix public services,HMT,news,https://www.gov.uk/government/news/100-million-competition-to-back-british-ai-companies-to-fix-public-services,2026-08-31,test,intelligence,A11,A11,high,P3,,"HMT announced a £100 million press-release competition under the Sovereign AI R&D Procurement Scheme to back British AI start-ups developing public-sector solutions, including NHS productivity, compute efficiency, defence, and AI agent security testing. It is an announcement of government funding and procurement activity, not a regulatory rule or supervisory requirement.",no_primary_function,,,,
6216,hmt:news#6216,Three Hundreds of Chiltern,HMT,news,https://www.gov.uk/government/news/three-hundreds-of-chiltern--4,2026-09-01,test,intelligence,A11,A11,high,P3,,"The Treasury announces an appointment to the ceremonial office of Steward and Bailiff of the Three Hundreds of Chiltern. This is a news item with no regulatory requirements, deadlines or impact on regulated firms.",no_primary_function,,,,
6580,cma:publications#6580,12 new experts to join the CMA's inquiry panel,CMA,publications,https://www.gov.uk/government/news/12-new-experts-to-join-the-cmas-inquiry-panel,2026-09-01,test,intelligence,MIXED,A11,high,P3,,"The CMA announced 12 new appointments to its inquiry panel, with members taking up posts in September and October 2026. The press release describes the appointees’ backgrounds and the panel’s role in market investigations, merger inquiries and regulatory appeals. No direct obligations or compliance actions are set out for firms.",no_primary_function,,,,
6579,cma:publications#6579,E.ON / OVO merger inquiry,CMA,publications,https://www.gov.uk/cma-cases/eon-slash-ovo-merger-inquiry,2026-09-02,test,intelligence,MIXED,A14,high,P1,Legal,The CMA has published a merger notice for the anticipated acquisition of OVO Energy Ltd by E.ON SE (through E.ON UK Limited). It starts the statutory initial period on 3 September 2026 and sets 28 October 2026 as the deadline for the CMA to decide whether to refer the merger for a phase 2 investigation.,function_off_matrix; models_disagree,,,,
6575,cma:publications#6575,Referral of the proposed subsidy to EDF Energy Nuclear Generation Ltd by the Department for Energy Security and Net Zero,CMA,publications,https://www.gov.uk/cma-cases/referral-of-the-proposed-subsidy-to-edf-energy-nuclear-generation-ltd-by-the-department-for-energy-security-and-net-zero,2026-09-03,test,intelligence,MIXED,A11,high,P3,,"The CMA’s Subsidy Advice Unit published a report on DESNZ’s proposed subsidy to EDF Energy Nuclear Generation Ltd for the Sizewell B lifetime extension. It is an advisory publication on a specific subsidy control case, not a rule, enforcement action, or supervisory requirement. Third parties could submit comments by the timetable date stated in the report.",no_primary_function; models_disagree,,,,
6577,cma:publications#6577,Merger assessment guidelines,CMA,publications,https://www.gov.uk/government/publications/merger-assessment-guidelines,2026-09-03,test,intelligence,MIXED,A11,high,P3,,"The CMA updated its merger assessment guidelines, including the section on merger efficiencies. The new version took effect on 3 September 2026 and applies to merger cases where the formal Phase 1 investigation starts on or after that date.",no_primary_function; models_disagree,,,,
6578,cma:publications#6578,Seras / Enva (dedicated waste wood business) merger inquiry,CMA,publications,https://www.gov.uk/cma-cases/seras-slash-enva-dedicated-waste-wood-business-merger-inquiry,2026-09-03,test,intelligence,MIXED,A9,high,P3,Board; Legal,The CMA has published a merger notice for the anticipated acquisition by Seras Energy Ltd of G.I. Hadfield & Son Limited and confirmed the initial merger review period has started. The CMA’s deadline to decide whether to refer the merger for phase 2 is 14 August 2026.,function_off_matrix; models_disagree,,,,
6574,cma:publications#6574,Referral of the proposed Contracts for Difference for Renewables Allocation Round 8 scheme by DESNZ,CMA,publications,https://www.gov.uk/cma-cases/referral-of-the-proposed-contracts-for-difference-for-renewables-allocation-round-8-scheme-by-desnz,2026-09-04,test,intelligence,MIXED,A11,high,P3,,"CMA’s Subsidy Advice Unit published a final report on DESNZ’s proposed Contracts for Difference Allocation Round 8 scheme. It explains the scheme, the eligible technologies and changes following consultation, but does not itself create rules for firms. The report was published on 4 September 2026.",no_primary_function; models_disagree,,,,
6213,hmt:news#6213,Chancellor takes axe to delays holding back growth,HMT,news,https://www.gov.uk/government/news/chancellor-takes-axe-to-delays-holding-back-growth,2026-09-07,test,intelligence,A11,A11,high,P3,,"HM Treasury issued a press release on measures to speed up growth, including new sandboxing powers, changes to judicial review for nationally significant infrastructure projects, reduced consultation and reporting requirements, and a review of rail infrastructure costs. It also announced ambitions for UK unicorns, the Northern 500 and a British Business Bank fund. No direct obligations are imposed on firms in this publication.",function_off_matrix; no_primary_function; models_disagree,,,,
6214,hmt:news#6214,First ever Entrepreneurship Advisor appointed to the Treasury,HMT,news,https://www.gov.uk/government/news/first-ever-entrepreneurship-advisor-appointed-to-the-treasury,2026-09-07,test,intelligence,A11,A11,high,P3,,"HM Treasury announced the appointment of an Entrepreneurship Adviser to support the Chancellor on entrepreneurship policy, including access to finance, regulation, procurement, talent, innovation and competitiveness. It is a news item about an advisory appointment and stakeholder engagement, not a rule change. The role begins on 23 June and runs until Budget 2025.",no_primary_function,,,,
6215,hmt:news#6215,Chancellor John Healey's Growth Speech 2026,HMT,news,https://www.gov.uk/government/speeches/chancellor-john-healeys-growth-speech-2026,2026-09-07,test,intelligence,A11,A11,high,P3,,"The Chancellor gave a speech on the government’s growth agenda, fiscal discipline and investment priorities. It is informational only and does not create or change rules, deadlines or obligations for firms. Financial services is mentioned as one of the UK’s strengths, but there is no direct regulatory action.",no_primary_function,,,,
6573,cma:publications#6573,On track: delivering the promises of the digital markets regime,CMA,publications,https://www.gov.uk/government/speeches/on-track-delivering-the-promises-of-the-digital-markets-regime,2026-09-07,test,intelligence,MIXED,A11,high,P3,,"CMA speech setting out progress on the UK digital markets regime, including how it is using conduct requirements, commitments and voluntary engagement with major tech firms. It is an update on the authority’s approach and achievements, not a new rule or formal supervisory notice.",no_primary_function,,,,
6212,hmt:news#6212,Economic Secretary to the Treasury speech at UK Finance,HMT,news,https://www.gov.uk/government/speeches/economic-secretary-to-the-treasury-speech-at-uk-finance,2026-09-08,test,intelligence,A11,A11,high,P3,,"HMT’s Economic Secretary gave a speech at UK Finance supporting the digitalisation and tokenisation of wholesale financial markets. She highlighted progress on the Digital Securities Sandbox, DIGIT and payments modernisation, and said government will work with industry and regulators on further changes. No new rule, deadline or obligation is created by the speech.",function_off_matrix; no_primary_function,,,,
6569,cma:publications#6569,Competition and Markets Authority,CMA,publications,https://www.gov.uk/government/organisations/competition-and-markets-authority,2026-09-08,test,intelligence,MIXED,A11,high,P3,,"CMA homepage/publications landing page listing guidance, speeches, policy papers, research, transparency items and contact information. It does not impose new obligations or set deadlines; it simply signposts current CMA materials, including consumer, business and procurement-related content.",function_off_matrix; no_primary_function,,,,
6570,cma:publications#6570,Public procurement in the national interest: Reflections from the CMA,CMA,publications,https://www.gov.uk/government/speeches/public-procurement-in-the-national-interest-reflections-from-the-cma,2026-09-08,test,intelligence,MIXED,A11,high,P3,,"The CMA delivered a speech reflecting on public procurement and two accompanying reports. It discusses how government procurement could better support growth, innovation, resilience and competition, including by reducing fragmentation and barriers to entry, and highlights bid rigging risks. It is commentary only and does not create binding requirements for firms.",function_off_matrix; no_primary_function,,,,
6571,cma:publications#6571,Public procurement and competition: supporting growth and innovation,CMA,publications,https://www.gov.uk/government/publications/public-procurement-and-competition-supporting-growth-and-innovation,2026-09-08,test,intelligence,MIXED,A11,high,P3,,"The CMA published a reflections paper on using public procurement more strategically to support growth, innovation and resilience, and separately highlights bid-rigging risks in public procurement. It sets out recommendations for government and public bodies, but does not itself change rules or create obligations for firms. No compliance date is stated.",no_primary_function; models_disagree,,,,
6572,cma:publications#6572,Procurement in the national interest,CMA,publications,https://www.gov.uk/government/publications/procurement-in-the-national-interest,2026-09-08,test,intelligence,MIXED,A11,high,P3,,"The CMA published two research and policy papers on public procurement, covering how government can use procurement to support growth, innovation and economic security, and arguing for stronger action on bid rigging through better data collection and use. It is informational only and does not impose requirements on firms.",no_primary_function; models_disagree,,,,
7358,ico:govuk_publications#7358,Information Commissioner's Office,ICO,govuk_publications,https://www.gov.uk/government/organisations/information-commissioner-s-office,2026-09-09,test,intelligence,MIXED,A11,high,P3,,"This is the ICO publication landing page, highlighting a mix of news, research, guidance, consultations, and corporate reports. The named items include a press release, a call for input, consultation outcomes, guidance, and a memorandum of understanding, but the page itself does not create new obligations.",function_off_matrix; no_primary_function; models_disagree,,,,
6210,hmt:news#6210,Economic Secretary to the Treasury speech at UK Private Capital,HMT,news,https://www.gov.uk/government/speeches/economic-secretary-to-the-treasury-speech-at-uk-private-capital,2026-09-10,test,intelligence,A11,A11,high,P3,,"HMT’s Economic Secretary gave a speech on private capital, growth and the government’s financial services strategy. It highlights ongoing and planned reforms affecting asset management, private markets, AI and pensions, but it does not create new rules or deadlines.",no_primary_function,,,,
6211,hmt:news#6211,New members appointed to NISTA Expert Advisory Council,HMT,news,https://www.gov.uk/government/news/new-members-appointed-to-nista-expert-advisory-council,2026-09-10,test,intelligence,A11,A11,high,P3,,"HM Treasury announces five new appointments to NISTA’s Expert Advisory Council. The press release says the council will provide independent advice and challenge on infrastructure delivery, finance and service transformation, supporting the government’s 10 Year Infrastructure Strategy and wider project delivery reforms. It is advisory only and does not create obligations.",no_primary_function,,,,
6565,cma:publications#6565,"Referral of the proposed Critical Chemicals Resilience Fund subsidy scheme by the Department for Business, Innovation, Science and Trade",CMA,publications,https://www.gov.uk/cma-cases/referral-of-the-proposed-critical-chemicals-resilience-fund-subsidy-scheme-by-the-department-for-business-innovation-science-and-trade,2026-09-10,test,intelligence,MIXED,A11,high,P3,,"The CMA’s Subsidy Advice Unit has accepted a referral from the Department for Business, Innovation, Science and Trade on the proposed Critical Chemicals Resilience Fund. The notice explains the scheme, invites third-party submissions, and says the SAU will publish its report within 30 working days. This is an information notice about a subsidy control review, not a rule or obligation for firms.",no_primary_function; models_disagree,,,,
6567,cma:publications#6567,Heating oil suppliers: using fair terms and conditions,CMA,publications,https://www.gov.uk/government/publications/heating-oil-suppliers-using-fair-terms-and-conditions,2026-09-10,test,intelligence,MIXED,A11,high,P3,,"The CMA published an open letter reminding domestic heating oil suppliers that consumer contract terms and conditions must be fair and transparent, especially where liability is limited or removed. It is an information notice rather than a binding rule change, and it follows CMA intervention and voluntary compensation linked to cancelled orders during a price surge.",no_primary_function; models_disagree,,,,
6564,cma:publications#6564,Monitoring of the commitments given by IAG to the European Commission in relation to its acquisition of bmi,CMA,publications,https://www.gov.uk/government/publications/monitoring-of-the-commitments-given-by-iag-to-the-european-commission-in-relation-to-its-acquisition-of-bmi,2026-09-14,test,intelligence,MIXED,A11,high,P3,,"The CMA published a notice saying it is monitoring commitments given by IAG to the European Commission in connection with IAG’s 2012 acquisition of bmi. It is an informational notice about an existing commitments monitoring process, with no new requirements or deadlines stated.",function_off_matrix; no_primary_function,,,,
6209,hmt:news#6209,Hundreds of new officers to hunt down dirty money networks,HMT,news,https://www.gov.uk/government/news/hundreds-of-new-officers-to-hunt-down-dirty-money-networks,2026-09-15,test,intelligence,A11,A11,high,P3,,"HMT/Home Office announced a news story on a £500 million crackdown to recruit 500 new officers to target money laundering, organised crime and criminal asset recovery under the UK’s Anti-Money Laundering and Asset Recovery Strategy. It describes enforcement and intelligence activity across police, the NCA, CPS and FCA, but does not create new rules or deadlines for firms.",function_off_matrix; no_primary_function; models_disagree,,,,
6560,cma:publications#6560,Vandemoortele / Délifrance merger inquiry,CMA,publications,https://www.gov.uk/cma-cases/vandemoortele-slash-delifrance-merger-inquiry,2026-09-15,test,intelligence,MIXED,A9,high,P3,Ops,The CMA has accepted the merger notice for Vandemoortele’s anticipated acquisition of Délifrance and started the initial merger review period. The notice states the phase 2 referral decision deadline is 8 December 2025.,models_disagree,,,,
6561,cma:publications#6561,Welltower / multiple care homes merger inquiries,CMA,publications,https://www.gov.uk/cma-cases/welltower-slash-multiple-care-homes-merger-inquiries,2026-09-15,test,intelligence,MIXED,A11,medium,P3,,"The CMA published a merger-related derogation letter and annex for the completed acquisition of HC-One by Welltower. It allows limited disposal activity for five care homes, subject to prior CMA written consent and advance notice. The annex restates penalties for false or misleading information under the Enterprise Act 2002.",function_off_matrix; no_primary_function; models_disagree,,,,
6562,cma:publications#6562,Co-operative Group / Southern Co-operative merger inquiry,CMA,publications,https://www.gov.uk/cma-cases/co-operative-group-slash-southern-co-operative-merger-inquiry,2026-09-15,test,intelligence,MIXED,A14,high,P1,Compliance; Legal; Ops,"The CMA has made an Initial Order in relation to Co-operative Group’s anticipated acquisition of Southern Co-operative. The order, effective from 2026-07-26, requires CGL and Siena to keep the businesses separate and maintain their independence pending the merger inquiry. It restricts integration, asset transfers, staff moves, IT integration and information sharing.",function_off_matrix; models_disagree,,,,
6563,cma:publications#6563,OCS / Mitie merger inquiry,CMA,publications,https://www.gov.uk/cma-cases/ocs-slash-mitie-merger-inquiry,2026-09-15,test,intelligence,MIXED,A11,high,P3,,The CMA is inviting comments on OCS Group International Limited’s anticipated acquisition of Mitie Group plc. This is an early merger case page and no formal phase 1 investigation has started yet. Interested parties can submit views by 29 September 2026.,function_off_matrix; no_primary_function; models_disagree,,,,
6208,hmt:news#6208,Chancellor announces Bank of England appointments,HMT,news,https://www.gov.uk/government/news/chancellor-announces-bank-of-england-appointments--2,2026-09-16,test,intelligence,A11,A11,high,P3,,"HMT announced three new non-executive director appointments to the Bank of England’s Court, plus two reappointments. The release gives names, backgrounds and start dates, with first Court meetings for the new appointees from September 2026 to February 2027. It is informational only and does not change rules or obligations for firms.",function_off_matrix; no_primary_function,,,,
6558,cma:publications#6558,Delivering predictable regulation in an unpredictable world,CMA,publications,https://www.gov.uk/government/speeches/delivering-predictable-regulation-in-an-unpredictable-world,2026-09-16,test,intelligence,MIXED,A11,high,P3,,"A CMA Chair speech sets out the regulator’s commitment to stable, predictable and transparent regulation, with references to a three-year strategy, merger process improvements and public procurement reports. It is for awareness only and does not itself change rules or create deadlines for firms.",no_primary_function,,,,
6207,hmt:news#6207,"UK’s 250th banking hub opens in Chepstow, keeping access to cash and face-to-face banking in the town",HMT,news,https://www.gov.uk/government/news/uks-250th-banking-hub-opens-in-chepstow-keeping-access-to-cash-and-face-to-face-banking-in-the-town,2026-09-18,test,intelligence,A11,A11,high,P3,,"HMT announces the opening of the 250th UK banking hub in Chepstow, preserving cash access and face-to-face banking after a branch closure. It reiterates the government’s wider goal of 350 hubs this parliament and notes an independent review into access to banking services will report in October.",no_primary_function,,,,
690,hmt:policy_papers#690,UK – U.S. Financial Regulatory Working Group Summer 2026: Joint Statement,HMT,policy_papers,https://www.gov.uk/government/publications/uk-us-financial-regulatory-working-group-summer-2026-joint-statement--2,2026-08-04,test,rule_final,A2,A11,high,P3,,"HM Treasury and the U.S. Treasury published a joint statement recording the 13th UK–U.S. Financial Regulatory Working Group meeting. It summarizes topics discussed and outcomes, but does not set new requirements, deadlines, or formal policy changes.",function_off_matrix; no_primary_function; class_disagrees_with_registry,,,,
6618,cma:publications#6618,Google search fair ranking conduct requirement,CMA,publications,https://www.gov.uk/find-digital-markets-measures/google-search-fair-ranking-conduct-requirement,2026-08-04,test,rule_final,MIXED,A12,high,P1,Regulatory change; Compliance; Legal,"The CMA published interpretative notes for Google’s Fair Ranking Conduct Requirement under the UK digital markets regime. The notes explain how the requirement applies to ranking and presentation of organic search results, search features and search generative AI, and what is out of scope. Google must use the notes in its compliance and reporting, and the CMA may update them while the requirement remains in force.",function_off_matrix; models_disagree,,,,
685,hmt:policy_papers#685,British Sign Language (BSL) 5-year plan: HM Treasury,HMT,policy_papers,https://www.gov.uk/government/publications/british-sign-language-5-year-plan-hm-treasury,2026-08-12,test,rule_final,A2,A11,high,P3,,"HM Treasury published its 5-year British Sign Language plan, explaining how it intends to improve BSL use in communications over the next five years. It applies to HM Treasury as a government department and includes annual progress updates during the plan period. No direct financial-services requirements are created for firms.",no_primary_function; class_disagrees_with_registry; models_disagree,,,,
671,hmt:policy_papers#671,Financial Inclusion Committee,HMT,policy_papers,https://www.gov.uk/government/publications/financial-inclusion-committee,2026-08-24,test,rule_final,A2,A11,high,P3,,"HMT published an informational policy paper on the Financial Inclusion Committee, including its terms of reference, membership and summary notes of meetings from December 2024 to June 2026. It explains the Committee’s role in supporting delivery of the Financial Inclusion Strategy. No new regulatory requirements or deadlines are set.",no_primary_function; class_disagrees_with_registry; models_disagree,,,,
667,hmt:policy_papers#667,Scottish Income Tax outturn reconciliation for 2024-25,HMT,policy_papers,https://www.gov.uk/government/publications/scottish-income-tax-outturn-reconciliation-for-2024-25,2026-08-27,test,rule_final,A2,A11,medium,P3,,"HM Treasury published an explanatory note on the 2024-25 Scottish Income Tax outturn reconciliation. It explains how HMRC and ONS data update Scottish Government funding under the Fiscal Framework, resulting in a net £720 million decrease in funding for 2027-28. It applies to Scotland and does not set requirements for firms.",no_primary_function; class_disagrees_with_registry; models_disagree,,,,
668,hmt:policy_papers#668,Welsh Rates of Income Tax outturn reconciliation for 2024-25,HMT,policy_papers,https://www.gov.uk/government/publications/welsh-rates-of-income-tax-outturn-reconciliation-for-2024-25,2026-08-27,test,rule_final,A2,A11,high,P3,,"HM Treasury published an explanatory note on the 2024-25 Welsh Rates of Income Tax reconciliation. It explains how HMRC outturn data updates Welsh Government funding under the fiscal framework, producing a net £146 million increase in funding for 2027-28. No regulatory change or firm obligation is created.",no_primary_function; class_disagrees_with_registry; models_disagree,,,,
664,hmt:policy_papers#664,Treasury Minutes – August 2026,HMT,policy_papers,https://www.gov.uk/government/publications/treasury-minutes-august-2026,2026-08-28,test,rule_final,A2,A11,high,P3,,"HM Treasury’s August 2026 Treasury Minutes is a government response to Public Accounts Committee reports on asylum, regulating for growth, MoD follow-up, Access to Work, museums and galleries, and Northern Powerhouse Rail. It is a parliamentary accountability document, not a financial-services rule or supervisory publication. It notes implementation timings including Autumn 2026 and December 2026 for government actions.",function_off_matrix; no_primary_function; class_disagrees_with_registry; models_disagree,,,,
6559,cma:publications#6559,McCormick / Unilever merger inquiry,CMA,publications,https://www.gov.uk/cma-cases/mccormick-slash-unilever-merger-inquiry,2026-09-16,test,rule_final,MIXED,A1,high,P1,Legal,The CMA has published a statutory merger notice for McCormick’s anticipated acquisition of the majority of Unilever’s global food business. The notice starts the initial review period on 17 September 2026 and sets 11 November 2026 as the CMA’s deadline to decide whether to refer the merger for a phase 2 investigation.,,,,,
640,hmt:policy_papers#640,Finance: Interministerial Standing Committee – 17 September 2026,HMT,policy_papers,https://www.gov.uk/government/publications/finance-interministerial-standing-committee-17-september-2026,2026-09-17,test,rule_final,A2,A11,high,P3,,This is a communiqué from the Finance: Interministerial Standing Committee meeting on 17 September 2026. It is informational only and does not create or change any requirements for firms.,function_off_matrix; no_primary_function; class_disagrees_with_registry,,,,
639,hmt:policy_papers#639,"Whole of Government Accounts, 2024-25",HMT,policy_papers,https://www.gov.uk/government/publications/whole-of-government-accounts-2024-25,2026-09-18,test,rule_final,A2,A11,high,P3,,"HM Treasury’s Whole of Government Accounts 2024–25 is a public-sector financial reporting publication for the year ended 31 March 2025. It explains the UK public sector’s consolidated financial position and ongoing audit-quality issues, but does not create new regulatory requirements for financial services firms.",no_primary_function; class_disagrees_with_registry; models_disagree,,,,
1831,hmt:financial_services_regulations#1831,Business Rates Review: technical consultation,HMT,financial_services_regulations,https://www.gov.uk/government/consultations/business-rates-review-technical-consultation,2023-03-15,train,consultation,A3,A3,high,P2,Regulatory change; Legal,"HM Treasury/DLUHC published the outcome of the Business Rates Review technical consultation for England. It confirms the government’s commitment to reforms from the 2020 review and provides further detail on implementation, including more frequent revaluations, improvement relief, green plant and machinery support, and other administrative changes. The document is an outcome/consultation record rather than a final rule, and no in-force date is stated here.",function_off_matrix; models_disagree,,,,
1824,hmt:financial_services_regulations#1824,Senior Managers & Certification Regime: a Call for Evidence,HMT,financial_services_regulations,https://www.gov.uk/government/calls-for-evidence/senior-managers-certification-regime-a-call-for-evidence,2023-03-30,train,consultation,A3,A11,high,P3,,"HM Treasury has issued a call for evidence on the Senior Managers and Certification Regime, asking for views on how well it is working and whether future reforms are needed. It is not a rule change itself, but may inform later legislative or regulatory action. Responses are invited as part of a joint evidence-gathering exercise with the FCA and PRA.",function_off_matrix; no_primary_function; class_disagrees_with_registry; models_disagree,,,,
1802,hmt:financial_services_regulations#1802,The future of customs declarations,HMT,financial_services_regulations,https://www.gov.uk/government/consultations/the-future-of-customs-declarations,2023-12-07,train,consultation,A3,A3,high,P2,Product; Ops; Regulatory change,HMT and HMRC published the outcome of a call for evidence on simplifying customs declarations and using technology to support import and export processes. The government says it will reduce information requirements by up to a quarter and will use the feedback to shape wider border transformation. The consultation closed on 8 September 2023.,function_off_matrix; models_disagree,,,,
1787,hmt:financial_services_regulations#1787,Draft regulations: the Co-ownership Contractual Schemes (Tax) Regulations 2024,HMT,financial_services_regulations,https://www.gov.uk/government/consultations/draft-regulations-the-co-ownership-contractual-schemes-tax-regulations-2024,2024-04-02,train,consultation,A3,A1,high,P1,Regulatory change; Legal; Prudential,"Draft statutory regulations for co-ownership contractual schemes and Reserved Investor Funds (Contractual Schemes) would amend multiple tax statutes, including stamp duty, stamp duty land tax, capital gains and reporting provisions. They set out tax treatment, information requirements to HMRC and penalties for failure to notify or provide information. The regulations come into force on a date to be specified in the instrument.",function_off_matrix; class_disagrees_with_registry; models_disagree,,,,
7206,cma:publications#7206,Review of Home Credit Market Investigation Order 2007: Final Decision and Notice of Intention to Vary consultation,CMA,publications,https://www.gov.uk/government/consultations/review-of-home-credit-market-investigation-order-2007-final-decision-and-notice-of-intention-to-vary-consultation,2024-11-20,train,consultation,MIXED,A3,high,P2,Legal; Product,The CMA has published a consultation tied to its final decision to vary parts of the Home Credit Market Investigation Order 2007. It concerns the cash-loan price comparison website requirements and proposed changes to lender information and website obligations. Stakeholders could respond to the consultation; the notice says the relevant provisions are under review and may be varied.,models_disagree,,,,
7363,ico:govuk_publications#7363,Data protection fee regime: proposed changes,ICO,govuk_publications,https://www.gov.uk/government/consultations/data-protection-fee-regime-proposed-changes,2025-01-16,train,consultation,MIXED,A3,high,P2,Privacy; Regulatory change,"The ICO has published the outcome of a consultation on proposed changes to the data protection fee regime. It proposes increasing fees payable by data controllers by 37.2% across all tiers and reviews fee criteria, the Direct Debit discount and exemptions. The consultation closed on 3 October 2024; this outcome is informational and does not itself change the rules.",function_off_matrix; models_disagree,,,,
1768,hmt:financial_services_regulations#1768,Pensions Investment Review: Unlocking the UK pensions market for growth,HMT,financial_services_regulations,https://www.gov.uk/government/consultations/pensions-investment-review-unlocking-the-uk-pensions-market-for-growth,2025-05-29,train,consultation,A3,A2,high,P1,Product; Legal; Regulatory change; Compliance,"The UK government has published its consultation response on reforms to the defined contribution workplace pensions market. It sets final policy positions on minimum scale and investment capability requirements, approval of new default arrangements, and contractual overrides for bulk transfers, with legislation to follow in the forthcoming Pension Schemes Bill. The consultation on differential pricing is closed and no further reforms will be taken forward.",class_disagrees_with_registry,,,,
1760,hmt:financial_services_regulations#1760,Strengthening the Soft Drinks Industry Levy,HMT,financial_services_regulations,https://www.gov.uk/government/consultations/strengthening-the-soft-drinks-industry-levy,2025-11-25,train,consultation,A3,A2,high,P1,Regulatory change; Legal; Prudential,"HM Treasury and HMRC have issued a consultation outcome changing the Soft Drinks Industry Levy. The lower sugar threshold is reduced, exemptions for milk-based and milk substitute drinks are removed or narrowed, and a lactose allowance will apply to milk-based drinks. A technical consultation on draft legislation is due in 2026, with legislation to follow in a future Finance Bill and take effect on 1 January 2028.",class_disagrees_with_registry; models_disagree,,,,
1747,hmt:financial_services_regulations#1747,Small business access to finance,HMT,financial_services_regulations,https://www.gov.uk/government/calls-for-evidence/small-business-access-to-finance,2025-12-04,train,consultation,A3,A11,high,P3,,"HM Treasury and the Department for Business and Trade published the outcome of a closed call for evidence on small business access to debt finance in the UK. It summarises responses on lending markets, alternative finance and underserved customers, and sets out the government’s position. No new requirements or deadlines are created.",no_primary_function; class_disagrees_with_registry; models_disagree,,,,
1732,hmt:financial_services_regulations#1732,Access to Banking Services Review: Call for Evidence,HMT,financial_services_regulations,https://www.gov.uk/government/calls-for-evidence/access-to-banking-services-review-call-for-evidence,2026-06-08,train,consultation,A3,A10,high,P2,Product; Compliance; Risk,"HM Treasury has launched a Call for Evidence for the Access to Banking Services Review on declining access to in-person banking. It invites evidence from stakeholders across the UK, including financial institutions, consumers, SMEs and trade bodies, and closes for input on 20 July 2026. The review will use responses to assess customer detriment and develop recommendations for the Government.",function_off_matrix; class_disagrees_with_registry; models_disagree,,,,
1725,hmt:financial_services_regulations#1725,Unlocking business: reform driven by you,HMT,financial_services_regulations,https://www.gov.uk/government/calls-for-evidence/unlocking-business-reform-driven-by-you,2026-07-08,val,consultation,A3,A11,high,P3,,"HM Treasury publishes a summary of responses to its business questionnaire on regulatory burdens. It reports stakeholder concerns about complexity, delays, duplicated reporting and difficulty challenging regulators, and says the evidence will inform future departmental and sector-specific reform work. No new rules, obligations or deadlines are created.",function_off_matrix; no_primary_function; class_disagrees_with_registry; models_disagree,,,,
7351,cma:publications#7351,Pennon / Sumisho Osaka Gas Water UK merger inquiry,CMA,publications,https://www.gov.uk/cma-cases/pennon-slash-sumisho-osaka-gas-water-uk-merger-inquiry,2024-06-24,train,enforcement,MIXED,A6,high,P1,Legal; Compliance,"The CMA has made an Initial Enforcement Order for the Pennon/Sumisho Osaka Gas Water UK merger. It applies to Pennon and the Target from completion of the transaction and restricts integration and other actions pending the CMA’s review. The order requires the businesses to remain separate and maintain operations, staff and information barriers.",function_off_matrix; models_disagree,,,,
7292,cma:publications#7292,EasyPark / Flowbird merger inquiry,CMA,publications,https://www.gov.uk/cma-cases/easypark-slash-flowbird-merger-inquiry,2024-08-22,train,enforcement,MIXED,A13,medium,P3,Legal,"The CMA has published a statutory merger notice for the anticipated acquisition of Mobility 1 SAS by EasyPark Group AS. It confirms the merger notice meets the Enterprise Act requirements and sets the phase 1 timetable, with the CMA’s referral decision deadline stated as 8 August 2024.",function_off_matrix; models_disagree,,,,
7284,cma:publications#7284,Sale of Oasis concert tickets by Ticketmaster,CMA,publications,https://www.gov.uk/government/calls-for-evidence/sale-of-oasis-concert-tickets-by-ticketmaster,2024-09-04,train,enforcement,MIXED,A6,high,P3,Legal; Compliance,"The CMA has closed a call for evidence about Ticketmaster’s sale of Oasis tickets and opened an investigation into whether it broke the law. The evidence-gathering window ran from 2024-09-05 14:00 to 2024-09-19 17:00. This is an enforcement/investigation notice about alleged misleading pricing and purchase-process issues, not a new rule.",function_off_matrix; models_disagree,,,,
7280,cma:publications#7280,CMA wins drug market sharing appeal,CMA,publications,https://www.gov.uk/government/news/cma-wins-drug-market-sharing-appeal,2024-09-06,train,enforcement,MIXED,A13,high,P3,Legal,The Court of Appeal has overturned part of the CAT’s ruling and reinstated the CMA’s findings in a drug market-sharing case involving hydrocortisone tablets. The CMA’s penalties and anti-competitive findings against pharmaceutical firms were upheld in relation to the 10mg agreement. This is a published judgment/appeal outcome with no new compliance deadline.,function_off_matrix; models_disagree,,,,
7217,cma:publications#7217,Review of the Energy Market Investigation (Electricity Transmission Losses) Order 2016,CMA,publications,https://www.gov.uk/cma-cases/review-of-the-energy-market-investigation-energy-transmission-losses-order-2016,2024-11-13,train,enforcement,MIXED,A13,high,P3,Legal,"The CMA has completed its review of the Energy Market Investigation (Electricity Transmission Losses) Order 2016 and issued a final decision plus notice of variation. It found changed circumstances due to Energy Act 2023 provisions and the planned new electricity system operator, so parts of the Order are no longer appropriate as drafted and will be varied. The consultation ran from 23 July 2024 to 23 August 2024.",function_off_matrix; models_disagree,,,,
7205,cma:publications#7205,Tribunal fines drug firms £69m for excessive pricing after CMA investigation,CMA,publications,https://www.gov.uk/government/news/tribunal-fines-drug-firms-69m-for-excessive-pricing-after-cma-investigation,2024-11-20,train,enforcement,MIXED,A13,high,P3,Legal,"The Competition Appeal Tribunal has issued a judgment in a competition case against Pfizer and Flynn, finding they abused dominant positions and imposing combined fines of £69 million. This is a court determination and press release about the outcome, not a new rule or supervisory requirement.",function_off_matrix; models_disagree,,,,
7171,cma:publications#7171,CMA letter to Somerset Bridge Group about a breach of the Private Motor Insurance Order,CMA,publications,https://www.gov.uk/government/publications/cma-letter-to-somerset-bridge-group-about-a-breach-of-the-private-motor-insurance-order,2024-12-18,train,enforcement,MIXED,A6,high,P1,Compliance; Legal,"The CMA wrote to Somerset Bridge Group about breaches of the Private Motor Insurance Market Investigation Order 2015 on NCB Protection disclosures, affecting PMI products and many customers. The letter says the firm has taken remediation steps and the CMA will monitor compliance, with no formal enforcement action at present.",function_off_matrix; models_disagree,,,,
7172,cma:publications#7172,CMA letter to Direct Line Group about a breach of the Private Motor Insurance Order,CMA,publications,https://www.gov.uk/government/publications/cma-letter-to-direct-line-group-about-a-breach-of-the-private-motor-insurance-order,2024-12-18,train,enforcement,MIXED,A6,high,P3,Compliance; Legal,"The CMA wrote to Direct Line Group about a breach of the Private Motor Insurance Market Investigation Order 2015, relating to failure to provide No Claims Bonus Protection information to at least 320 customers. Direct Line has refunded affected customers and fixed systems; the CMA says it will not take formal enforcement action for now but will monitor compliance. The public letter was copied to the FCA.",function_off_matrix; models_disagree,,,,
7114,cma:publications#7114,CMA wins appeal in emergency services case,CMA,publications,https://www.gov.uk/government/news/cma-wins-appeal-in-emergency-services-case,2025-01-30,train,enforcement,MIXED,A13,high,P3,Legal,"The Court of Appeal refused Motorola permission to appeal the CMA’s findings and price cap in the Airwave/emergency services case. The decision closes the case and leaves the CMA’s charge control order in place. No new requirements are created for firms, but the ruling confirms the existing cap on what Motorola can charge emergency services.",function_off_matrix; models_disagree,,,,
7058,cma:publications#7058,Bidvest (phs Group) / Citron Hygiene merger inquiry,CMA,publications,https://www.gov.uk/cma-cases/bidvest-phs-group-slash-citron-hygiene-merger-inquiry,2025-04-01,train,enforcement,MIXED,A13,high,P3,Legal,"The CMA has published a merger notice under the Enterprise Act for Bidvest Group’s anticipated acquisition of Citron Hygiene. The notice starts the CMA’s initial merger review period on 10 January 2025, with a decision on whether to refer the merger for a phase 2 investigation due by 6 March 2025.",models_disagree,,,,
7027,cma:publications#7027,Court upholds CMA’s £99m fine on pharma over excessive NHS thyroid drug prices,CMA,publications,https://www.gov.uk/government/news/court-upholds-cmas-99m-fine-on-pharma-over-excessive-nhs-thyroid-drug-prices,2025-05-07,train,enforcement,MIXED,A13,high,P3,Legal,"The Court of Appeal upheld the CMA’s finding that Advanz overcharged the NHS for liothyronine and reinstated Cinven’s full £51.9 million penalty. This is a court judgment on a competition-law appeal, not a new rule or supervisory requirement. It affects pharmaceutical market conduct and may be relevant for legal awareness only.",function_off_matrix; models_disagree,,,,
7007,cma:publications#7007,MasterCard / VocaLink merger inquiry,CMA,publications,https://www.gov.uk/cma-cases/mastercard-vocalink-merger-inquiry,2025-06-03,train,enforcement,MIXED,A13,medium,P3,Legal,The CMA has published a notice extending the preliminary assessment period in its merger inquiry into Mastercard’s anticipated acquisition of VocaLink. The extension takes effect on the publication date and remains until Mastercard provides the requested information to the CMA’s satisfaction or the CMA cancels it.,models_disagree,,,,
6952,cma:publications#6952,Water code modification appeal 2025 (Castle Water),CMA,publications,https://www.gov.uk/cma-cases/water-code-modification-appeal-2025-castle-water,2025-08-06,train,enforcement,MIXED,A13,high,P3,Legal,"Castle Water has filed a notice of appeal to the CMA against Ofwat’s decision on code modification CPW132 about credit support and wholesaler credit ratings in the non-household water retail market. It argues the decision was wrong and seeks relief from the appeal tribunal. This is a court/tribunal proceeding, not a rule change, and the document is dated 26 February 2025.",function_off_matrix; models_disagree,,,,
6918,cma:publications#6918,Ticketmaster: consumer protection case,CMA,publications,https://www.gov.uk/cma-cases/ticketmaster-consumer-protection-case,2025-09-25,train,enforcement,MIXED,A6,high,P1,Compliance; Legal,"The CMA has accepted legally binding undertakings from Ticketmaster under Part 8 of the Enterprise Act 2002 over consumer protection concerns in primary-market ticket sales. Ticketmaster must change its website and ticket-labeling transparency practices and provide reports within the stated timetable, with measures to be taken within 4 weeks and in any event no later than 6 weeks from signature.",function_off_matrix; models_disagree,,,,
6909,cma:publications#6909,Provisional redeterminations on water price controls issued,CMA,publications,https://www.gov.uk/government/news/provisional-redeterminations-on-water-price-controls-issued,2025-10-09,train,enforcement,MIXED,A13,high,P2,Legal,"The CMA’s Independent Group has issued provisional redeterminations for five water companies’ price controls, allowing only part of the extra revenue sought and linking funding to outputs and performance. This is a consultation-stage decision, not yet final. It affects Anglian Water, Northumbrian Water, South East Water, Southern Water and Wessex Water, with the CMA now consulting on the provisional decision.",function_off_matrix; models_disagree,,,,
6884,cma:publications#6884,Investigation into suspected anti-competitive conduct by housebuilders,CMA,publications,https://www.gov.uk/cma-cases/investigation-into-suspected-anti-competitive-conduct-by-housebuilders,2025-10-30,train,enforcement,MIXED,A6,medium,P2,Legal; Compliance,"The CMA issued a notice of intention to accept commitments in its investigation into suspected anti-competitive conduct by major housebuilders under the Competition Act 1998. It invites comments on the proposed commitments, including compliance, monitoring and reporting measures. This is relevant to firms in the housebuilding sector and to any group with competition-law exposure.",function_off_matrix; models_disagree,,,,
6881,cma:publications#6881,Sportradar / IMG Arena merger inquiry,CMA,publications,https://www.gov.uk/cma-cases/sportradar-slash-img-arena-merger-inquiry,2025-11-03,train,enforcement,MIXED,A13,high,P1,Legal,"The CMA has issued a notice in a merger inquiry confirming that Sportradar Group AG’s merger notice for the anticipated acquisition of IMG Arena US Parent, LLC meets the statutory filing requirements. The initial period started on 1 September 2025, and the CMA’s phase 2 referral decision deadline is 24 October 2025.",models_disagree,,,,
6878,cma:publications#6878,Global Payments / WorldPay merger inquiry,CMA,publications,https://www.gov.uk/cma-cases/global-payments-slash-worldpay-merger-inquiry,2025-11-05,train,enforcement,MIXED,A13,high,P1,Legal,"The CMA has published a statutory notice confirming that the merger notice for Global Payments’ proposed acquisition of Worldpay satisfies the Enterprise Act requirements. It also sets the initial period and the CMA’s deadline to decide whether to refer the merger to a phase 2 investigation, with the decision deadline stated as 11 November 2025.",function_off_matrix; models_disagree,,,,
6863,cma:publications#6863,Subsea7 / Saipem merger inquiry,CMA,publications,https://www.gov.uk/cma-cases/subsea7-slash-saipem-merger-inquiry,2025-11-20,train,enforcement,MIXED,A13,high,P3,Legal,"The CMA has published a notice that the merger notice for Subsea7 S.A. and Saipem S.p.A. satisfies the Enterprise Act 2002 requirements, starting the initial review period. The CMA’s deadline to decide whether to refer the merger to a phase 2 investigation is 25 November 2025.",function_off_matrix; models_disagree,,,,
6860,cma:publications#6860,Review of SME Banking Undertakings 2002,CMA,publications,https://www.gov.uk/cma-cases/review-of-sme-banking-undertakings-2002,2025-12-01,train,enforcement,MIXED,A13,high,P1,Legal,"The CMA has published its final decision on the SME Banking Undertakings 2002, releasing the remaining bundling provisions in full. The review concluded that the provisions are no longer appropriate. This is final and effective from 1 December 2025 for the designated banks covered by the undertakings.",function_off_matrix; models_disagree,,,,
6856,cma:publications#6856,Unite / Empiric merger inquiry,CMA,publications,https://www.gov.uk/cma-cases/unite-slash-empiric-merger-inquiry,2025-12-05,train,enforcement,MIXED,A13,high,P3,Legal,"The CMA has issued a notice that the merger notice for Unite Group’s proposed acquisition of Empiric Student Property meets the statutory filing requirements. It starts the initial merger period on 24 October 2025, with the CMA’s phase 2 referral decision due by 19 December 2025. This is an M&A competition-law notice, not a financial-services rule change.",models_disagree,,,,
6853,cma:publications#6853,FIS / TSYS merger inquiry,CMA,publications,https://www.gov.uk/cma-cases/fis-slash-tsys-merger-inquiry,2025-12-15,train,enforcement,MIXED,A13,high,P3,Legal,The CMA has published a statutory merger notice for the anticipated acquisition of TSYS by FIS under the Enterprise Act 2002. It starts the CMA’s initial review period and sets the deadline for the CMA’s decision on whether to refer the merger to a phase 2 investigation.,function_off_matrix; models_disagree,,,,
6808,cma:publications#6808,Procedural complaints: raising procedural issues in CMA cases,CMA,publications,https://www.gov.uk/guidance/procedural-officer-raising-procedural-issues-in-cma-cases,2026-02-19,train,enforcement,MIXED,A13,high,P3,Legal,"The CMA issued a procedural officer decision in Flynn Pharma’s competition case, refusing an extension of time to submit written representations on a Statement of Objections. It also addresses related access-to-file and hearing-timing issues, but does not change substantive competition rules. The decision concerns the parties to the investigation and the procedural timetable already in place.",function_off_matrix; models_disagree,,,,
6787,cma:publications#6787,Investigation of the Atlantic Joint Business Agreement,CMA,publications,https://www.gov.uk/cma-cases/investigation-of-the-atlantic-joint-business-agreement,2026-03-10,train,enforcement,MIXED,A6,medium,P3,Legal; Compliance,"The CMA issued a notice proposing to accept binding commitments from American Airlines and IAG in relation to the Atlantic Joint Business Agreement. It invites third-party comments before any formal acceptance, which would end the investigation without a finding on infringement. No compliance deadline is created for firms outside the case.",function_off_matrix; models_disagree,,,,
6779,cma:publications#6779,CMA investigates Adobe over concerns about cancellation fees,CMA,publications,https://www.gov.uk/government/news/cma-investigates-adobe-over-concerns-about-cancellation-fees,2026-03-19,train,enforcement,MIXED,A6,high,P3,Legal; Compliance; Financial crime,"The CMA has launched an investigation into Adobe over possible unfair and misleading early cancellation fees on certain membership plans. This is a press release, not a decision or rule change, and the CMA says it has reached no conclusions. It affects consumer-facing subscription pricing and disclosures for Adobe’s products; no compliance deadline is set.",function_off_matrix; models_disagree,,,,
6750,cma:publications#6750,Registering with and reporting your fuel prices to Fuel Finder,CMA,publications,https://www.gov.uk/government/publications/registering-with-and-reporting-your-fuel-prices-to-fuel-finder,2026-04-02,train,enforcement,MIXED,A6,high,P1,Financial crime; Legal; Ops,"The CMA has issued an open letter to motor fuel traders reminding them of mandatory Fuel Finder registration and reporting duties under the Motor Fuel Price (Open Data) Regulations 2025. Traders must register all forecourts and submit price updates within 30 minutes, with other details updated within three days. The CMA says it will prioritise enforcement from 1 May 2026.",function_off_matrix; models_disagree,,,,
6715,cma:publications#6715,Investigation into suspected anti-competitive conduct by Google in ad tech,CMA,publications,https://www.gov.uk/cma-cases/investigation-into-suspected-anti-competitive-conduct-by-google-in-ad-tech,2026-05-19,train,enforcement,MIXED,A6,medium,P3,Legal; Compliance,"The CMA is investigating Google for suspected abuse of dominance in ad tech under Chapter II of the Competition Act 1998. This is an open enforcement investigation, not a rule change, and the CMA has issued a statement of objections and is considering representations. No action date applies to firms generally; the case concerns Google and the ad tech market.",function_off_matrix; models_disagree,,,,
6669,cma:publications#6669,Suspected anti-competitive conduct in relation to the supply of roofing and other construction services,CMA,publications,https://www.gov.uk/cma-cases/suspected-anti-competitive-conduct-in-relation-to-the-supply-of-roofing-and-other-construction-services,2026-06-30,train,enforcement,MIXED,A6,high,P1,Legal; Compliance; Financial crime,"The CMA says it is investigating suspected bid-rigging and other anti-competitive conduct in the supply of roofing and construction services, with the scope expanded in January 2026 to include more parties and wider end customers. It names current businesses under investigation and reminds recipients of the duty to preserve relevant documents. No infringement has been found.",function_off_matrix; models_disagree,,,,
6659,cma:publications#6659,Private healthcare market investigation,CMA,publications,https://www.gov.uk/cma-cases/private-healthcare-market-investigation,2026-07-02,train,enforcement,MIXED,A6,high,P1,Compliance; Legal,"The CMA has brought article 22 of the Private Healthcare Market Investigation Order 2014 into force and published updates on PHIN compliance milestones and hospital action plans. The material concerns private healthcare providers and hospitals required to publish data through PHIN, with milestone updates issued on 4 December 2024, 10 October 2025 and 2 July 2026.",function_off_matrix; models_disagree,,,,
6661,cma:publications#6661,Suspected anti-competitive conduct in relation to the supply of Solidworks computer-aided design and computer-aided engineering software and related products and services,CMA,publications,https://www.gov.uk/cma-cases/suspected-anti-competitive-conduct-in-relation-to-the-supply-of-solidworks-computer-aided-design-and-computer-aided-engineering-software-and-related-products-and-services,2026-07-02,val,enforcement,MIXED,A6,high,P1,Legal; Compliance; Financial crime,"The CMA has opened a Chapter I Competition Act 1998 investigation into suspected anti-competitive conduct in the supply of Solidworks software and related products/services in the UK. It names the current businesses under investigation and says the case is at the initial information-gathering stage, with no finding yet. Section 25B document-preservation duties apply to anyone who knows or suspects the investigation is under way.",function_off_matrix; models_disagree,,,,
6632,cma:publications#6632,Court upholds CMA findings that firms charged excessive and unfair prices for lifesaving NHS-funded medicine,CMA,publications,https://www.gov.uk/government/news/court-upholds-cma-findings-that-firms-charged-excessive-and-unfair-prices-for-lifesaving-nhs-funded-medicine,2026-07-28,val,enforcement,MIXED,A6,high,P3,Legal; Compliance; Financial crime,"CMA press release saying the Court of Appeal upheld findings that Auden Mckenzie and Actavis UK broke competition law by charging excessive and unfair prices for hydrocortisone tablets and using anti-competitive conduct. It confirms infringement findings, while penalties will be reheard by the CAT. No new rules or deadlines are created.",function_off_matrix; models_disagree,,,,
6626,cma:publications#6626,Macquarie Asset Management / Energy Assets Group merger inquiry,CMA,publications,https://www.gov.uk/cma-cases/macquarie-asset-management-slash-energy-assets-group-merger-inquiry,2026-07-29,val,enforcement,MIXED,A13,high,P3,Legal,The CMA has published a notice starting the initial period for its merger inquiry into Macquarie Asset Management’s anticipated acquisition of Energy Assets Group. The notice says the CMA has enough information to begin investigating whether to refer the merger for a phase 2 investigation. The initial period starts on 30 July 2026 and the CMA’s referral decision deadline is 25 September 2026.,models_disagree,,,,
6624,cma:publications#6624,Emma Group: consumer protection case,CMA,publications,https://www.gov.uk/cma-cases/emma-group-consumer-protection-case,2026-07-30,val,enforcement,MIXED,A13,high,P1,Legal; Compliance,"The High Court made a consent order in the CMA’s consumer protection case against Emma entities. The order declares past urgency messaging to be a Schedule 13 infringement and requires the defendants to stop repeating it, comply with Appendix B requirements, and ensure relevant group entities follow the order. The order is enforceable immediately and breach may be contempt of court.",function_off_matrix; models_disagree,,,,
7347,cma:publications#7347,CMA takes next procedural step in vet services investigation,CMA,publications,https://www.gov.uk/government/news/cma-takes-next-procedural-step-in-vet-services-investigation,2024-07-08,train,guidance,MIXED,A10,high,P2,Compliance; Risk; Internal audit,"The CMA has published an issues statement in its market investigation into veterinary services, setting out initial competition concerns, possible remedies and the evidence it will gather. The consultation on the issues statement is open until 30 July 2024. This is an early procedural step only; no findings or remedies have been made.",function_off_matrix; models_disagree,,,,
7344,cma:publications#7344,Reviews of three merger undertakings and one market investigation Order,CMA,publications,https://www.gov.uk/cma-cases/reviews-of-three-merger-undertakings-and-one-market-investigation-order,2024-07-10,train,guidance,MIXED,A10,high,P2,Compliance; Risk,"The CMA published final decisions after reviewing three merger undertakings and one market investigation order under the Enterprise Act 2002. The decisions concern Lloyds TSB/Abbey National, Subsea 7/Acergy, Home Retail Group/Focus DIY, and the Energy Market Investigation (ECOES/DES) Order 2016. The consultation on provisional decisions closed on 18 April 2024; this publication records the final outcome.",function_off_matrix; models_disagree,,,,
7339,cma:publications#7339,"CMA review of Part 3, Article 29, and Part 1 of Schedule 4 of the Home Credit Market Investigation Order 2007: Launch Consultation",CMA,publications,https://www.gov.uk/government/consultations/cma-review-of-part-3-article-29-and-part-1-of-schedule-4-of-the-home-credit-market-investigation-order-2007-launch-consultation,2024-07-12,train,guidance,MIXED,A10,high,P3,Product,"The CMA has decided to launch a review of parts of the Home Credit Market Investigation Order 2007 covering the comparison website and related requirements. It seeks stakeholder views on whether changed market conditions mean those provisions should be varied, superseded or revoked. The review follows a January invitation to comment and is aimed at deciding whether the remedies remain appropriate.",function_off_matrix; models_disagree,,,,
7324,cma:publications#7324,Directions issued to HSBC about breaches of the Retail Banking Order,CMA,publications,https://www.gov.uk/government/publications/directions-issued-to-hsbc-about-breaches-of-the-retail-banking-order,2024-07-25,train,guidance,MIXED,A10,high,P2,Compliance; Product; Ops,"The CMA issued directions to HSBC UK Bank plc after finding repeated breaches of the Retail Banking Market Investigation Order 2017. HSBC must correct and keep accurate certain Open Banking API data and SME representative rates, and implement remedial steps including independent assurance and staff training. The document applies to HSBC and concerns breaches already identified; no new market-wide deadline is stated.",function_off_matrix; models_disagree,,,,
7306,cma:publications#7306,Leading UK boiler brand is changing marketing practices following CMA action,CMA,publications,https://www.gov.uk/government/news/leading-uk-boiler-brand-is-changing-marketing-practices-following-cma-action,2024-08-09,train,guidance,MIXED,A10,high,P2,Compliance; Risk,"The CMA has issued consumer law compliance advice for businesses marketing green heating and insulation products, including heat pumps, biomass boilers, solar thermal panels, insulation and solar PV. It sets out principles for headline pricing and product claims, and also applies to businesses marketing hydrogen-ready boilers. The advice is non-binding guidance, but firms should review marketing practices now.",function_off_matrix; models_disagree,,,,
7276,cma:publications#7276,Referral of the proposed Net Zero Hydrogen Fund Carbon Capture Use and Storage Scheme by the Department for Energy Security and Net Zero,CMA,publications,https://www.gov.uk/cma-cases/referral-of-the-proposed-net-zero-hydrogen-fund-carbon-capture-use-and-storage-scheme-by-the-department-for-energy-security-and-net-zero,2024-09-11,train,guidance,MIXED,A10,high,P2,Compliance; Risk,"The CMA’s Subsidy Advice Unit published its report on DESNZ’s proposed Net Zero Hydrogen Fund CCUS Scheme, assessing compliance with the Subsidy Control Act 2022. The scheme concerns capital grant support for CCUS-enabled low carbon hydrogen projects in the UK, especially Track 1 projects. This is an information/reporting exercise rather than a binding rule change for firms.",function_off_matrix; models_disagree,,,,
7274,cma:publications#7274,CMA sets out provisional view on Vodafone / Three merger,CMA,publications,https://www.gov.uk/government/news/cma-sets-out-provisional-view-on-vodafone-three-merger,2024-09-13,train,guidance,MIXED,A10,high,P2,Product; Compliance; Risk,"The CMA has provisionally found Vodafone/Three’s merger could substantially lessen competition in UK retail and wholesale mobile markets. It is consulting on provisional findings and possible remedies, with responses due by 27 September 2024 and 4 October 2024, before a final report due by 7 December 2024. Potential remedies include legally binding investment commitments and customer protections.",function_off_matrix; models_disagree,,,,
7268,cma:publications#7268,Vets Market Investigation: CMA updates on ‘behind the scenes’ progress,CMA,publications,https://www.gov.uk/government/news/vets-market-investigation-cma-updates-on-behind-the-scenes-progress,2024-09-24,train,guidance,MIXED,A10,high,P2,Compliance; Risk; Internal audit,"The CMA has issued a market investigation update on veterinary services for household pets in the UK. It reports site visits, roundtables, teach-ins and information requests, and says a provisional decision is targeted for mid-next year. This is a progress update only, not a rule or enforcement action.",function_off_matrix; models_disagree,,,,
7242,cma:publications#7242,Housebuilding market study,CMA,publications,https://www.gov.uk/cma-cases/housebuilding-market-study,2024-10-22,train,guidance,MIXED,A10,high,P2,Compliance; Risk; Internal audit,"The CMA has launched a market study notice on the supply of new homes in England, Scotland and Wales. It invites representations, including on whether to make a market investigation reference, and says it will publish a report with findings and any proposed action by 27 February 2024. The notice is informational for firms in or adjacent to housebuilding.",function_off_matrix; models_disagree,,,,
7239,cma:publications#7239,Microsoft / Inflection inquiry,CMA,publications,https://www.gov.uk/cma-cases/microsoft-slash-inflection-ai-inquiry,2024-10-24,train,guidance,MIXED,A10,high,P2,Legal; Compliance; Product,The CMA is inviting comments on whether Microsoft’s hiring of Inflection AI employees and related licensing arrangements amount to a merger situation under the Enterprise Act 2002 and whether they could lessen competition in the UK. Interested parties are asked to submit views by 9 May 2024.,function_off_matrix; models_disagree,,,,
7197,cma:publications#7197,CMA publishes provisional findings in Mobile Browsers and Cloud Gaming market investigation,CMA,publications,https://www.gov.uk/government/news/cma-publishes-provisional-findings-in-mobile-browsers-and-cloud-gaming-market-investigation,2024-11-22,train,guidance,MIXED,A10,high,P3,Product; Board,"The CMA has published provisional findings in its market investigation into mobile browsers and cloud gaming. It says Apple’s rules may be restricting browser competition, but proposes no further action on cloud gaming. The CMA is inviting comments by 13 December 2024 and expects a final decision in March 2025.",function_off_matrix; models_disagree,,,,
7193,cma:publications#7193,Loyalty pricing in the groceries sector,CMA,publications,https://www.gov.uk/cma-cases/loyalty-pricing-in-the-groceries-sector,2024-11-27,train,guidance,MIXED,A10,high,P2,Compliance; Risk,"The CMA has published the findings of its review of supermarket loyalty pricing in groceries. It says loyalty schemes generally deliver genuine savings, but warns retailers to review practices to ensure promotions comply with consumer law, especially when alternating loyalty and was/now offers. The review is now closed; no formal new rules or deadlines are set.",function_off_matrix; models_disagree,,,,
7165,cma:publications#7165,Administrative Penalties: Statement of Policy on the CMA’s Approach (CMA4),CMA,publications,https://www.gov.uk/government/publications/administrative-penalties-statement-of-policy-on-the-cmas-approach,2024-12-19,train,guidance,MIXED,A4,high,P2,Compliance; Legal; Risk,"The CMA has published its Statement of Policy on Administrative Penalties (CMA4), explaining when it may impose penalties for breaches of investigatory and remedy requirements across CA98, EA02 and parts of the DMCCA24. It is a policy statement rather than a new rule, but it sets enforcement expectations now for affected firms and regulated sectors, including concurrent regulators such as the FCA and PSR.",function_off_matrix; models_disagree,,,,
7125,cma:publications#7125,Referral of a proposed subsidy to FlyDoncaster Limited by City of Doncaster Council,CMA,publications,https://www.gov.uk/cma-cases/referral-of-a-proposed-subsidy-to-fly-doncaster-limited-by-city-of-doncaster-council,2025-01-22,train,guidance,MIXED,A10,medium,P3,Legal; Compliance,The CMA’s Subsidy Advice Unit has published its final report on City of Doncaster Council’s proposed subsidy to FlyDoncaster Limited for reopening Doncaster Sheffield Airport. Third parties could submit comments by the stated deadline in the timetable. The publication explains the proposed £105.2m loan package and the SAU’s evaluation of compliance with the Subsidy Control Act 2022.,function_off_matrix; models_disagree,,,,
7113,cma:publications#7113,Mobile radio network services,CMA,publications,https://www.gov.uk/cma-cases/mobile-radio-network-services,2025-01-30,train,guidance,MIXED,A10,high,P3,,"The CMA has opened an ordinary market reference into the supply of land mobile radio (LMR) network services for public safety in Great Britain, including relevant ancillary services. It defines the scope of the investigation but does not create obligations for firms in the publication itself.",no_primary_function; models_disagree,,,,
7106,cma:publications#7106,Infant formula and follow-on formula market study,CMA,publications,https://www.gov.uk/cma-cases/infant-formula-and-follow-on-formula-market-study,2025-02-14,train,guidance,MIXED,A10,high,P2,Compliance; Risk; Product,"The CMA has launched an invitation to comment for a market study into the UK supply of infant formula and follow-on formula, including some special medical purpose formulas sold directly to consumers. It seeks views on scope, consumer behaviour, regulation and supply-side features, with no direct obligations yet. Stakeholders should respond to the consultation and next steps set out in the document.",function_off_matrix; models_disagree,,,,
7084,cma:publications#7084,Mobile browsers and cloud gaming,CMA,publications,https://www.gov.uk/cma-cases/mobile-browsers-and-cloud-gaming,2025-03-12,train,guidance,MIXED,A10,high,P3,Product,"The CMA has issued draft terms of reference for a market investigation into mobile browsers, mobile browser engines, and cloud gaming distribution through app stores on mobile devices in the UK. It is an investigative publication, not a rule or enforcement decision, and no compliance date or obligation is set out.",function_off_matrix; models_disagree,,,,
7055,cma:publications#7055,Fake reviews,CMA,publications,https://www.gov.uk/government/publications/fake-reviews,2025-04-03,train,guidance,MIXED,A4,medium,P2,Compliance; Legal; Product,"CMA guidance explains the new DMCC Act banned practice on fake reviews and concealed incentivised reviews, plus misleading publication and prevention steps for trader-published consumer reviews. It sets expectations for traders and review publishers on what is unlawful and what reasonable, proportionate steps should be taken. No consultation or deadline is stated in the text provided.",function_off_matrix; models_disagree,,,,
7050,cma:publications#7050,Direct consumer enforcement guidance: CMA200,CMA,publications,https://www.gov.uk/government/publications/direct-consumer-enforcement-guidance-cma200,2025-04-04,train,guidance,MIXED,A4,medium,P2,Compliance; Legal; Regulatory change,"The CMA has published guidance for its new direct consumer enforcement regime under the DMCC Act 2024. It explains the CMA’s enforcement process, information-gathering powers, undertakings, remedies, administrative penalties and monetary penalties for consumer law infringements. It is relevant to businesses covered by the consumer enforcement regime and signals how the CMA will exercise its powers, but it is guidance rather than a new binding rule.",function_off_matrix; models_disagree,,,,
7005,cma:publications#7005,Competition law court proceedings: serving documents on the CMA,CMA,publications,https://www.gov.uk/government/publications/competition-law-court-proceedings-serving-documents-on-the-cma,2025-06-04,train,guidance,MIXED,A4,low,P3,Legal; Compliance,The CMA has published guidance for parties and advisers involved in competition law private actions on which documents must be served on the CMA in court proceedings. It explains how service should be made for cases raising issues under EU and UK competition laws. No deadline or new binding rule is stated in the notice.,function_off_matrix; low_confidence,,,,
6986,cma:publications#6986,Dynamic pricing project,CMA,publications,https://www.gov.uk/cma-cases/dynamic-pricing-project,2025-06-20,train,guidance,MIXED,A10,high,P3,Product,"The CMA published an update on its dynamic pricing project, summarising findings and tips for businesses using dynamic pricing across sectors such as travel and leisure. It is not a formal investigation or market study. No direct compliance deadline is set, but businesses should use the guidance to assess pricing practices and consumer/competition impacts.",function_off_matrix; models_disagree,,,,
6973,cma:publications#6973,Consultation on proposed commitments in respect of the Atlantic Joint Business Agreement,CMA,publications,https://www.gov.uk/government/consultations/consultation-on-proposed-commitments-in-respect-of-the-atlantic-joint-business-agreement,2025-07-03,train,guidance,MIXED,A10,high,P2,Legal; Compliance; Risk,"The CMA has published a notice of intention to accept binding commitments from IAG, American Airlines and Finnair concerning the Atlantic Joint Business Agreement. The consultation covers proposed slot, passenger volume and related commitments on routes such as London–Boston, Chicago, Dallas and Miami. Interested parties should review the proposals and respond within the consultation period; the document does not itself impose new obligations.",function_off_matrix; models_disagree,,,,
6957,cma:publications#6957,Cloud services market investigation,CMA,publications,https://www.gov.uk/cma-cases/cloud-services-market-investigation,2025-07-31,train,guidance,MIXED,A10,high,P2,Compliance; Risk; Operational resilience,"The CMA has issued an issues statement for its market investigation into public cloud infrastructure services in the UK. It sets out initial competition hypotheses and potential remedies, and invites evidence during the investigation. The publication is relevant to firms using cloud services, especially where switching, interoperability or licensing practices may affect resilience and outsourcing arrangements.",function_off_matrix; models_disagree,,,,
6946,cma:publications#6946,Report on the proposed DRIVE35 Scale-Up Grants scheme by UK Research and Innovation,CMA,publications,https://www.gov.uk/government/publications/report-on-the-proposed-drive35-scale-up-grants-scheme-by-uk-research-and-innovation,2025-08-13,train,guidance,MIXED,A10,high,P3,Compliance; Risk,"The CMA’s Subsidy Advice Unit issued a non-binding report on UKRI’s proposed DRIVE35 Scale-Up Grants scheme. It reviews UKRI’s assessment of the scheme under the Subsidy Control Act 2022 and suggests improvements to the analysis, but does not decide whether the scheme can proceed. The scheme is expected to run from September 2025 to March 2030.",function_off_matrix; models_disagree,,,,
6905,cma:publications#6905,CMA refers B2B used car auction merger for Phase 2 investigation,CMA,publications,https://www.gov.uk/government/news/cma-refers-b2b-used-car-auction-merger-for-phase-2-investigation,2025-10-13,train,guidance,MIXED,A10,high,P3,Legal; Compliance,"The CMA has provisionally found that Constellation’s acquisition of Aston Barclay may substantially lessen competition in B2B used vehicle auction services in Great Britain and has referred the merger for a Phase 2 investigation unless undertakings in lieu are offered by 6 October 2025. This is a competition-law merger review affecting the parties, not a financial-services rule change.",function_off_matrix; models_disagree,,,,
6903,cma:publications#6903,Vets market investigation: remedies working paper,CMA,publications,https://www.gov.uk/government/consultations/vets-market-investigation-remedies-working-paper,2025-10-15,train,guidance,MIXED,A10,high,P2,Compliance; Risk; Product,"The CMA has published a working paper in its veterinary services market investigation setting out potential remedies and design considerations, including information disclosure, comparison tools, care plan cancellation/switching, referral information and other market reforms. It is a consultation-stage document for the vet sector, with no direct rule change yet. Firms in or connected to veterinary services should review the proposed options and likely impacts.",function_off_matrix; models_disagree,,,,
6898,cma:publications#6898,Investigation into Google’s ‘Privacy Sandbox’ browser changes,CMA,publications,https://www.gov.uk/government/consultations/investigation-into-googles-privacy-sandbox-browser-changes,2025-10-17,train,guidance,MIXED,A10,high,P3,Compliance; Risk,"The CMA published a notice of intention to release commitments previously accepted from Google about its Privacy Sandbox browser changes. It explains the competition concerns and invites comment on releasing those commitments; it does not create new rules for banks. No action date is stated in the excerpt, and the notice is mainly for awareness unless the firm has relevant digital advertising or browser-related exposure.",function_off_matrix; models_disagree,,,,
6894,cma:publications#6894,Proposed decision: SMS investigation into Apple's mobile platform,CMA,publications,https://www.gov.uk/government/consultations/proposed-decision-sms-investigation-into-apples-mobile-platform,2025-10-22,train,guidance,MIXED,A10,high,P2,Compliance; Risk; Legal,"The CMA has published a proposed decision in its strategic market status investigation into Apple’s mobile platform. It sets out the CMA’s provisional view on Apple’s market position and related digital activities, including mobile operating systems, app distribution, and browser engines. This is an intermediate competition-market investigation step, not a final binding decision, and no firm compliance deadline is stated in the excerpt.",function_off_matrix; models_disagree,,,,
6893,cma:publications#6893,Proposed decision: SMS investigation into Google's mobile platform,CMA,publications,https://www.gov.uk/government/consultations/proposed-decision-sms-investigation-into-googles-mobile-platform,2025-10-22,train,guidance,MIXED,A10,high,P2,Compliance; Risk; Legal,"The CMA has published a proposed decision in its Strategic Market Status investigation into Google’s mobile platform, setting out its provisional view on market status and competition concerns in Google’s mobile ecosystem. This is a non-binding market study/investigation publication, not a rule or enforcement notice. It is relevant to firms with digital platform, app distribution, browser or mobile ecosystem interests, but it creates no direct compliance deadline.",function_off_matrix; models_disagree,,,,
6891,cma:publications#6891,Leniency and no-action applications in cartel cases,CMA,publications,https://www.gov.uk/government/publications/leniency-and-no-action-applications-in-cartel-cases,2025-10-28,train,guidance,MIXED,A4,low,P2,Financial crime; Legal,"The CMA has published updated guidance on leniency and no-action applications in cartel cases, replacing the 2013 version. It explains how firms and individuals can seek immunity or reduced penalties for cartel conduct, including cooperation expectations and conditions for protection from prosecution or director disqualification. This is guidance rather than a new rule, so it mainly affects how cartel cases are handled going forward.",function_off_matrix; low_confidence,,,,
6886,cma:publications#6886,Merger notice form,CMA,publications,https://www.gov.uk/government/publications/mergers-forms-and-fee-information,2025-10-28,train,guidance,MIXED,A8,medium,P1,Regulatory change; Ops; Legal,"The CMA has updated its merger notice template for notifications under section 96 of the Enterprise Act 2002, reflecting changes from the Digital Markets, Competition and Consumers Act 2024. Firms that notify mergers to the CMA should use the revised form and follow the guidance notes when preparing draft and final notifications.",function_off_matrix; models_disagree,,,,
6882,cma:publications#6882,Image deal to move to in-depth investigation,CMA,publications,https://www.gov.uk/government/news/image-deal-to-move-to-in-depth-investigation,2025-11-03,train,guidance,MIXED,A10,high,P3,Product,"The CMA says Getty’s proposed purchase of Shutterstock will move to a Phase 2 merger investigation after Phase 1 concerns that the deal could raise prices, worsen terms or reduce quality in editorial and stock imagery. It is a press release, not a decision. No compliance deadline is set, but media, content and advertising businesses should monitor the investigation.",models_disagree,,,,
6880,cma:publications#6880,Understanding the CMA’s provisional decision in its vets market investigation,CMA,publications,https://www.gov.uk/guidance/understanding-the-cmas-provisional-decision-in-its-vets-market-investigation,2025-11-04,train,guidance,MIXED,A10,medium,P2,Compliance; Risk,"The CMA sets out its provisional remedies from the veterinary services market investigation, including requirements for veterinary businesses operating FOPs on pricing, complaints handling, prescriptions, switching, and consumer information. It also provisionally recommends a new statutory regime for government to create. This is a consultation-stage market study output, so firms may need to prepare for later changes rather than act immediately.",function_off_matrix; models_disagree,,,,
6877,cma:publications#6877,Referral of the proposed Offshore Wind and Related Network Sectors Supply Chain Subsidy Scheme by Great British Energy,CMA,publications,https://www.gov.uk/cma-cases/referral-of-the-proposed-offshore-wind-and-related-network-sectors-supply-chain-subsidy-scheme-by-great-british-energy,2025-11-05,train,guidance,MIXED,A10,high,P2,Regulatory change; Compliance; Legal,"The CMA’s Subsidy Advice Unit has published its report on Great British Energy’s proposed £300 million Offshore Wind and Related Network Sectors Supply Chain Subsidy Scheme. The report evaluates the scheme against the Subsidy Control Act 2022 and invites third-party submissions by the deadline in the administrative timetable. This is relevant to firms interested in subsidy control, public funding or supply-chain opportunities.",function_off_matrix; models_disagree,,,,
6867,cma:publications#6867,Draft guidance for businesses on price transparency,CMA,publications,https://www.gov.uk/government/consultations/draft-guidance-for-businesses-on-price-transparency,2025-11-18,train,guidance,MIXED,A4,low,P2,Compliance; Legal; Product,"The CMA has published draft guidance on price transparency under the Digital Markets, Competition and Consumers Act 2024. It explains how businesses should present total prices, when charges must be included, and when partitioned pricing may be allowed. This is draft guidance for businesses, legal advisers and enforcers; no new binding rule is created in this publication.",function_off_matrix; low_confidence,,,,
6868,cma:publications#6868,Unfair commercial practices,CMA,publications,https://www.gov.uk/government/publications/unfair-commercial-practices-cma207,2025-11-18,train,guidance,MIXED,A4,high,P2,Compliance; Legal; Regulatory change,"The CMA has published guidance on the DMCC Act’s unfair commercial practices provisions, replacing OFT1008. It explains who the rules apply to, what conduct is prohibited, and how the new regime applies to practices from 6 April 2025. Firms selling to consumers should review marketing, pricing, omissions, aggressive practices and review-related controls.",function_off_matrix; models_disagree,,,,
6858,cma:publications#6858,Provisional decision: review of the SME Banking Undertakings 2002,CMA,publications,https://www.gov.uk/government/consultations/provisional-decision-review-of-the-sme-banking-undertakings-2002,2025-12-01,train,guidance,MIXED,A10,high,P3,Compliance; Risk; Legal,"The CMA has issued a provisional decision in its review of the SME Banking Undertakings 2002. It sets out provisional findings on whether the SME banking behavioural undertakings, especially the Limitation on Bundling Provisions, should be released, varied or kept. The document follows a consultation that closed on 7 May 2025 and is part of a market review of SME banking conditions.",function_off_matrix; models_disagree,,,,
6857,cma:publications#6857,What businesses need to know about unfair commercial practices,CMA,publications,https://www.gov.uk/government/publications/what-businesses-need-to-know-about-unfair-commercial-practices,2025-12-03,train,guidance,MIXED,A4,low,P2,Compliance; Legal; Product,"The CMA published a short guide on unfair commercial practices under the Digital Markets, Competition and Consumers Act. It is aimed at businesses and traders selling to consumers, including online sellers and their advisers, and points readers to fuller guidance on fake reviews and price transparency. No new obligations are set out in this short guide.",function_off_matrix; low_confidence,,,,
6851,cma:publications#6851,Civil engineering: CMA sets out concerns and options for better outcomes,CMA,publications,https://www.gov.uk/government/news/civil-engineering-cma-sets-out-concerns-and-options-for-better-outcomes,2025-12-17,train,guidance,MIXED,A10,high,P2,Product; Compliance; Risk,"The CMA has published an interim report in its market study on civil engineering for public roads and railways. It identifies concerns around funding uncertainty, procurement, risk allocation and regulatory barriers, and seeks stakeholder views on possible remedies. Written submissions are due by 2026-01-28, with a final report expected in spring 2026.",function_off_matrix; models_disagree,,,,
6847,cma:publications#6847,Report on the proposed modified Network Charging Compensation Scheme by the Department for Business and Trade,CMA,publications,https://www.gov.uk/government/publications/report-on-the-proposed-modified-network-charging-compensation-scheme-by-the-department-of-business-and-trade,2025-12-19,train,guidance,MIXED,A10,high,P3,Legal; Compliance,"CMA’s Subsidy Advice Unit published a non-binding report on DBT’s proposed modified Network Charging Compensation Scheme for energy-intensive industries in Great Britain. The report evaluates DBT’s subsidy-control assessment and suggests improvements, but it does not itself change the scheme or create obligations. No compliance deadline is set in the report.",function_off_matrix; models_disagree,,,,
6833,cma:publications#6833,CMA requires Aramark to sell Entier after finding competition concerns,CMA,publications,https://www.gov.uk/government/news/cma-requires-aramark-to-sell-entier-after-finding-competition-concerns,2026-01-15,train,guidance,MIXED,A10,high,P2,Compliance; Risk; Legal,"The CMA is consulting on remedies to address competition concerns in Aramark’s completed acquisition of Entier. It proposes options including divestment of a subset of offshore catering contracts, a full divestment of Entier, or an alternative remedy package. Interested parties were invited to comment by 2025-11-18.",function_off_matrix; models_disagree,,,,
6828,cma:publications#6828,Referral of the proposed subsidy to Agratas Limited by the Department for Business and Trade,CMA,publications,https://www.gov.uk/cma-cases/referral-of-the-proposed-subsidy-to-agratas-limited-by-the-department-of-business-and-trade,2026-01-21,train,guidance,MIXED,A10,high,P2,Compliance; Risk,The CMA’s Subsidy Advice Unit published its final report on DBT’s proposed subsidy to Agratas for an EV battery gigafactory in Somerset. It evaluates DBT’s assessment of compliance with the Subsidy Control Act 2022. Third parties were invited to submit comments by the timetable date set in the case materials.,function_off_matrix; models_disagree,,,,
6822,cma:publications#6822,Strategic review of merger remedies 2025,CMA,publications,https://www.gov.uk/government/consultations/strategic-review-of-merger-remedies-2025,2026-01-23,train,guidance,MIXED,A10,high,P3,Legal; Compliance; Board,"The CMA has opened a strategic review of 37 merger remedies and proposes releasing or revoking them, mainly because the remedies are over 10 years old or no longer apply. The review covers 35 divestiture remedies and two rail-franchise remedies that have been brought into public ownership. This is a consultation/publication, not a binding rule change.",function_off_matrix; models_disagree,,,,
6817,cma:publications#6817,Will writing and other unregulated legal services,CMA,publications,https://www.gov.uk/cma-cases/will-writing-and-other-unregulated-legal-services,2026-01-30,train,guidance,MIXED,A4,high,P2,Compliance; Legal,"The CMA has refreshed final compliance guidance for unregulated will writing, online divorce and pre-paid probate businesses, reflecting consumer law changes from the Digital Markets, Competition and Consumers Act 2024. It also closed its compliance review and noted some improvements, while reminding firms they must comply with consumer protection law. The guidance was published on 30 January 2026; the underlying law took effect on 6 April 2025.",function_off_matrix; models_disagree,,,,
6816,cma:publications#6816,Unregulated legal services: complying with consumer law,CMA,publications,https://www.gov.uk/government/publications/unregulated-legal-services-consumer-protection-law-guidance,2026-01-30,train,guidance,MIXED,A4,low,P2,Compliance; Legal,"The CMA updated guidance for unregulated providers of will writing, online divorce and pre-paid probate services on how to comply with consumer law. It reflects changes from the Digital Markets, Competition and Consumers Act 2024, which took effect on 6 April 2025. This is relevant to firms offering these services and their legal/compliance teams.",function_off_matrix; low_confidence,,,,
6797,cma:publications#6797,Consumer experience of private dental services,CMA,publications,https://www.gov.uk/government/calls-for-evidence/consumers-experience-of-private-dental-services,2026-03-05,train,guidance,MIXED,A10,high,P2,Compliance; Risk,"The CMA closed a call for evidence for its market study into private dental services in the UK. It sought views from consumers and UK dental professionals on service experiences, choice drivers and payment for private treatment. The call ran from 5 March 2026 at 7am to 19 March 2026 at 5pm.",function_off_matrix; models_disagree,,,,
6798,cma:publications#6798,Dental professional experience of private dental services,CMA,publications,https://www.gov.uk/government/calls-for-evidence/dental-professional-experience-of-private-dental-services,2026-03-05,train,guidance,MIXED,A10,high,P2,Compliance; Risk,"The CMA opened a closed call for evidence as part of a market study into the supply of private dental services in the UK. Dental professionals and consumers were asked for views on the sector, including services provided, challenges faced and how consumers choose treatments. The call for evidence ran from 5 March 2026 to 19 March 2026.",models_disagree,,,,
6794,cma:publications#6794,CMA launches review of private dentistry,CMA,publications,https://www.gov.uk/government/news/cma-launches-review-of-private-dentistry,2026-03-05,train,guidance,MIXED,A10,high,P2,Compliance; Risk,"The CMA has launched a market study into private dentistry and published a proposed scope, inviting views and consumer/dental professional input. It will examine access, prices, competition, complaints/redress and sector regulation, and may lead to recommendations or other action. No direct obligations are created for firms, but private dentistry providers should monitor the review and any follow-on measures.",function_off_matrix; models_disagree,,,,
6786,cma:publications#6786,Referral of the proposed Post Office Remediation Unit and Horizon IT Inquiry 2026 to 2027 and IR35 liability costs subsidy by the Department for Business and Trade,CMA,publications,https://www.gov.uk/cma-cases/referral-of-the-proposed-post-office-remediation-unit-and-inquiry-and-ir35-liability-costs-subsidy-by-the-department-for-business-and-trade,2026-03-10,train,guidance,MIXED,A10,high,P3,Legal; Compliance,"The CMA’s Subsidy Advice Unit published its report on DBT’s proposed subsidy for Post Office Limited’s Remediation Unit, Horizon IT Inquiry work, and historic IR35 liability settlement. It is an advisory report under the Subsidy Control Act 2022, with third-party submissions already closed by the time of publication. No direct obligations are created for regulated firms.",function_off_matrix; models_disagree,,,,
6767,cma:publications#6767,Vets market investigation: consultation on provisional decision,CMA,publications,https://www.gov.uk/government/consultations/vets-market-investigation-consultation-on-provisional-decision,2026-03-24,val,guidance,MIXED,A10,high,P2,Compliance; Risk; Product; Legal,"The CMA has published a consultation on its provisional findings and proposed remedies in the veterinary market investigation. It proposes new requirements on price transparency, written estimates and bills, pet plans, complaints handling, medicine pricing and out-of-hours contracts for veterinary businesses. This is a consultation, so firms in scope should review and respond by the consultation deadline if one is set elsewhere in the publication.",function_off_matrix; models_disagree,,,,
6733,cma:publications#6733,Commitments made in respect of aspects of Apple's mobile platform,CMA,publications,https://www.gov.uk/find-digital-markets-measures/commitments-made-in-respect-of-aspects-of-apples-mobile-platform,2026-04-23,val,guidance,MIXED,A10,high,P2,Compliance; Legal; Product,"The CMA publication records Apple commitments for iOS and iPadOS app review, App Store search, third-party data use and interoperability requests. Apple will follow the commitments from 1 April 2026, with multiple reporting schedules and the first annual metrics for UK-based app developers due by 31 May 2026. The commitments set expectations for app review transparency, timing and handling of interoperability requests.",function_off_matrix; models_disagree,,,,
6734,cma:publications#6734,Commitments made in respect of aspects of Google’s mobile platform,CMA,publications,https://www.gov.uk/find-digital-markets-measures/commitments-made-in-respect-of-aspects-of-googles-mobile-platform,2026-04-23,val,guidance,MIXED,A10,high,P2,Compliance; Risk,"The CMA published commitments from Google about its mobile platform app review process for UK developers. The commitments include fair, transparent and non-discriminatory review, an annual UK transparency report, developer engagement, better dispute resolution visibility, and reporting to the CMA. They are intended to take effect from 1 April 2026.",function_off_matrix; models_disagree,,,,
6721,cma:publications#6721,Report on the proposed Bus Network Support Grant subsidy scheme by West Midlands Combined Authority,CMA,publications,https://www.gov.uk/government/publications/report-on-the-proposed-bus-network-support-grant-subsidy-scheme-by-west-midlands-combined-authority,2026-05-11,val,guidance,MIXED,A10,high,P3,Product; Legal,The CMA’s Subsidy Advice Unit published a non-binding report on West Midlands Combined Authority’s proposed Bus Network Support Grant subsidy scheme. It finds the assessment broadly adequate but highlights areas for improvement in the subsidy control analysis under several principles and in the SPEI requirements. No compliance date or binding obligation is set out in the report.,function_off_matrix; models_disagree,,,,
6710,cma:publications#6710,Civil engineering market study,CMA,publications,https://www.gov.uk/cma-cases/civil-engineering-market-study,2026-05-21,val,guidance,MIXED,A10,high,P2,Compliance; Risk; Internal audit,"The CMA has launched a market study into civil engineering for roads and railways, inviting representations by 17 July 2025. It will publish a market study report no later than 18 June 2026, with potential further consultation if a market investigation reference is proposed. This is relevant for firms exposed to UK infrastructure, transport or construction markets.",function_off_matrix; models_disagree,,,,
6711,cma:publications#6711,CMA recommends overhaul of road and rail procurement to cut costs and drive economic growth through infrastructure investment,CMA,publications,https://www.gov.uk/government/news/cma-recommends-overhaul-of-road-and-rail-procurement-to-cut-costs-and-drive-economic-growth-through-infrastructure-investment,2026-05-21,val,guidance,MIXED,A10,high,P3,Product,"The CMA published a market study press release on road and rail infrastructure procurement, recommending government-led reforms to improve long-term planning, procurement and delivery. It is not a financial-services rule or supervisory notice, but it may be of general interest to firms involved in public procurement or infrastructure. The UK Government is expected to respond within 90 days.",function_off_matrix; models_disagree,,,,
6704,cma:publications#6704,Referral of the proposed subsidy to EP Lynemouth Power Limited by the Department for Energy Security and Net Zero,CMA,publications,https://www.gov.uk/cma-cases/referral-of-the-proposed-subsidy-to-ep-lynemouth-power-limited-by-the-department-for-energy-security-and-net-zero,2026-05-29,val,guidance,MIXED,A10,high,P3,Compliance; Risk,"The CMA’s Subsidy Advice Unit published its final report on DESNZ’s proposed subsidy for EP Lynemouth Power Limited under the Subsidy Control Act 2022. It evaluates DESNZ’s assessment of compliance for a proposed 4-year Low Carbon Dispatchable CfD arrangement, with third-party submissions referenced in the timetable. No direct obligations are created for firms in this publication.",function_off_matrix; models_disagree,,,,
7373,ico:govuk_publications#7373,Digital Regulation Cooperation Forum workplan 2022 to 2023,ICO,govuk_publications,https://www.gov.uk/government/publications/digital-regulation-cooperation-forum-workplan-2022-to-2023,2022-04-28,train,intelligence,MIXED,A11,high,P3,Compliance; Financial crime; Risk; Product; Operational resilience; Privacy; Regulatory change,"The ICO and partner regulators published the DRCF workplan for 2022 to 2023, setting out joint digital-regulation priorities on coherence, collaboration and capability building. It highlights projects on children’s online privacy and safety, online advertising, algorithmic transparency and innovation. This is a planning document with no direct requirements or deadlines for firms.",function_off_matrix; models_disagree,,,,
7370,ico:govuk_publications#7370,Findings from the DRCF Algorithmic Processing workstream - Spring 2022,ICO,govuk_publications,https://www.gov.uk/government/publications/findings-from-the-drcf-algorithmic-processing-workstream-spring-2022,2022-09-23,train,intelligence,MIXED,A11,high,P3,,"The ICO and other DRCF members published two discussion papers on algorithmic processing: the benefits and harms of algorithms, and the current landscape for algorithmic auditing. They also launched a call for input asking stakeholders to respond by 2022-06-08, and later published a summary of responses and next steps. This is an awareness-only publication for firms using or developing algorithmic systems.",no_primary_function; models_disagree,,,,
7367,ico:govuk_publications#7367,Request for regulators to publish an update on their strategic approach to AI: Secretary of State letters,ICO,govuk_publications,https://www.gov.uk/government/publications/request-for-regulators-to-publish-an-update-on-their-strategic-approach-to-ai-secretary-of-state-letters,2024-02-15,train,intelligence,MIXED,A11,high,P3,,"The UK government asked a set of regulators, including the ICO and FCA, to publish by 30 April 2024 an update on their strategic approach to AI and how they are applying the AI Regulation White Paper principles. This is a correspondence/announcement rather than a rule, guidance or binding requirement. Banks are only indirectly in scope through the FCA letter and wider AI governance expectations.",function_off_matrix; no_primary_function; models_disagree,,,,
7356,cma:publications#7356,Cochlear / Oticon merger inquiry,CMA,publications,https://www.gov.uk/cma-cases/cochlear-slash-oticon-merger-inquiry,2024-05-29,train,intelligence,MIXED,A11,high,P3,,CMA notice that the merger notice for Cochlear Limited’s planned acquisition of Demant A/S’s Oticon Medical business meets the statutory filing requirements under the Enterprise Act. It starts the CMA’s initial period from 12 October 2022 and sets the Phase 2 referral decision deadline as 6 December 2022.,function_off_matrix; no_primary_function; models_disagree,,,,
7354,cma:publications#7354,Referral of the proposed Sizewell C Devex scheme by the Department for Energy Security and Net Zero (DESNZ),CMA,publications,https://www.gov.uk/cma-cases/referral-of-the-proposed-sizewell-c-devex-scheme-by-the-department-for-energy-security-and-net-zero-desnz,2024-06-17,train,intelligence,MIXED,A11,high,P3,,"The CMA’s Subsidy Advice Unit published a report on DESNZ’s proposed Sizewell C Development Expenditure scheme. It evaluates DESNZ’s assessment of compliance with the Subsidy Control Act 2022 and invites third-party submissions on the report process. This is an advisory publication about a government subsidy scheme, not a binding rule or obligation for firms.",no_primary_function; models_disagree,,,,
7353,cma:publications#7353,Referral of the proposed Sizewell C Final Investment Decision (FID) scheme by the Department for Energy Security and Net Zero (DESNZ) and UK Infrastructure Bank (UKIB),CMA,publications,https://www.gov.uk/cma-cases/referral-of-the-proposed-sizewell-c-final-investment-decision-fid-scheme-by-the-department-for-energy-security-and-net-zero-desnz-and-uk-infrastructure-bank-ukib,2024-06-17,train,intelligence,MIXED,A11,high,P3,,"The CMA’s Subsidy Advice Unit published its report on DESNZ and UKIB’s proposed Sizewell C Final Investment Decision scheme. It reviews the proposed subsidy arrangement for the nuclear project and invites any third-party submissions by the timetable date stated in the document. This is an advisory publication, not a rule or enforcement notice.",no_primary_function; models_disagree,,,,
7355,cma:publications#7355,Referral of the proposed Energy Intensive Industry (EII) Businesses Exemption from Nuclear Regulated Asset Base (RAB) Policy Costs subsidy scheme by the Department for Energy Security and Net Zero (DESNZ) and the Department for Business and Trade (DBT),CMA,publications,https://www.gov.uk/cma-cases/referral-of-the-proposed-energy-intensive-industry-eii-businesses-exemption-from-nuclear-regulated-asset-base-rab-policy-costs-subsidy-scheme-by-the-department-for-energy-security-and-net-zero-desnz-and-the-department-for-business-and-trad,2024-06-17,train,intelligence,MIXED,A11,high,P3,,"The CMA’s Subsidy Advice Unit published its final report on DESNZ and DBT’s proposed Energy Intensive Industry exemption from Nuclear RAB policy costs. It explains the scheme and invites third-party submissions on the assessment of compliance, with comments due by the timetable date in the notice. This is an intelligence/publication item, not a rule or enforcement notice.",no_primary_function; models_disagree,,,,
7349,cma:publications#7349,Referral of the proposed Social Housing Decarbonisation Fund Wave 3 by the Department for Energy Security and Net Zero,CMA,publications,https://www.gov.uk/cma-cases/referral-of-the-proposed-social-housing-decarbonisation-fund-wave-3-by-the-department-for-energy-security-and-net-zero,2024-07-04,train,intelligence,MIXED,A11,high,P3,,"The CMA’s Subsidy Advice Unit published its report on DESNZ’s proposed Social Housing Decarbonisation Fund Wave 3. It evaluates DESNZ’s assessment of compliance under the Subsidy Control Act 2022 and invited third-party submissions by the timetable date. The scheme concerns grant funding for social housing energy-efficiency and low-carbon heating measures, with delivery expected to run to September 2028.",function_off_matrix; no_primary_function; models_disagree,,,,
7332,cma:publications#7332,AlphaTheta / Serato merger inquiry,CMA,publications,https://www.gov.uk/cma-cases/alphatheta-slash-serato-merger-inquiry,2024-07-22,train,intelligence,MIXED,A9,high,P3,Product,The CMA has issued a merger notice for the anticipated acquisition of Serato by AlphaTheta and says its initial review period starts on 5 March 2024. The CMA’s deadline to announce whether it will refer the merger for a phase 2 investigation is 1 May 2024.,function_off_matrix; models_disagree,,,,
7330,cma:publications#7330,Joint Statement on competition in generative AI foundation models and AI products,CMA,publications,https://www.gov.uk/government/publications/joint-statement-on-competition-in-generative-ai-foundation-models-and-ai-products,2024-07-23,train,intelligence,MIXED,A11,high,P3,,"The UK, EU and US competition authorities issued a joint statement on competition in generative AI foundation models and AI products. It sets out principles to support competition, protect consumers and help businesses innovate, building on the CMA’s earlier AI foundation models work. This is an awareness item for firms developing or using AI products; no deadline or direct rule change is stated.",no_primary_function; models_disagree,,,,
7320,cma:publications#7320,Interim road fuel monitoring update: July 2024,CMA,publications,https://www.gov.uk/government/publications/interim-road-fuel-monitoring-update-july-2024,2024-07-25,train,intelligence,MIXED,A11,high,P3,,"The CMA published its third interim road fuel monitoring update, summarising fuel prices, retail spreads and margins, and progress on the road fuel market study recommendations. It notes the voluntary price data-sharing scheme is insufficient and encourages government to implement the statutory monitoring and open data schemes when legislation is in place. No direct obligations are created for firms.",no_primary_function; models_disagree,,,,
7318,cma:publications#7318,Consumer law court proceedings: notifying the CMA,CMA,publications,https://www.gov.uk/government/publications/consumer-law-court-proceedings-notifying-the-cma,2024-07-29,train,intelligence,MIXED,A11,high,P3,,"This CMA guidance explains how parties to private consumer law court proceedings should notify the CMA, especially where the case raises novel or widely applicable legal issues. It is informational only and does not create new obligations.",function_off_matrix; no_primary_function; models_disagree,,,,
7319,cma:publications#7319,OIM launches study of regulatory restrictions on single-use plastics,CMA,publications,https://www.gov.uk/government/news/oim-launches-study-of-regulatory-restrictions-on-single-use-plastics,2024-07-29,train,intelligence,MIXED,A11,high,P3,,"The CMA published its 2024/25 Annual Plan, setting out its strategy, priorities and areas of focus for the year ahead, including how it will use its competition and consumer powers and the new responsibilities from the Digital Markets, Competition and Consumers Bill. It is an informational planning document, not a rule or enforcement notice.",no_primary_function; models_disagree,,,,
7315,cma:publications#7315,Thermo Fisher Scientific / Olink merger inquiry,CMA,publications,https://www.gov.uk/cma-cases/thermo-fisher-scientific-slash-olink-merger-inquiry,2024-07-30,train,intelligence,MIXED,A14,high,P3,Legal; Regulatory change,"The CMA issued a notice under the Enterprise Act confirming the merger notice for Thermo Fisher Scientific’s proposed acquisition of Olink meets statutory requirements. It also states the CMA’s initial review period and the deadline for a phase 2 referral decision. This is relevant for firms monitoring UK merger control, but it does not create direct obligations for the bank.",function_off_matrix; models_disagree,,,,
7304,cma:publications#7304,Scanpole / C&G merger inquiry,CMA,publications,https://www.gov.uk/cma-cases/scanpole-slash-c-and-g-merger-inquiry,2024-08-14,train,intelligence,MIXED,A9,high,P3,Legal; Compliance,The CMA published a merger notice for the anticipated acquisition of Calders & Grandidge (Boston) Limited by Scanpole Limited. It confirms the initial period starts on 26 June 2024 and says the CMA’s deadline to decide on a phase 2 referral is 20 August 2024.,function_off_matrix; models_disagree,,,,
7302,cma:publications#7302,CMA response to airport slot allocation system reform consultation,CMA,publications,https://www.gov.uk/government/publications/cma-response-to-airport-slot-allocation-system-reform-consultation,2024-08-16,train,intelligence,MIXED,A11,high,P3,,"The CMA published its response to a government consultation on airport slot allocation reform. It supports market-based mechanisms, such as auctions and trading, to improve competition and efficiency in the aviation sector. This is an advisory response only and does not itself create obligations.",no_primary_function; models_disagree,,,,
7297,cma:publications#7297,Investigation into suspected anti-competitive conduct by Google,CMA,publications,https://www.gov.uk/cma-cases/investigation-into-suspected-anti-competitive-conduct-by-google,2024-08-21,train,intelligence,MIXED,A11,high,P3,,The CMA announced it has closed its Google Play Billing investigation under the Competition Act 1998 on administrative priority grounds. It said this is not a finding of infringement and that it may still use its new DMCC Act powers or other tools in future. No immediate action or compliance deadline is set out.,no_primary_function; models_disagree,,,,
7298,cma:publications#7298,CMA looks to new digital markets competition regime to resolve app store concerns,CMA,publications,https://www.gov.uk/government/news/cma-looks-to-new-digital-markets-competition-regime-to-resolve-app-store-concerns,2024-08-21,train,intelligence,MIXED,A11,high,P3,,"The CMA says it has closed its Competition Act cases into Google Play Store and Apple App Store and will instead consider app-store concerns under the new digital markets regime once it comes into force. It also rejects Google’s proposed commitments. The CMA says it expects to launch around 3 to 4 SMS investigations in the first year, but has not named firms or activities yet.",no_primary_function; models_disagree,,,,
7291,cma:publications#7291,Roche / LumiraDx merger inquiry,CMA,publications,https://www.gov.uk/cma-cases/roche-slash-lumiradx-merger-inquiry,2024-08-28,train,intelligence,MIXED,A11,high,P3,,"CMA published a merger notice for Roche Diagnostics’ acquisition of certain LumiraDx assets. It says the initial review period starts on 24 May 2024 and the CMA’s phase 2 reference decision deadline is 19 July 2024. This is a market/competition notice, not a financial-services rule or enforcement action.",function_off_matrix; no_primary_function; models_disagree,,,,
7287,cma:publications#7287,Referral of the proposed Greater Manchester Combined Authority (GMCA) Brownfield Housing scheme,CMA,publications,https://www.gov.uk/cma-cases/referral-of-the-proposed-greater-manchester-combined-authority-gmca-brownfield-housing-scheme,2024-09-02,train,intelligence,MIXED,A11,high,P3,,The CMA’s Subsidy Advice Unit published a report on Greater Manchester Combined Authority’s proposed Brownfield Housing Scheme. It evaluates GMCA’s assessment under the Subsidy Control Act 2022 and invites third-party comments by the deadline in the timetable. The scheme concerns housing and brownfield development in Greater Manchester.,no_primary_function; models_disagree,,,,
7285,cma:publications#7285,Sugar deal cleared by CMA,CMA,publications,https://www.gov.uk/government/news/sugar-deal-cleared-by-cma,2024-09-03,train,intelligence,MIXED,A11,high,P3,,"The CMA announced it has cleared T&L Sugars’ acquisition of Tereos UK & Ireland’s retail sugar business after a Phase 2 investigation. The decision followed a consultation on provisional findings and is a merger-control outcome, not a rule or obligation for firms.",no_primary_function; models_disagree,,,,
7283,cma:publications#7283,CMA launches investigation into Ticketmaster over Oasis concert sales,CMA,publications,https://www.gov.uk/government/news/cma-launches-investigation-into-ticketmaster-over-oasis-concert-sales,2024-09-04,train,intelligence,MIXED,A11,high,P3,,"CMA press release says it has opened an investigation into Ticketmaster over Oasis ticket sales and possible misuse of dynamic pricing, and invites fans to submit evidence by 2024-09-19. It also notes wider work on ticketing and dynamic pricing, but does not itself impose new requirements.",function_off_matrix; no_primary_function; models_disagree,,,,
7277,cma:publications#7277,Report on the proposed Net Zero Hydrogen Fund (NZHF) Carbon Capture Use and Storage (CCUS) Scheme by the Department for Energy Security and Net Zero (DESNZ),CMA,publications,https://www.gov.uk/government/publications/report-on-the-proposed-net-zero-hydrogen-fund-nzhf-carbon-capture-use-and-storage-ccus-scheme-by-the-department-for-energy-security-and-net-zero,2024-09-11,train,intelligence,MIXED,A11,high,P3,,"CMA’s Subsidy Advice Unit published a non-binding report on DESNZ’s proposed Strand 4 Net Zero Hydrogen Fund scheme for CCUS-enabled hydrogen projects. It evaluates the subsidy control assessment and describes the selected projects, but does not create obligations for firms. No action deadline is set in the report.",no_primary_function; models_disagree,,,,
7273,cma:publications#7273,"Hewlett Packard Enterprise Company / Juniper Networks, Inc. merger inquiry",CMA,publications,https://www.gov.uk/cma-cases/hewlett-packard-enterprise-company-slash-juniper-networks-inc-merger-inquiry,2024-09-17,train,intelligence,MIXED,A14,high,P3,Legal; Product,"The CMA has published a merger notice for Hewlett Packard Enterprise Company’s anticipated acquisition of Juniper Networks, Inc. The notice starts the initial merger-review period on 20 June 2024 and sets 14 August 2024 as the deadline for the CMA to decide whether to refer the deal to a phase 2 investigation.",function_off_matrix; models_disagree,,,,
7271,cma:publications#7271,Greenwashing: CMA issues tailored guide for fashion brands,CMA,publications,https://www.gov.uk/government/news/greenwashing-cma-issues-tailored-guide-for-fashion-brands,2024-09-18,train,intelligence,MIXED,A11,high,P3,,"The CMA published a press release and tailored guide for fashion brands on making accurate green claims under consumer law. It also said it had written to 17 brands and reminded them of forthcoming stronger consumer enforcement powers under the Digital Markets, Competition and Consumers Act 2024. This is awareness material rather than a binding rule or notice.",function_off_matrix; no_primary_function; models_disagree,,,,
7266,cma:publications#7266,Tereos fined for failure to comply with CMA merger procedures,CMA,publications,https://www.gov.uk/government/news/tereos-fined-for-failure-to-comply-with-cma-merger-procedures,2024-09-26,train,intelligence,MIXED,A11,high,P3,,"The CMA announced a £25,000 fine on Tereos for failing to provide full information during a merger inquiry under section 109 of the Enterprise Act 2002. It also noted that future maximum fixed penalties for this type of breach will rise to 1% of worldwide turnover when DMCCA amendments come into force. This is a press release, not the enforcement notice itself.",function_off_matrix; no_primary_function; models_disagree,,,,
7256,cma:publications#7256,Open letter to unregulated legal services providers,CMA,publications,https://www.gov.uk/government/publications/open-letter-to-unregulated-legal-services-providers,2024-10-09,train,intelligence,MIXED,A11,high,P3,,"The CMA issued an open letter to unregulated providers of will writing, online divorce and pre-paid probate services, reminding them of existing UK consumer law obligations and pointing them to CMA compliance guidance. It is aimed at businesses offering these services and does not itself create new requirements.",function_off_matrix; no_primary_function; models_disagree,,,,
7258,cma:publications#7258,What to consider when buying will writing services,CMA,publications,https://www.gov.uk/government/publications/what-to-consider-when-buying-will-writing-services,2024-10-09,train,intelligence,MIXED,A11,high,P3,,"CMA guidance explains what consumers should consider when buying will writing services, including differences between providers, what to look for, and where to get help if things go wrong. It is informational only and does not impose any new requirements. No deadline or in-force date is stated.",function_off_matrix; no_primary_function; models_disagree,,,,
7253,cma:publications#7253,Macquarie Asset Management / Last Mile Infrastructure merger inquiry,CMA,publications,https://www.gov.uk/cma-cases/macquarie-asset-management-slash-last-mile-infrastructure-merger-inquiry,2024-10-10,train,intelligence,MIXED,A14,high,P3,Legal,The CMA has published a merger notice for Macquarie Asset Management’s anticipated acquisition of a jointly controlling 50% interest in Last Mile Infrastructure Holdings Limited. It starts the CMA’s initial merger period on 22 July 2024 and sets 16 September 2024 as the deadline for the CMA’s phase 2 referral decision.,models_disagree,,,,
7254,cma:publications#7254,CMA response to Scottish Law Commission report on review of contract law consultation,CMA,publications,https://www.gov.uk/government/publications/cma-response-to-scottish-law-commission-report-on-review-of-contract-law-consultation,2024-10-10,train,intelligence,MIXED,A11,high,P3,,"The CMA published a response to the Scottish Law Commission’s consultation on contract law, updating it on consumer protection developments, especially the Digital Markets, Competition and Consumers Act 2024. It explains how new CMA direct enforcement powers and related changes to consumer law could indirectly affect contract-law enforcement in Scotland. No new obligations are created by this response itself.",function_off_matrix; no_primary_function; models_disagree,,,,
7244,cma:publications#7244,CMA response to Northern Ireland Department of Education School Uniform Policy Consultation,CMA,publications,https://www.gov.uk/government/publications/cma-response-to-northern-ireland-department-of-education-school-uniform-policy-consultation,2024-10-18,train,intelligence,MIXED,A11,high,P3,,"The CMA published its response to the Northern Ireland Department of Education’s consultation on school uniform policy. It supports statutory guidance to help reduce uniform costs and warns that price controls can create unintended consequences, offering design considerations if such controls are pursued. This is an advisory consultation response, not a binding rule, and no compliance date is set.",function_off_matrix; no_primary_function; models_disagree,,,,
7241,cma:publications#7241,Referral of the proposed subsidy to Plymouth Citybus Limited by Plymouth City Council,CMA,publications,https://www.gov.uk/cma-cases/referral-of-the-proposed-subsidy-to-plymouth-citybus-limited-by-plymouth-city-council,2024-10-23,train,intelligence,MIXED,A11,high,P3,,"The CMA’s Subsidy Advice Unit published its report on Plymouth City Council’s proposed subsidy to Plymouth Citybus Limited for zero-emission buses and charging infrastructure. The report evaluates the council’s assessment of compliance under the Subsidy Control Act 2022. Third-party submissions were invited by the date in the timetable; this is a market-specific public report, not a rule change.",no_primary_function; models_disagree,,,,
7238,cma:publications#7238,CMA response to the Welsh Government consultation on inspection ratings for care home services and domiciliary support services,CMA,publications,https://www.gov.uk/government/publications/cma-response-to-the-welsh-government-consultation-on-inspection-ratings-for-care-home-services-and-domiciliary-support-services,2024-10-24,train,intelligence,MIXED,A11,high,P3,,"The CMA published a response to the Welsh Government’s consultation on inspection ratings for care home services and domiciliary support services. It supports publishing and displaying inspection ratings, but says ratings alone may not be enough for informed care-home choices and points back to its 2017 care homes market study recommendations. No direct obligations are created for firms.",no_primary_function; models_disagree,,,,
7235,cma:publications#7235,T&L Sugars/Tereos merger inquiry,CMA,publications,https://www.gov.uk/cma-cases/t-and-l-sugars-slash-tereos-merger-inquiry,2024-10-28,train,intelligence,MIXED,A11,high,P3,,The CMA published a merger-inquiry notice for the anticipated acquisition by T&L Sugars Limited of certain Tereos UK and Ireland assets. It states the initial period starts on 15 January 2024 and the CMA’s deadline to decide on a Phase 2 reference is 8 March 2024. This is informational for firms watching UK merger control.,function_off_matrix; no_primary_function; models_disagree,,,,
7231,cma:publications#7231,"Referral of the proposed Welsh Freeports Subsidy Scheme by the Welsh Government (WG) and the Ministry of Housing, Communities and Local Government (MHCLG)",CMA,publications,https://www.gov.uk/cma-cases/referral-of-the-proposed-welsh-freeports-subsidy-scheme-by-the-welsh-government-wg-and-the-ministry-of-housing-communities-and-local-government-mhclg,2024-11-01,train,intelligence,MIXED,A11,high,P3,,"The CMA’s Subsidy Advice Unit published a report on the Welsh Government and MHCLG’s proposed Welsh Freeports Subsidy Scheme. It describes the scheme, the SAU’s assessment under the Subsidy Control Act 2022, and invites third-party submissions on the report by the stated timetable date. This is an intelligence/publication item, not a rule or enforcement notice.",no_primary_function; models_disagree,,,,
7233,cma:publications#7233,Logistics deal could raise prices for business customers in the UK,CMA,publications,https://www.gov.uk/government/news/logistics-deal-could-raise-prices-for-business-customers-in-the-uk,2024-11-01,train,intelligence,MIXED,A11,high,P3,,"The CMA issued a press release saying its Phase 1 merger review of GXO’s completed acquisition of Wincanton raises competition concerns in UK mainstream contract logistics services. GXO has 5 working days to offer remedies, otherwise the CMA may move to Phase 2. The notice concerns market structure, not a rule or obligation for regulated firms.",no_primary_function; models_disagree,,,,
7229,cma:publications#7229,The SAU referrals process: information for public authorities,CMA,publications,https://www.gov.uk/guidance/the-sau-referrals-process-information-for-public-authorities,2024-11-05,train,intelligence,MIXED,A11,high,P3,,"CMA guidance explains how public authorities should refer subsidies or subsidy schemes to the Subsidy Advice Unit (SAU), including mandatory and voluntary referrals, pre-referral discussions, and use of the Public Authority Portal. It describes the SAU’s role, acceptance process, and report timings, but does not create new rules for firms.",no_primary_function; models_disagree,,,,
7226,cma:publications#7226,Fast Moving Consumer Goods (FMCG),CMA,publications,https://www.gov.uk/cma-cases/fast-moving-consumer-goods-fmcg,2024-11-06,train,intelligence,MIXED,A11,high,P3,,"The CMA says it has closed its investigation into Unilever UK Limited’s environmental claims on household goods, noting changes made by the company and wider impact of its work on green claims. It also restates that businesses should comply with consumer law and read the Green Claims Code. The publication is a press-release/update, not a new rule or enforcement notice.",no_primary_function; models_disagree,,,,
7225,cma:publications#7225,CMA publishes interim report in corporate travel merger,CMA,publications,https://www.gov.uk/government/news/cma-publishes-interim-report-in-corporate-travel-merger,2024-11-06,train,intelligence,MIXED,A11,high,P3,,"The CMA published a press release on its interim report in the GBT/CWT corporate travel merger, provisionally finding the deal could substantially lessen competition. Interested parties are invited to respond to the provisional findings by 27 November 2024.",no_primary_function; models_disagree,,,,
7223,cma:publications#7223,Infant formula: CMA sets out concerns and potential solutions,CMA,publications,https://www.gov.uk/government/news/infant-formula-cma-sets-out-concerns-and-potential-solutions,2024-11-08,train,intelligence,MIXED,A11,high,P3,,"The CMA published an interim report on the infant formula market, highlighting concerns about pricing, branding, labelling and the effects of current regulations. It seeks feedback on provisional findings and potential remedies, with a consultation to inform final recommendations expected in early 2025. This is a press release summarising a market review, not a binding rule or supervisory notice.",no_primary_function; models_disagree,,,,
7219,cma:publications#7219,Referral of the proposed subsidy to Cromarty Firth Port Authority by the Department for Energy Security and Net Zero (DESNZ),CMA,publications,https://www.gov.uk/cma-cases/referral-of-the-proposed-subsidy-to-cromarty-firth-port-authority-by-the-department-for-energy-security-and-net-zero-desnz,2024-11-12,train,intelligence,MIXED,A11,high,P3,,The CMA’s Subsidy Advice Unit published a report advising DESNZ on its proposed subsidy to Cromarty Firth Port Authority for a floating offshore wind port facility. It is part of the subsidy control assessment process and invited third-party submissions by the timetable date. No direct obligations are created for regulated firms.,no_primary_function; models_disagree,,,,
7220,cma:publications#7220,CMA tips: How to navigate finding a ‘recommended’ trader online,CMA,publications,https://www.gov.uk/government/news/cma-tips-how-to-navigate-finding-a-recommended-trader-online,2024-11-12,train,intelligence,MIXED,A11,high,P3,,"The CMA published consumer tips and finalised advice for trader recommendation sites on how to comply with consumer law, alongside a short crib sheet. It is aimed at sites and consumers, with no specific compliance deadline stated. The CMA says it will monitor the sector and may take further action if needed.",function_off_matrix; no_primary_function; models_disagree,,,,
7211,cma:publications#7211,Avoid and report anti-competitive activity,CMA,publications,https://www.gov.uk/cartels-price-fixing,2024-11-15,train,intelligence,MIXED,A11,high,P3,,"The CMA published general guidance for all businesses on avoiding and reporting anti-competitive activity such as cartels, bid rigging and abuse of dominance. It explains the risks and penalties, and suggests using policies, training and legal advice. No new obligations or deadlines are created in this publication.",function_off_matrix; no_primary_function; models_disagree,,,,
7199,cma:publications#7199,Theramex/European Rights to Viatris’ Femoston and Duphaston products,CMA,publications,https://www.gov.uk/cma-cases/theramex-slash-european-rights-to-viatris-femoston-and-duphaston-products,2024-11-22,train,intelligence,MIXED,A14,high,P3,Legal; Compliance; Ops,"The CMA grants consent/derogation under an Initial Enforcement Order in the Theramex/Viatris transaction. The parties may exclude non-UK assets from certain hold-separate obligations, while preserving the UK Femoston business and its supply, approvals, IP and resources until the CMA varies or withdraws the order.",function_off_matrix; models_disagree,,,,
7198,cma:publications#7198,Spreadex required to sell Sporting Index,CMA,publications,https://www.gov.uk/government/news/spreadex-required-to-sell-sporting-index,2024-11-22,train,intelligence,MIXED,A11,high,P3,,"The CMA issued a press release saying Spreadex must sell Sporting Index after a Phase 2 merger investigation found the deal harmed competition in UK licensed online sports spread betting. The CMA said it now has 12 weeks to accept undertakings or make a final order, and it will monitor remedy implementation.",function_off_matrix; no_primary_function; models_disagree,,,,
7195,cma:publications#7195,Review of loyalty pricing in the groceries sector,CMA,publications,https://www.gov.uk/government/publications/review-of-loyalty-pricing-in-the-groceries-sector,2024-11-27,train,intelligence,MIXED,A11,high,P3,,"The CMA published a research and analysis report on loyalty pricing in the groceries sector. It says its review found loyalty scheme members can usually make genuine savings on usual prices and summarises consumer survey findings. This is an informational publication for supermarkets and shoppers, with no new rules or deadlines.",no_primary_function; models_disagree,,,,
7192,cma:publications#7192,Referral of the proposed subsidy to Barking and Dagenham Homes Limited by the London Borough of Barking and Dagenham Council,CMA,publications,https://www.gov.uk/cma-cases/referral-of-the-proposed-subsidy-to-barking-and-dagenham-homes-limited-by-the-london-borough-of-barking-and-dagenham-council,2024-11-27,train,intelligence,MIXED,A11,high,P3,,The CMA Subsidy Advice Unit published a report on a proposed subsidy from Barking and Dagenham Council to Barking and Dagenham Homes Limited for affordable housing. The report evaluates the council’s assessment under the Subsidy Control Act 2022 and invites third-party submissions by the stated deadline in the timetable. This is informational and does not itself create obligations for firms.,no_primary_function; models_disagree,,,,
7190,cma:publications#7190,Interim road fuel monitoring update: November 2024,CMA,publications,https://www.gov.uk/government/publications/interim-road-fuel-monitoring-update-november-2024,2024-11-28,train,intelligence,MIXED,A11,high,P3,,"The CMA published an interim update on road fuel prices, retail spreads and margins, using voluntary data from fuel retailers. It also notes that statutory monitoring powers under the DMCC Act are expected to commence by January 2025, but this publication itself is only an update and does not create obligations.",no_primary_function; models_disagree,,,,
7186,cma:publications#7186,CMA letter to PHIN welcoming achievement of bronze compliance milestone,CMA,publications,https://www.gov.uk/government/publications/cma-letter-to-phin-welcoming-achievement-of-bronze-compliance-milestone,2024-12-04,train,intelligence,MIXED,A11,high,P3,,The CMA published a letter congratulating PHIN and the private healthcare sector on reaching the Bronze Milestone under the Private Healthcare Market Investigation Order 2014. It also notes future milestones in September 2025 and June 2026 and says the CMA will continue enforcement against non-compliant parties.,function_off_matrix; no_primary_function; models_disagree,,,,
7183,cma:publications#7183,Muller Dairy (UK) Limited / Yew Tree Dairy Holdings Limited merger inquiry,CMA,publications,https://www.gov.uk/cma-cases/muller-dairy-uk-limited-slash-yew-tree-dairy-holdings-limited-merger-inquiry,2024-12-06,train,intelligence,MIXED,A14,high,P3,Legal; Compliance,"The CMA has published a merger notice for Müller Dairy UK’s anticipated acquisition of Yew Tree Dairy Holdings under the Enterprise Act 2002. It starts the CMA’s initial review period on 28 August 2024 and states the CMA’s phase 2 referral decision deadline as 22 October 2024. This is a competition-law perimeter notice, not a financial-services rule change.",function_off_matrix; models_disagree,,,,
7182,cma:publications#7182,NHS set to benefit from £23 million following CMA pharma probe,CMA,publications,https://www.gov.uk/government/news/nhs-set-to-benefit-from-23-million-following-cma-pharma-probe,2024-12-10,train,intelligence,MIXED,A11,high,P3,,"The CMA issued a press release saying Vifor Pharma has offered commitments, including a £23 million payment and corrective communications, to resolve competition concerns about misleading claims on iron deficiency treatments. The CMA will consult on the proposed commitments until 17 January 2025 before deciding whether to accept them.",function_off_matrix; no_primary_function; models_disagree,,,,
7174,cma:publications#7174,XSYS / MGS merger inquiry,CMA,publications,https://www.gov.uk/cma-cases/xsys-slash-mgs-merger-inquiry,2024-12-11,train,intelligence,MIXED,A14,high,P3,Legal; Ops,"The CMA published a merger notice for the anticipated acquisition of MacDermid Graphics Solutions by XSYS, confirming the merger notice meets Enterprise Act requirements. It starts the initial review period on 22 October 2024 and sets 16 December 2024 as the CMA’s deadline to decide whether to refer the merger for a phase 2 investigation.",function_off_matrix; models_disagree,,,,
7173,cma:publications#7173,Referral of the proposed subsidy to CalMac Ferries Limited by Transport Scotland,CMA,publications,https://www.gov.uk/cma-cases/referral-of-the-proposed-subsidy-to-calmac-ferries-limited-by-transport-scotland,2024-12-17,train,intelligence,MIXED,A11,high,P3,,The CMA’s Subsidy Advice Unit published a final report on Transport Scotland’s proposed subsidy to CalMac Ferries Limited for Clyde and Hebrides Ferry Services. It evaluates Transport Scotland’s assessment under the Subsidy Control Act 2022 and notes the request was for a Subsidy of Particular Interest. Third-party submissions were due under the administrative timetable.,function_off_matrix; no_primary_function; models_disagree,,,,
7161,cma:publications#7161,Report on the Extension Awards over £1 million subsidy scheme by Arts Council England,CMA,publications,https://www.gov.uk/government/publications/report-on-the-extension-awards-over-1-million-subsidy-scheme-by-arts-council-england,2024-12-19,train,intelligence,MIXED,A11,high,P3,,"CMA Subsidy Advice Unit report giving non-binding advice on Arts Council England’s proposed Extension Awards over £1 million subsidy scheme. It comments on ACE’s assessment under the Subsidy Control Act 2022 and suggests improvements, but does not make rules or impose obligations. The scheme is proposed for arts and culture organisations in England; no compliance date is set.",no_primary_function; models_disagree,,,,
7160,cma:publications#7160,Referral of the proposed Extension Awards over £1 million subsidy scheme by Arts Council England,CMA,publications,https://www.gov.uk/cma-cases/referral-of-the-proposed-extension-awards-over-1-pounds-million-subsidy-scheme-by-arts-council-england,2024-12-19,train,intelligence,MIXED,A11,high,P3,,The CMA’s Subsidy Advice Unit published a report on Arts Council England’s proposed Extension Awards over £1 million subsidy scheme. It assesses ACE’s subsidy-control compliance for this proposed scheme and invites third-party submissions. This is a closed case and does not itself change rules or impose obligations on firms.,function_off_matrix; no_primary_function; models_disagree,,,,
7156,cma:publications#7156,Referral of the proposed Contracts for Difference Clean Industry Bonus Subsidy by the Department for Energy Security and Net Zero,CMA,publications,https://www.gov.uk/cma-cases/referral-of-the-proposed-contracts-for-difference-clean-industry-bonus-subsidy-by-the-department-for-energy-security-and-net-zero,2024-12-20,train,intelligence,MIXED,A11,high,P3,,"The CMA’s Subsidy Advice Unit published a report advising DESNZ on its proposed Contracts for Difference Clean Industry Bonus subsidy scheme. It is an intelligence/update item about a subsidy control referral, not a new rule. The scheme is planned for Allocation Round 7, with the first CIB allocation round expected to open for applications in 2025.",function_off_matrix; no_primary_function; models_disagree,,,,
7147,cma:publications#7147,Quick guide to UK merger assessment: CMA18,CMA,publications,https://www.gov.uk/government/publications/quick-guide-to-uk-merger-assessment,2025-01-02,train,intelligence,MIXED,A11,high,P3,Legal; Regulatory change,"The CMA published a quick guide summarising the UK merger control regime, including jurisdiction tests, notification process, review stages and remedies. It is a non-binding overview for businesses considering mergers; no new rules or deadlines are created. It points readers to more detailed CMA guidance for the operative requirements.",function_off_matrix; models_disagree,,,,
7144,cma:publications#7144,DBT and CMA memorandum of understanding: international cooperation,CMA,publications,https://www.gov.uk/government/publications/dbt-and-cma-memorandum-of-understanding-international-cooperation,2025-01-06,train,intelligence,MIXED,A11,high,P3,,"The CMA and DBT published a memorandum of understanding on international cooperation for competition and consumer law enforcement. It sets out expectations, roles and responsibilities for information disclosure, investigative assistance to overseas regulators, and other cooperation arrangements under the DMCC Act. No firm action date or direct requirement is set out in this notice.",function_off_matrix; no_primary_function; models_disagree,,,,
7143,cma:publications#7143,CMA sets out initial plans as new digital markets competition regime comes into force,CMA,publications,https://www.gov.uk/government/news/cma-sets-out-initial-plans-as-new-digital-markets-competition-regime-comes-into-force,2025-01-07,train,intelligence,MIXED,A11,high,P3,,"The CMA issued a press release setting out its initial plans for the new digital markets competition regime, which came into force on 1 January 2025. It says it expects to launch SMS investigations into three areas of digital activity in the first six months and may consult on proposed conduct requirements in parallel. This is an update on implementation and planned enforcement activity, not a binding rule change.",no_primary_function; models_disagree,,,,
7141,cma:publications#7141,CMA response to Northern Ireland Department for the Economy support for low carbon heating in the residential sector consultation,CMA,publications,https://www.gov.uk/government/publications/cma-response-to-northern-ireland-department-for-the-economy-support-for-ow-carbon-heating-in-the-residential-sector-consultation,2025-01-09,train,intelligence,MIXED,A11,high,P3,,"The CMA published a response to a Northern Ireland Department for the Economy consultation on support for low-carbon heating in the residential sector. It argues for consumer protection measures alongside government funding and highlights risks from mis-selling, poor-quality installations and weak redress. It is an intelligence item with no direct obligations or compliance date.",function_off_matrix; no_primary_function; models_disagree,,,,
7139,cma:publications#7139,Response from CMA Chair and CEO to correspondence from government,CMA,publications,https://www.gov.uk/government/publications/response-from-cma-chair-and-ceo-to-correspondence-from-government,2025-01-13,train,intelligence,MIXED,A11,high,P3,,"CMA Chair and CEO wrote to government setting out the CMA’s draft 2025/26 Annual Plan and medium-term priorities. It says the draft plan is out for consultation and outlines intended work on competition, consumer protection, digital markets and sector investigations over the next 12 months. No direct obligations are created for firms in this letter.",no_primary_function; models_disagree,,,,
7136,cma:publications#7136,CMA to investigate Google’s search services,CMA,publications,https://www.gov.uk/government/news/cma-to-investigate-googles-search-services,2025-01-14,train,intelligence,MIXED,A11,high,P3,,"CMA press release announcing a new investigation into whether Google has strategic market status in UK search and search advertising under the digital markets competition regime. It says the investigation may lead to conduct requirements, and the CMA expects to decide by October 2025. This is an update on regulatory activity, not a binding rule or notice for firms.",no_primary_function; models_disagree,,,,
7130,cma:publications#7130,Public Transport Ticketing Schemes Block Exemption: proposed recommendation,CMA,publications,https://www.gov.uk/government/consultations/public-transport-ticketing-schemes-block-exemption-proposed-recommendation,2025-01-20,train,intelligence,MIXED,A11,high,P3,,"The CMA published a proposed recommendation on whether the Public Transport Ticketing Schemes Block Exemption should continue, be varied, or expire in 2026. It follows an earlier consultation and asks the Secretary of State for Business and Trade to accept a recommendation to keep the exemption without a fixed duration, with some limited changes. No direct obligations are created for firms.",no_primary_function; models_disagree,,,,
7128,cma:publications#7128,Subsidy Advice Unit consultation response regarding the UK subsidy control regime,CMA,publications,https://www.gov.uk/government/publications/subsidy-advice-unit-consultation-response-regarding-the-uk-subsidy-control-regime,2025-01-21,train,intelligence,MIXED,A11,high,P3,,"The CMA’s Subsidy Advice Unit published a consultation response on the UK subsidy control regime, analysing whether the current mandatory referral threshold for Subsidies of Particular Interest should change and whether streamlined routes should be introduced. It does not create new rules; it informs DBT’s consultation and future policy decisions. No action date is stated in the publication.",function_off_matrix; no_primary_function; models_disagree,,,,
7362,ico:govuk_publications#7362,Data protection,ICO,govuk_publications,https://www.gov.uk/data-protection,2025-01-22,train,intelligence,MIXED,A11,high,P3,,"ICO guidance page summarises UK data protection law, the UK GDPR and Data Protection Act 2018, and the main principles and individual rights around personal data. It is an informational webpage for the public and organisations, with no new rules, dates or deadlines.",function_off_matrix; no_primary_function; models_disagree,,,,
7124,cma:publications#7124,Undertakings in lieu of reference form,CMA,publications,https://www.gov.uk/government/publications/undertakings-in-lieu-of-reference-form,2025-01-23,train,intelligence,MIXED,A14,high,P2,Legal; Ops,"The CMA has published a Remedies Form for merger parties offering undertakings in lieu of reference under the Enterprise Act 2002. It sets out the information the CMA expects on the proposed divestment, the business to be divested and how the remedy addresses the competition concern. It is not a rule change, but it is the template parties use when preparing a UIL submission.",function_off_matrix; models_disagree,,,,
7123,cma:publications#7123,Merger enquiry letter template,CMA,publications,https://www.gov.uk/government/publications/merger-enquiry-letter-template,2025-01-23,train,intelligence,MIXED,A11,high,P3,,"The CMA has published an updated merger enquiry letter template used when it opens an investigation into an unnotified merger. It reflects changes to the mergers regime under the Digital Markets, Competition and Consumers Act 2024. This is a guidance/template publication, not a binding notice, and it does not set a firm deadline for firms.",function_off_matrix; no_primary_function; models_disagree,,,,
7120,cma:publications#7120,How the UK’s digital markets competition regime works,CMA,publications,https://www.gov.uk/guidance/how-the-uks-digital-markets-competition-regime-works,2025-01-23,train,intelligence,MIXED,A11,high,P3,,"CMA guidance explains the UK digital markets competition regime, including how firms may be designated with strategic market status, conduct requirements, pro-competition interventions, and merger reporting rules for SMS firms. It is an overview document, not a new rule or decision. No immediate compliance deadline is stated in the publication.",no_primary_function; models_disagree,,,,
7122,cma:publications#7122,CMA to investigate Apple and Google's mobile ecosystems,CMA,publications,https://www.gov.uk/government/news/cma-to-investigate-apple-and-googles-mobile-ecosystems,2025-01-23,train,intelligence,MIXED,A11,high,P3,,"The CMA has opened press-release announced strategic market status investigations into Apple and Google’s mobile ecosystems, including operating systems, app stores and browsers. The CMA will gather evidence from stakeholders and decide by end of October 2025 whether either firm has SMS and whether conduct requirements should follow. This is informational for firms developing apps or mobile-related services.",function_off_matrix; no_primary_function; models_disagree,,,,
7111,cma:publications#7111,Carlsberg / Britvic merger inquiry,CMA,publications,https://www.gov.uk/cma-cases/carlsberg-slash-britvic-merger-inquiry,2025-02-04,train,intelligence,MIXED,A9,high,P3,,"The CMA published a merger notice for Carlsberg UK Holdings Limited’s anticipated acquisition of Britvic PLC. It confirms the merger notice meets statutory requirements and starts the CMA initial review period on 24 October 2024, with a phase 2 referral deadline of 18 December 2024.",no_primary_function; models_disagree,,,,
7110,cma:publications#7110,Referral of the proposed subsidy to Berkeley Homes (East Thames) Limited by Homes England,CMA,publications,https://www.gov.uk/cma-cases/referral-of-the-proposed-subsidy-to-berkeley-homes-east-thames-limited-by-homes-england,2025-02-05,train,intelligence,MIXED,A11,high,P3,,"The CMA’s Subsidy Advice Unit published its report on Homes England’s proposed £29.4m subsidy to Berkeley Homes (East Thames) Limited for the Lombard Square development. It explains the assessment of compliance, invites third-party submissions by the stated deadline, and notes the subsidy is a Subsidy of Particular Interest under the Subsidy Control Act 2022.",no_primary_function; models_disagree,,,,
7109,cma:publications#7109,Study into regulatory restrictions on single-use plastics in the United Kingdom,CMA,publications,https://www.gov.uk/cma-cases/study-into-regulatory-restrictions-on-single-use-plastics-in-the-united-kingdom,2025-02-12,train,intelligence,MIXED,A11,high,P3,,"The CMA’s Office for the Internal Market published a completed study and final report on the impact of current and future single-use plastic restrictions in the UK. It is an informational market study, not a rule, consultation, or enforcement notice. The report was published on 12 February 2025.",no_primary_function; models_disagree,,,,
7107,cma:publications#7107,Infant formula: CMA outlines clear path forward to help parents save hundreds of pounds a year,CMA,publications,https://www.gov.uk/government/news/infant-formula-cma-outlines-clear-path-forward-to-help-parents-save-hundreds-of-pounds-a-year,2025-02-14,train,intelligence,MIXED,A11,high,P3,,"CMA issued a press release on its final recommendations after a market study of infant and follow-on formula. It urges UK governments to improve information, labelling, advertising and enforcement to help parents compare products and save money. This is a policy recommendation rather than a binding rule change, and no compliance date is set.",function_off_matrix; no_primary_function; models_disagree,,,,
7104,cma:publications#7104,CMA provisionally clears poultry feed merger,CMA,publications,https://www.gov.uk/government/news/cma-provisionally-clears-poultry-feed-merger,2025-02-18,train,intelligence,MIXED,A11,high,P3,,"The CMA issued a press release saying its independent inquiry group has provisionally cleared Boparan’s proposed purchase of ForFarmers’ Burston and Radstock feed mill sites after a Phase 2 merger investigation. It is seeking feedback on the interim report by 11 March 2025, with a final decision due by 13 May 2025.",no_primary_function; models_disagree,,,,
7097,cma:publications#7097,Co-op re-writes anti-competitive land agreements,CMA,publications,https://www.gov.uk/government/news/co-op-re-writes-anti-competitive-land-agreements,2025-03-05,train,intelligence,MIXED,A11,high,P3,,"The CMA issued a press release saying Co-op admitted 107 breaches of the Groceries Market Investigation (Controlled Land) Order 2010 and is resolving the remaining issues. It also says the CMA is continuing targeted enforcement of similar land-agreement breaches across major grocers. This is relevant for firms with competition-law exposure, but it does not itself create new requirements.",function_off_matrix; no_primary_function; models_disagree,,,,
7096,cma:publications#7096,Open letter to Co-op about land agreements restricting competition,CMA,publications,https://www.gov.uk/government/publications/open-letter-to-co-op-about-land-agreements-restricting-competition,2025-03-05,train,intelligence,MIXED,A11,high,P3,,"The CMA published an open letter to Co-op saying it had breached the Groceries Market Investigation (Controlled Land) Order 2010 on 107 occasions, with 3 breaches still ongoing. Co-op is expected to fix the outstanding breaches and will now report annually to the CMA on compliance with the Order.",no_primary_function; models_disagree,,,,
7094,cma:publications#7094,Referral of the proposed Affordable Housing Delivery Scheme by the Welsh Government,CMA,publications,https://www.gov.uk/cma-cases/referral-of-the-proposed-welsh-government-affordable-housing-scheme-by-the-welsh-government,2025-03-06,train,intelligence,MIXED,A11,high,P3,,"The CMA’s Subsidy Advice Unit published a report on the Welsh Government’s proposed Affordable Housing Delivery Scheme. The report assesses the scheme’s compliance with the Subsidy Control Act 2022 and invites third-party submissions, with the scheme due to run from 20 March 2025 to 31 March 2031.",no_primary_function; models_disagree,,,,
7093,cma:publications#7093,"Global Business Travel Group, Inc / CWT Holdings, LLC merger inquiry",CMA,publications,https://www.gov.uk/cma-cases/global-business-travel-group-inc-slash-cwt-holdings-llc-merger-inquiry,2025-03-06,train,intelligence,MIXED,A9,high,P3,Board,The CMA has published a notice confirming that the merger notice for Global Business Travel Group’s anticipated acquisition of CWT Holdings meets statutory requirements. It also states the merger review period starts on 5 June 2024 and that the CMA’s phase 2 referral decision deadline is 30 July 2024.,function_off_matrix; models_disagree,,,,
7090,cma:publications#7090,Cérélia / Jus-Rol merger inquiry,CMA,publications,https://www.gov.uk/cma-cases/cerelia-slash-jus-rol-merger-inquiry,2025-03-07,train,intelligence,MIXED,A14,high,P1,Ops; Legal,"The CMA has made an Initial Enforcement Order under the Enterprise Act in the Cérélia/Jus-Rol merger inquiry. It restricts integration, asset transfers, information sharing and management changes while the CMA reviews the transaction. The order applies to Cérélia and took effect on 3 February 2022; breach may lead to penalties.",function_off_matrix; models_disagree,,,,
7091,cma:publications#7091,"Referral of the proposed subsidy to Vivid Housing Limited for Victory Quay, Portsmouth by Homes England",CMA,publications,https://www.gov.uk/cma-cases/referral-of-the-proposed-subsidy-to-vivid-housing-limited-by-homes-england,2025-03-07,train,intelligence,MIXED,A11,high,P3,,The CMA’s Subsidy Advice Unit published a report on Homes England’s proposed £19.794 million subsidy to Vivid Housing Limited for the Victory Quay redevelopment in Portsmouth. It assesses compliance with the Subsidy Control Act 2022 and notes the project qualifies as a Subsidy of Particular Interest. Third-party submissions were invited for the report process; no direct obligations are created for banks.,function_off_matrix; no_primary_function; models_disagree,,,,
7088,cma:publications#7088,Outbrain Inc. / Teads S.A. / Altice Teads S.A. merger inquiry,CMA,publications,https://www.gov.uk/cma-cases/outbrain-inc-slash-teads-sa-merger-inquiry,2025-03-11,train,intelligence,MIXED,A9,high,P3,Board; Legal,"The CMA issued a merger notice for the anticipated acquisition of Teads S.A. by Outbrain Inc., and for Altice Teads S.A.’s minority shareholding in Outbrain Inc. It starts the CMA’s initial review period on 9 December 2024 and gives a phase 2 referral decision deadline of 5 February 2025. No direct obligations are imposed on financial firms.",function_off_matrix; models_disagree,,,,
7078,cma:publications#7078,BlackRock / Preqin merger inquiry,CMA,publications,https://www.gov.uk/cma-cases/blackrock-slash-preqin-merger-inquiry,2025-03-20,train,intelligence,MIXED,A9,high,P3,Legal; Regulatory change,"The CMA has published a merger notice for BlackRock’s anticipated acquisition of Preqin and stated the phase 1 initial period start and referral deadline. This is a competition-law market notice affecting the parties to the transaction, not a regulatory rule change for firms generally.",function_off_matrix; models_disagree,,,,
7074,cma:publications#7074,CMA response to the UK government’s consultation on the resale of live events tickets,CMA,publications,https://www.gov.uk/government/publications/cma-response-to-the-uk-governments-consultation-on-the-resale-of-live-events-tickets,2025-03-24,train,intelligence,MIXED,A11,high,P3,,"The CMA published a response to the UK government’s consultation on resale of live events tickets. It gives the CMA’s views on design issues for any resale price cap or licensing regime, and notes the sector still needs legislative change. This is advisory only and does not itself change rules or create deadlines.",function_off_matrix; no_primary_function; models_disagree,,,,
7070,cma:publications#7070,Referral of the proposed (Remediation Unit and Horizon IT Inquiry) subsidy to Post Office Limited by the Department for Business and Trade,CMA,publications,https://www.gov.uk/cma-cases/referral-of-the-proposed-subsidy-to-post-office-limited-by-the-dbt,2025-03-26,train,intelligence,MIXED,A11,high,P3,,"The CMA’s Subsidy Advice Unit published its report on DBT’s proposed £57.9 million subsidy to Post Office Limited for Horizon redress and inquiry-related costs in FY2025/26. It is a final advisory report, not a rule or obligation for firms. Third-party submissions were part of the process before publication.",no_primary_function; models_disagree,,,,
7069,cma:publications#7069,"CMA’s Annual Plan to drive growth by promoting competition, protecting consumers and enhancing business and investor confidence",CMA,publications,https://www.gov.uk/government/news/cmas-annual-plan-to-drive-growth-by-promoting-competition-protecting-consumers-and-enhancing-business-and-investor-confidence,2025-03-27,train,intelligence,MIXED,A11,high,P3,,"The CMA published its 2025 to 2026 Annual Plan, setting out its priorities for competition, consumer protection, growth and improved internal processes. It highlights use of new powers under the Digital Markets, Competition and Consumers Act and a focus on digital markets, consumer protection, and bid-rigging enforcement. This is an awareness-only plan, not a binding rule or notice.",function_off_matrix; no_primary_function; models_disagree,,,,
7064,cma:publications#7064,Referral of the proposed subsidy to The Auckland Project by Durham County Council,CMA,publications,https://www.gov.uk/cma-cases/referral-of-the-proposed-subsidy-to-the-auckland-project-by-durham-county-council,2025-03-28,train,intelligence,MIXED,A11,high,P3,,The CMA’s Subsidy Advice Unit published a report on Durham County Council’s proposed £28m subsidy to The Auckland Project. It evaluates the council’s assessment under the Subsidy Control Act 2022 and invites third-party submissions for the report process. No direct obligations are created for firms.,no_primary_function; models_disagree,,,,
7066,cma:publications#7066,Referral of the modified Capacity Market scheme by the Department for Energy Security and Net Zero,CMA,publications,https://www.gov.uk/cma-cases/referral-of-the-modified-capacity-market-scheme-by-the-department-for-energy-security-and-net-zero,2025-03-28,train,intelligence,MIXED,A11,high,P3,,"The CMA’s Subsidy Advice Unit published its final report on the Department for Energy Security and Net Zero’s proposed amended Capacity Market scheme. It explains the scheme and the SAU’s evaluation of DESNZ’s subsidy-control assessment, with a public submissions process already closed. This is an advisory publication about an energy subsidy scheme, not a regulatory rule for financial firms.",no_primary_function; models_disagree,,,,
7061,cma:publications#7061,Informal guidance on Builders Merchants Federation’s supply chain initiative,CMA,publications,https://www.gov.uk/government/publications/informal-guidance-on-builders-merchants-federations-supply-chain-initiative,2025-03-31,train,intelligence,MIXED,A11,high,P3,,"The CMA published informal guidance on the Builders Merchants Federation’s proposed supply chain assurance initiative, explaining how the CMA’s Green Agreements Guidance applies to the proposal. It is guidance only and does not itself change the law or impose new requirements. The CMA also notes firms should consider the Green Claims Code if they make environmental claims.",function_off_matrix; no_primary_function; models_disagree,,,,
7062,cma:publications#7062,Road fuel quarterly update report: March 2025,CMA,publications,https://www.gov.uk/government/publications/road-fuel-quarterly-update-report-march-2025,2025-03-31,train,intelligence,MIXED,A11,high,P3,,"The CMA published its first quarterly road fuel monitoring update under the DMCC Act framework. It summarises recent petrol and diesel prices, spreads and margins, notes the statutory monitoring function started in January 2025, and says the next monitoring report is expected in June 2025. It also updates progress on Fuel Finder, which the government aims to launch by end-2025.",function_off_matrix; no_primary_function; models_disagree,,,,
7057,cma:publications#7057,IBM / HashiCorp merger inquiry,CMA,publications,https://www.gov.uk/cma-cases/ibm-slash-hashicorp-merger-inquiry,2025-04-03,train,intelligence,MIXED,A9,high,P3,Legal,"The CMA issued a merger notice for IBM’s anticipated acquisition of HashiCorp and confirmed the initial review period under the Enterprise Act 2002 starts on 31 December 2024. The CMA’s phase 2 referral deadline is 25 February 2025. This is a competition-law market notice, not a financial-services rule change.",function_off_matrix; models_disagree,,,,
7056,cma:publications#7056,William Grant & Sons / The Famous Grouse merger inquiry,CMA,publications,https://www.gov.uk/cma-cases/william-grant-and-sons-slash-the-famous-grouse-merger-inquiry,2025-04-03,train,intelligence,MIXED,A14,high,P3,Financial crime; Ops,"The CMA has published a merger notice for William Grant & Sons’ anticipated acquisition of The Famous Grouse, Naked Malt and related brands. It starts the initial merger review period on 30 January 2025 and states the CMA’s phase 2 referral decision deadline as 27 March 2025. This is a competition-law process notice, not a financial-services rule change.",function_off_matrix; models_disagree,,,,
7048,cma:publications#7048,CMA to boost consumer and business confidence as new consumer protection regime comes into force,CMA,publications,https://www.gov.uk/government/news/cma-to-boost-consumer-and-business-confidence-as-new-consumer-protection-regime-comes-into-force,2025-04-06,train,intelligence,MIXED,A11,high,P3,,"The CMA has issued a press release on the new consumer protection regime under the DMCCA 2024, which came into force on 6 April 2025. It says it will take a proportionate approach, publish guidance, and begin enforcement on the most serious practices such as fake reviews, drip pricing, hidden fees and unfair terms. This is informational rather than a rule-making or enforcement notice.",no_primary_function; models_disagree,,,,
7046,cma:publications#7046,DBT-CMA joint statement on consumer protection,CMA,publications,https://www.gov.uk/government/publications/dbt-cma-joint-statement-on-consumer-protection,2025-04-07,train,intelligence,MIXED,A11,high,P3,,"The CMA and DBT published a joint policy statement on consumer protection after provisions in the Digital Markets, Competition and Consumers Act commenced. It explains the CMA’s planned approach to using its new consumer-protection powers and how this aligns with government priorities. No action date or firm-specific requirement is set out.",function_off_matrix; no_primary_function; models_disagree,,,,
7041,cma:publications#7041,Referral of the proposed subsidy to First Hampshire & Dorset Limited by Portsmouth City Council,CMA,publications,https://www.gov.uk/cma-cases/referral-of-the-proposed-subsidy-to-first-hampshire-and-dorset-limited-by-portsmouth-city-council,2025-04-11,train,intelligence,MIXED,A11,high,P3,,The CMA’s Subsidy Advice Unit published its final report on Portsmouth City Council’s proposed subsidy to First Hampshire & Dorset Limited for zero-emission buses and charging infrastructure. The report evaluates the council’s assessment of compliance with the Subsidy Control Act 2022. Third parties could submit comments during the timetable set out in the notice.,no_primary_function; models_disagree,,,,
7039,cma:publications#7039,Microsoft / OpenAI partnership merger inquiry,CMA,publications,https://www.gov.uk/cma-cases/microsoft-slash-openai-partnership-merger-inquiry,2025-04-15,train,intelligence,MIXED,A11,high,P3,,"The CMA has issued an invitation to comment on Microsoft’s partnership with OpenAI, asking interested parties to submit views and evidence on whether the arrangement creates a relevant merger situation and affects UK competition. This is an initial information-gathering step ahead of any possible phase 1 investigation, with comments invited by 3 January 2024.",function_off_matrix; no_primary_function; models_disagree,,,,
7037,cma:publications#7037,Referral of the proposed West Midlands Bus Network Support Grant scheme by West Midlands Combined Authority,CMA,publications,https://www.gov.uk/cma-cases/referral-of-the-proposed-west-midlands-bus-network-support-grant-scheme-by-west-midlands-combined-authority,2025-04-17,train,intelligence,MIXED,A11,high,P3,,"The CMA Subsidy Advice Unit published a report on West Midlands Combined Authority’s proposed bus network support grant. It evaluates the authority’s assessment of compliance with the Subsidy Control Act 2022 and invites third-party submissions. The scheme is due to run from 1 May 2025 to 31 December 2025, with a possible extension to April 2026.",no_primary_function; models_disagree,,,,
7038,cma:publications#7038,Report on the proposed West Midlands Bus Network Support Grant scheme,CMA,publications,https://www.gov.uk/government/publications/report-on-the-proposed-west-midlands-bus-network-support-grant-scheme,2025-04-17,train,intelligence,MIXED,A11,high,P3,,"The CMA’s Subsidy Advice Unit published a non-binding report on West Midlands Combined Authority’s proposed Bus Network Support Grant scheme. It evaluates the authority’s assessment against the Subsidy Control Act 2022 and identifies areas for improvement in the scheme’s evidence and analysis. There are no direct obligations on firms, only advisory findings for the public authority.",no_primary_function; models_disagree,,,,
6501,hmt:news#6501,Chancellor unveils plans to maintain level playing field for British business,HMT,news,https://www.gov.uk/government/news/chancellor-unveils-plans-to-maintain-level-playing-field-for-british-business,2025-04-23,train,intelligence,A11,A11,high,P3,,"HMT issued a press release announcing support for British business through stronger action on unfair trade practices, improved trade monitoring, and a planned review of the customs treatment of low-value imports. It also says the TRA will increase resources and speed up responses to unfair import surges. No immediate regulatory obligation is created for firms.",no_primary_function; models_disagree,,,,
7033,cma:publications#7033,Referral of the proposed Post Office (Future Technology Portfolio 2025 to 2026) subsidy by the Department for Business and Trade,CMA,publications,https://www.gov.uk/cma-cases/referral-of-the-proposed-post-office-future-technology-portfolio-2025-to-2026-subsidy-by-the-department-for-business-and-trade,2025-04-23,train,intelligence,MIXED,A11,high,P3,,The CMA’s Subsidy Advice Unit published its final report on DBT’s proposed Post Office Future Technology Portfolio 2025-2026 subsidy. It assesses DBT’s compliance with the Subsidy Control Act 2022 and concerns a proposed £136 million grant for Post Office IT replacement and transformation through to the end of 2025-26. Third-party submissions were invited during the reporting process.,no_primary_function; models_disagree,,,,
6499,hmt:news#6499,Valuation Office Agency scrapped in government drive to slash inefficiencies,HMT,news,https://www.gov.uk/government/news/valuation-office-agency-scrapped-in-government-drive-to-slash-inefficiencies,2025-04-27,train,intelligence,A11,A11,high,P3,,"HMT announced that the Valuation Office Agency will be brought into HMRC by April 2026, alongside a wider tax simplification package. The package also includes planned legislation to change the VAT Capital Goods Scheme, a consultation on VAT relief for donated goods, and a new flat fee for spirit drink verification from 1 July 2025 to 30 June 2031.",no_primary_function; models_disagree,,,,
7031,cma:publications#7031,Referral of the proposed network subsidy to Post Office Limited by the Department for Business and Trade,CMA,publications,https://www.gov.uk/cma-cases/referral-of-the-proposed-network-subsidy-to-post-office-limited-by-the-department-for-business-and-trade,2025-04-28,train,intelligence,MIXED,A11,high,P3,,"The CMA’s Subsidy Advice Unit published a report on 28 April 2025 advising the Department for Business and Trade on its proposed Network Subsidy to Post Office Limited. The report evaluates the government’s assessment of compliance with the Subsidy Control Act 2022 and invites any third-party submissions by the timetable in the publication. It is an advisory publication, not a rule or decision.",no_primary_function; models_disagree,,,,
7032,cma:publications#7032,Report on the proposed network subsidy to Post Office Limited by the Department for Business and Trade,CMA,publications,https://www.gov.uk/government/publications/report-on-the-proposed-network-subsidy-to-post-office-limited-by-the-department-for-business-and-trade,2025-04-28,train,intelligence,MIXED,A11,high,P3,,"The CMA’s Subsidy Advice Unit published a non-binding report on a proposed network subsidy from the Department for Business and Trade to Post Office Limited. It evaluates the subsidy against the Subsidy Control Act principles and highlights areas for improvement in the assessment, but it does not decide whether the subsidy may be given.",function_off_matrix; no_primary_function; models_disagree,,,,
7030,cma:publications#7030,The CMA's approach to the new consumer enforcement regime,CMA,publications,https://www.gov.uk/government/speeches/the-cmas-approach-to-the-new-consumer-enforcement-regime,2025-04-30,train,intelligence,MIXED,A11,high,P3,,"The CMA published an update explaining how it prioritises its work under its principles, including strategy alignment, impact, alternative bodies, resources and risk. It is general guidance on internal decision-making rather than a rule or sector-specific requirement, and it does not set a compliance deadline for firms.",no_primary_function; models_disagree,,,,
7028,cma:publications#7028,Iberdrola / NWEN merger inquiry,CMA,publications,https://www.gov.uk/cma-cases/iberdrola-slash-nwen-merger-inquiry,2025-05-01,train,intelligence,MIXED,A14,high,P1,Compliance; Legal; Ops,"The CMA has made an Initial Order in the Iberdrola/NWEN merger inquiry under the Enterprise Act 2002. It restricts integration and requires the businesses to remain separate, preserve assets, staff, IT and information flows, pending the CMA’s final determination. It applies from completion of the merger and continues during the specified period.",function_off_matrix; models_disagree,,,,
7024,cma:publications#7024,Report on the Subsidy to Kishorn Port Limited by Highlands and Islands Enterprise,CMA,publications,https://www.gov.uk/government/publications/report-on-the-subsidy-to-kishorn-port-limited-by-highlands-and-islands-enterprise,2025-05-09,train,intelligence,MIXED,A11,high,P3,,"CMA’s Subsidy Advice Unit published a non-binding report on Highlands and Islands Enterprise’s proposed subsidy to Kishorn Port Limited. It evaluates HIE’s assessment under the Subsidy Control Act 2022 and suggests improvements, but does not decide whether the subsidy may be granted. The report was published on 2025-05-09 and has no direct obligations for firms.",no_primary_function; models_disagree,,,,
6493,hmt:news#6493,Pension schemes back British growth,HMT,news,https://www.gov.uk/government/news/pension-schemes-back-british-growth,2025-05-13,train,intelligence,A11,A11,high,P3,,"HMT announces the Mansion House Accord, under which 17 workplace pension providers will voluntarily aim to invest 10% of workplace portfolios in productive assets by 2030, including 5% in the UK. The press release says this could unlock up to £50 billion for UK businesses and infrastructure and will be followed by measures in the Pensions Investment Review final report.",no_primary_function; models_disagree,,,,
7021,cma:publications#7021,CMA response to the Independent Water Commission's call for evidence,CMA,publications,https://www.gov.uk/government/publications/cma-response-to-the-independent-water-commissions-call-for-evidence,2025-05-14,train,intelligence,MIXED,A11,high,P3,,"The CMA published its response to the Independent Water Commission’s call for evidence, recommending reform of regulatory appeals and redeterminations, including moving appeals from redeterminations and potentially transferring appeal hearings to a judicial body. It is an intelligence/public consultation response from the CMA, not a binding rule or supervisory notice. No direct obligations are created for firms.",no_primary_function; models_disagree,,,,
7014,cma:publications#7014,Consumer protection in green heating and insulation sector,CMA,publications,https://www.gov.uk/cma-cases/consumer-protection-in-green-heating-and-insulation-sector,2025-05-27,train,intelligence,MIXED,A11,high,P3,,"The CMA has launched a call for information on consumer protection in the green heating and insulation sector, covering products such as heat pumps, solar, insulation, biomass boilers and hydrogen-ready boilers. It seeks evidence from consumers, businesses and stakeholders about consumer experiences, business practices and any barriers or harms. This is an information-gathering exercise, not a binding rule or enforcement action.",no_primary_function; models_disagree,,,,
6484,hmt:news#6484,"Pension plan to double £25 billion+ megafunds, boost investment and improve returns for savers",HMT,news,https://www.gov.uk/government/news/pension-plan-to-double-25-billion-megafunds-boost-investment-and-improve-returns-for-savers,2025-05-28,train,intelligence,A11,A11,high,P3,,"HMT issued a press release announcing planned pensions reforms to create larger DC megafunds, require LGPS pooling by March 2026, and enable new investment and transfer powers through the forthcoming Pension Schemes Bill. It also says local investment targets will be set for LGPS authorities and references a reserve power for binding asset allocation targets.",no_primary_function; models_disagree,,,,
7008,cma:publications#7008,Hunter Douglas N.V. / 247 Home Furnishings Ltd merger inquiry,CMA,publications,https://www.gov.uk/cma-cases/hunter-douglas-n-v-247-home-furnishings-ltd-merger-inquiry,2025-06-03,train,intelligence,MIXED,A14,high,P1,Ops; Financial crime,"The CMA has made an Initial Enforcement Order in the Hunter Douglas/247 Home Furnishings merger inquiry. It restricts integration and requires the two businesses to remain separate, preserve assets, staff, contracts, IT and confidential information, pending the CMA’s final determination. It applies to Hunter Douglas and Buismetaal during the specified period.",function_off_matrix; models_disagree,,,,
7010,cma:publications#7010,Barratt / Redrow merger inquiry,CMA,publications,https://www.gov.uk/cma-cases/barratt-slash-redrow-merger-inquiry,2025-06-03,train,intelligence,MIXED,A9,high,P3,Legal,"The CMA published a merger notice for Barratt’s anticipated acquisition of Redrow under the Enterprise Act 2002. It states the initial merger review period starts on 14 June 2024 and the CMA’s phase 2 referral decision deadline is 8 August 2024. This is a competition-law market notice, not a financial-services rule change.",function_off_matrix; models_disagree,,,,
7011,cma:publications#7011,Hitachi / Thales merger inquiry,CMA,publications,https://www.gov.uk/cma-cases/hitachi-slash-thales-merger-inquiry,2025-06-03,train,intelligence,MIXED,A11,high,P3,,CMA notice that Hitachi Rail’s merger notice for the anticipated acquisition of Thales SA’s Ground Transportation Systems Business meets the Enterprise Act filing requirements. It starts the initial merger review period and states the Phase 2 referral decision deadline as 9 December 2022.,function_off_matrix; no_primary_function; models_disagree,,,,
7006,cma:publications#7006,Cellnex / CK Hutchison UK towers merger inquiry,CMA,publications,https://www.gov.uk/cma-cases/cellnex-slash-ck-hutchison-uk-towers-merger-inquiry,2025-06-03,train,intelligence,MIXED,A14,high,P3,Ops; Legal,"The CMA has published a notice confirming that the merger notice for Cellnex UK Limited’s planned acquisition of CK Hutchison’s UK passive telecoms infrastructure assets satisfies the statutory requirements. It starts the CMA’s initial merger-review period on 18 May 2021, with the Phase 2 referral deadline set for 13 July 2021.",function_off_matrix; models_disagree,,,,
6478,hmt:news#6478,Biggest ever investment in city region local transport as Chancellor vows the 'Renewal of Britain',HMT,news,https://www.gov.uk/government/news/biggest-ever-investment-in-city-region-local-transport-as-chancellor-vows-the-renewal-of-britain,2025-06-04,train,intelligence,A11,A11,high,P3,,"HMT issued a press release announcing £15.6 billion of funding for local transport projects in England’s city regions, ahead of next week’s Spending Review and a Green Book review publication on 11 June 2025. It is an investment announcement, not a rule, consultation or supervisory notice. Banks may be indirectly interested as regional employers and infrastructure users, but no direct obligations are created.",no_primary_function; models_disagree,,,,
7002,cma:publications#7002,viagogo / StubHub merger inquiry,CMA,publications,https://www.gov.uk/cma-cases/viagogo-stubhub-merger-inquiry,2025-06-05,train,intelligence,MIXED,A14,high,P3,Legal; Ops,"The CMA has made an Initial Enforcement Order in the viagogo/StubHub merger inquiry under the Enterprise Act 2002. It restricts integration and other pre-emptive actions by viagogo, PUG and eBay while the CMA considers the merger, and requires the businesses to remain separate until the CMA gives written clearance or the inquiry is otherwise determined.",function_off_matrix; models_disagree,,,,
6999,cma:publications#6999,Report on the proposed subsidy to Great British Energy by the Department for Energy Security and Net Zero,CMA,publications,https://www.gov.uk/government/publications/report-on-the-proposed-subsidy-to-great-british-energy-by-the-department-for-energy-security-and-net-zero,2025-06-06,train,intelligence,MIXED,A11,high,P3,,"The CMA’s Subsidy Advice Unit published a non-binding report on DESNZ’s proposed subsidy to Great British Energy for operationalisation and early commercial activity. It comments on the subsidy control assessment under the Subsidy Control Act 2022 and suggests areas for improvement, but does not itself approve or require any action. No firm-specific deadlines or obligations are set out.",no_primary_function; models_disagree,,,,
6998,cma:publications#6998,Referral of the proposed subsidy to Great British Energy by the Department for Energy Security and Net Zero,CMA,publications,https://www.gov.uk/cma-cases/referral-of-the-proposed-subsidy-to-great-british-energy-by-the-department-for-energy-security-and-net-zero,2025-06-06,train,intelligence,MIXED,A11,high,P3,,"The CMA’s Subsidy Advice Unit published its report on DESNZ’s proposed subsidy to Great British Energy. It is an advisory publication about a subsidy-control assessment, with a request for third-party submissions already part of the process and no new obligations for firms.",no_primary_function; models_disagree,,,,
6996,cma:publications#6996,Merging your business,CMA,publications,https://www.gov.uk/guidance/merging-your-business,2025-06-09,train,intelligence,MIXED,A14,low,P3,Legal; Ops,"CMA guidance page explaining how businesses should engage in merger investigations, notify mergers, respond to information requests and propose remedies. It is aimed at firms considering or undergoing a CMA merger review, with no fixed deadline or new rule change stated.",function_off_matrix; low_confidence; models_disagree,,,,
6995,cma:publications#6995,Guidance for businesses,CMA,publications,https://www.gov.uk/guidance/guidance-for-businesses,2025-06-09,train,intelligence,MIXED,A11,high,P3,,"The CMA published a general guidance page for businesses covering mergers, selling goods and services, collaboration with other businesses, cartel leniency, and how to report issues or suspicious activity to the CMA. It is informational only and does not create new requirements or deadlines.",no_primary_function; models_disagree,,,,
6987,cma:publications#6987,Dynamic pricing: tips for businesses,CMA,publications,https://www.gov.uk/government/publications/dynamic-pricing-tips-for-businesses,2025-06-19,train,intelligence,MIXED,A11,high,P3,,"The CMA published guidance tips for businesses using dynamic pricing, explaining how firms can stay on the right side of the law and treat customers fairly. It is informational and reflects research from the CMA’s dynamic pricing project. No deadline or binding rule is set out.",function_off_matrix; no_primary_function; models_disagree,,,,
6463,hmt:news#6463,"Powering Britain's future: Electricity bills to be slashed for over 7,000 businesses in major industry shake-up",HMT,news,https://www.gov.uk/government/news/powering-britains-future-electricity-bills-to-be-slashed-for-over-7000-businesses-in-major-industry-shake-up,2025-06-21,train,intelligence,A11,A11,high,P3,,"HMT and other departments announced a ten-year Industrial Strategy to cut electricity costs, improve grid access and reduce regulatory burdens for businesses. It says a consultation will follow on eligibility for the new electricity support scheme, with some measures intended from 2026 and 2027 and a new connections service expected by end-2025. No direct obligations are created in this press release.",function_off_matrix; no_primary_function; models_disagree,,,,
6985,cma:publications#6985,Tell the CMA about a merger that might affect you,CMA,publications,https://www.gov.uk/guidance/tell-the-cma-about-a-merger-that-might-affect-you,2025-06-22,train,intelligence,MIXED,A11,high,P3,,"CMA guidance explains how customers, competitors and other parties can give views or information about a merger under CMA review, including invitations to comment and requests for information. It describes response expectations, confidentiality treatment and the CMA’s information-gathering powers. No new obligations are created for firms, but relevant businesses may be contacted during merger cases.",function_off_matrix; no_primary_function; models_disagree,,,,
6981,cma:publications#6981,Submit a case team request form for your merger,CMA,publications,https://www.gov.uk/government/publications/submit-a-case-team-request-form-for-your-merger,2025-06-24,train,intelligence,MIXED,A9,high,P3,Legal,The CMA has published a case team request form for businesses that want to notify an anticipated or completed merger. It is an administrative form to help the CMA allocate a merger investigation case team and does not itself change merger rules or deadlines.,function_off_matrix; models_disagree,,,,
6980,cma:publications#6980,Referral of the proposed Automotive Transformation Grants scheme by the Department for Business and Trade,CMA,publications,https://www.gov.uk/cma-cases/referral-of-the-proposed-automotive-transformation-grants-scheme-by-the-department-for-business-and-trade,2025-06-24,train,intelligence,MIXED,A11,high,P3,,The CMA’s Subsidy Advice Unit published its report on the Department for Business and Trade’s proposed Automotive Transformation Grants scheme. The report evaluates DBT’s assessment of the scheme under the Subsidy Control Act 2022 and notes third-party submissions could be provided for the report process. No direct obligations are created for regulated firms.,no_primary_function; models_disagree,,,,
6982,cma:publications#6982,CMA takes first steps to improve competition in search services in the UK,CMA,publications,https://www.gov.uk/government/news/cma-takes-first-steps-to-improve-competition-in-search-services-in-the-uk,2025-06-24,train,intelligence,MIXED,A11,high,P3,,"The CMA issued a press release proposing to designate Google with strategic market status in UK search and search advertising, and published a roadmap of possible future interventions such as choice screens, fair ranking, publisher controls and data portability. It invites views on the proposal before a final designation decision expected in October. The release is for awareness only and does not itself impose obligations on firms.",no_primary_function; models_disagree,,,,
6977,cma:publications#6977,Referral of the proposed Automotive Innovation Grants scheme by UK Research and Innovation,CMA,publications,https://www.gov.uk/cma-cases/referral-of-the-proposed-automotive-innovation-grants-scheme-by-uk-research-and-innovation,2025-06-25,train,intelligence,MIXED,A11,high,P3,,The CMA’s Subsidy Advice Unit published its final report on UKRI’s proposed Automotive Innovation Grants scheme under the Subsidy Control Act 2022. The report evaluates UKRI’s assessment of compliance and invites third-party comments on the scheme. Submissions were due by the timetable in the notice; no new binding requirements for firms are created.,no_primary_function; models_disagree,,,,
6460,hmt:news#6460,G7 reach agreement on global minimum tax,HMT,news,https://www.gov.uk/government/news/g7-reach-agreement-on-global-minimum-tax,2025-06-28,train,intelligence,A11,A11,high,P3,,"HM Treasury announced that G7 countries have reached an understanding on the future of global minimum tax rules under Pillar 2, and that this helped secure removal of proposed US retaliatory tax measure Section 899. It is a press release about ongoing international talks, not a new rule. The publication names no direct compliance deadline for firms.",function_off_matrix; no_primary_function; models_disagree,,,,
6459,hmt:news#6459,New targeted support regime to enable more people to make the most of their money,HMT,news,https://www.gov.uk/government/news/new-targeted-support-regime-to-enable-more-people-to-make-the-most-of-their-money,2025-06-30,train,intelligence,A11,A3,high,P2,Regulatory change; Product; Compliance; Legal,"The FCA has published draft rules for a new targeted support regime, alongside a consultation open until 2025-08-29. The government will also publish a policy note and draft statutory instrument on 2025-07-15 to propose legislative changes needed to implement the regime. It affects authorised firms that may provide support on pensions and investments.",function_off_matrix; class_disagrees_with_registry,,,,
6975,cma:publications#6975,Road fuel quarterly update report: June 2025,CMA,publications,https://www.gov.uk/government/publications/road-fuel-quarterly-update-report-june-2025,2025-06-30,train,intelligence,MIXED,A11,high,P3,,"CMA published its June 2025 quarterly update on the road fuel market. It reports latest UK pump prices, retail spreads and retailer margins, and notes progress toward a statutory Fuel Finder scheme and the CMA’s monitoring function. The publication is informational only and does not create new requirements for firms.",no_primary_function; models_disagree,,,,
6458,hmt:news#6458,'Innovator passports’ set to accelerate cutting-edge NHS care,HMT,news,https://www.gov.uk/government/news/innovator-passports-set-to-accelerate-cutting-edge-nhs-care,2025-07-01,train,intelligence,A11,A11,high,P3,,"HMT/DHSC published a press release announcing an NHS ‘innovator passport’ and MedTech Compass to speed rollout of proven medical technologies across the NHS over the next 2 years. It is aimed at reducing duplicate assessments and helping suppliers get innovations adopted more quickly, but it does not create regulatory obligations for financial services firms.",no_primary_function; models_disagree,,,,
6971,cma:publications#6971,Affordable housing set to benefit from £100 million following CMA probe,CMA,publications,https://www.gov.uk/government/news/affordable-housing-set-to-benefit-from-100-million-following-cma-probe,2025-07-09,train,intelligence,MIXED,A11,high,P3,,"CMA press release says seven housebuilders have offered commitments following a competition investigation, including a combined £100 million payment to affordable housing and limits on sharing sensitive information. The CMA will consult on the package until 24 July 2025 before deciding whether to accept it. If accepted, the commitments become legally binding.",function_off_matrix; no_primary_function; models_disagree,,,,
6967,cma:publications#6967,Referral of the proposed subsidy to Besson Street LLP by Lewisham London Borough Council,CMA,publications,https://www.gov.uk/cma-cases/referral-of-the-proposed-subsidy-to-besson-street-llp-by-lewisham-london-borough-council,2025-07-10,train,intelligence,MIXED,A11,high,P3,,"The CMA’s Subsidy Advice Unit published a report on Lewisham Council’s proposed subsidy to Besson Street LLP for affordable housing, as part of a closed SAU referral. Third parties could submit comments by the timetable date, and the SAU said it would evaluate the council’s assessment under the Subsidy Control Act 2022.",function_off_matrix; no_primary_function; models_disagree,,,,
6969,cma:publications#6969,Referral of the proposed subsidy to Drax Power Limited by the Department for Energy Security and Net Zero,CMA,publications,https://www.gov.uk/cma-cases/referral-of-the-proposed-subsidy-to-drax-power-limited-by-the-department-for-energy-security-and-net-zero,2025-07-10,train,intelligence,MIXED,A11,high,P3,,"The CMA’s Subsidy Advice Unit published its final report on DESNZ’s proposed subsidy for Drax Power Limited. It evaluates DESNZ’s assessment of compliance with the Subsidy Control Act 2022 and invites third-party submissions by the timetable in the report. The proposed support would run from 1 April 2027 to 31 March 2031, but no direct obligations are imposed on firms by this publication.",no_primary_function; models_disagree,,,,
6965,cma:publications#6965,Referral of the proposed Transformation and Network Investment subsidy to Post Office Limited by the Department for Business and Trade,CMA,publications,https://www.gov.uk/cma-cases/referral-of-the-proposed-transformation-and-network-investment-subsidy-to-post-office-limited-by-the-department-for-business-and-trade,2025-07-15,train,intelligence,MIXED,A11,high,P3,,"The CMA’s Subsidy Advice Unit published a final report advising the Department for Business and Trade on a proposed subsidy to Post Office Limited. It is an assessment of compliance under the Subsidy Control Act 2022, with third-party submissions already closed and the report published on 15 July 2025.",no_primary_function; models_disagree,,,,
6442,hmt:news#6442,UK tightens Oil Price Cap in blow to Putin's war machine,HMT,news,https://www.gov.uk/government/news/uk-tightens-oil-price-cap-in-blow-to-putins-war-machine,2025-07-17,train,intelligence,A11,A7,high,P1,Financial crime; Ops,"The UK and EU announced a lower crude oil price cap for Russian oil, reducing it from $60 to $47.60 per barrel. The new cap takes effect at 23:01 BST on 2025-09-02, with a 45-day wind-down for qualifying pre-existing trades ending at 23:01 BST on 2025-10-17. Firms involved in shipping, insurance or servicing Russian oil must apply the new cap and wind-down rules.",function_off_matrix; class_disagrees_with_registry; models_disagree,,,,
6963,cma:publications#6963,"CMA letter to Parliamentary Under-Secretary of State for Patient Safety, Women's Health and Mental Health",CMA,publications,https://www.gov.uk/government/publications/cma-letter-to-parliamentary-under-secretary-of-state-for-patient-safety-womens-health-and-mental-health,2025-07-18,train,intelligence,MIXED,A11,high,P3,,"The CMA wrote to the Minister updating its fertility-sector work and publishing its view that current fertility regulation should be reformed to better protect patients. It also said its programme on consumer protection and voluntary pricing is ending, though future enforcement remains possible if consumer law breaches emerge. The letter highlights issues with price transparency and treatment add-ons.",function_off_matrix; no_primary_function; models_disagree,,,,
6959,cma:publications#6959,CMA proposes action to drive more competition on mobile platforms,CMA,publications,https://www.gov.uk/government/news/cma-proposes-action-to-drive-more-competition-on-mobile-platforms,2025-07-23,train,intelligence,MIXED,A11,high,P3,,"The CMA has issued a press release proposing to designate Apple and Google with strategic market status in mobile platforms and setting out roadmaps for possible future interventions on app stores, interoperability, steering, and consumer choice. It invites views on the proposals; final designation decisions are due by 2025-10-22.",function_off_matrix; no_primary_function; models_disagree,,,,
6434,hmt:news#6434,Chancellor pledges to unlock growth in Cornwall,HMT,news,https://www.gov.uk/government/news/chancellor-pledges-to-unlock-growth-in-cornwall,2025-07-28,train,intelligence,A11,A11,high,P3,,"HMT issued a press release about the Chancellor’s visit to Cornwall, highlighting a £28.6 million National Wealth Fund investment in South Crofty tin mine and announcing proposed licensing deregulation for hospitality. It says a consultation on the licensing proposals will be launched later this year, but this publication itself is informational only.",no_primary_function; models_disagree,,,,
6958,cma:publications#6958,Kpler / Spire Global merger inquiry,CMA,publications,https://www.gov.uk/cma-cases/kpler-slash-spire-global-merger-inquiry,2025-07-29,train,intelligence,MIXED,A9,high,P1,Legal; Compliance; Ops,The CMA has issued an Initial Enforcement Order in relation to Kpler’s acquisition of Spire Global’s maritime data business. The order requires the parties to keep the target business separate and preserve its independent operation until the CMA’s merger review is completed. It applies from completion of the transaction and carries financial-penalty consequences for breach.,function_off_matrix; models_disagree,,,,
6433,hmt:news#6433,Penalty issued for breach of Russia Sanctions,HMT,news,https://www.gov.uk/government/news/penalty-issued-for-breach-of-russia-sanctions,2025-07-30,train,intelligence,A11,A6,high,P1,Financial crime; Legal; Compliance,"OFSI has imposed a £300,000 monetary penalty on Markom Management Limited for breaching Russia sanctions by facilitating a payment to a designated person. The release also reminds firms to maintain adequate sanctions controls and report suspected breaches promptly. It notes OFSI has launched a consultation on enforcement-process changes, but this press release itself is the penalty notice.",function_off_matrix; class_disagrees_with_registry,,,,
6955,cma:publications#6955,Personal information charter,CMA,publications,https://www.gov.uk/government/organisations/competition-and-markets-authority/about/personal-information-charter,2025-08-04,train,intelligence,MIXED,A11,high,P3,Privacy,"The CMA has published a personal information charter explaining how it handles data portability requests, identity checks, response times, fees, and complaint routes to the ICO. It applies to individuals making requests under data protection law and does not set new firm-wide regulatory obligations for the bank.",function_off_matrix; models_disagree,,,,
6954,cma:publications#6954,North Sea catering merger set for in-depth investigation,CMA,publications,https://www.gov.uk/government/news/north-sea-catering-merger-set-for-in-depth-investigation,2025-08-05,train,intelligence,MIXED,A11,high,P3,,"The CMA announced that Aramark’s completed purchase of Entier will move to a Phase 2 merger investigation after a Phase 1 review found potential competition concerns in offshore catering and facilities management in the UK North Sea. This is a news update on a merger case, not a rule or obligation. No action date is set in the publication.",no_primary_function; models_disagree,,,,
6951,cma:publications#6951,Funerals market: insight gathering,CMA,publications,https://www.gov.uk/government/consultations/funerals-market-insight-gathering,2025-08-07,train,intelligence,MIXED,A11,high,P3,,"The CMA published a summary of anonymous responses from its third annual insight-gathering exercise on the funerals sector. It reports perceived changes in costs, prices, service quality, consumer awareness and sector relationships, but does not impose new requirements. The document is informational only.",no_primary_function; models_disagree,,,,
6950,cma:publications#6950,Annual review of funerals sector 2025,CMA,publications,https://www.gov.uk/government/publications/annual-review-of-funerals-sector-2025,2025-08-07,train,intelligence,MIXED,A11,high,P3,,"The CMA published its third annual review of market outcomes in the funerals sector. It summarises how the sector has changed since the 2020 market investigation, including the impact of the existing funerals order and whether the CMA Board should consider a further market investigation reference. It is an informational review, not a new rule or enforcement action.",no_primary_function; models_disagree,,,,
6944,cma:publications#6944,Kingspan / Coverworld merger inquiry,CMA,publications,https://www.gov.uk/cma-cases/kingspan-slash-coverworld-merger-inquiry,2025-08-15,train,intelligence,MIXED,A9,high,P3,Legal; Board,The CMA has issued a merger notice acceptance for Kingspan’s anticipated acquisition of Coverworld under the Enterprise Act 2002. This starts the initial review period on 3 July 2025 and sets 1 September 2025 as the deadline for the CMA to decide whether to refer the deal for a phase 2 investigation.,function_off_matrix; models_disagree,,,,
6941,cma:publications#6941,"Referral of the proposed Welsh Investment Zones subsidy scheme by Ministry of Housing, Communities and Local Government",CMA,publications,https://www.gov.uk/cma-cases/referral-of-the-proposed-welsh-investment-zones-subsidy-scheme-by-ministry-of-housing-communities-and-local-government,2025-08-18,train,intelligence,MIXED,A11,high,P3,,"The CMA’s Subsidy Advice Unit published a report on MHCLG’s proposed Welsh Investment Zones subsidy scheme under the Subsidy Control Act 2022. The report evaluates MHCLG’s assessment of compliance and invites third-party submissions for the report process. The scheme is expected to come into effect from autumn 2025 and run to 2035, but this publication itself is not a rule or binding notice.",function_off_matrix; no_primary_function; models_disagree,,,,
6943,cma:publications#6943,"Referral of the proposed Scottish Investment Zones subsidy scheme by Ministry of Housing, Communities and Local Government",CMA,publications,https://www.gov.uk/cma-cases/referral-of-the-proposed-scottish-investment-zones-subsidy-scheme-by-ministry-of-housing-communities-and-local-government,2025-08-18,train,intelligence,MIXED,A11,high,P3,,The CMA’s Subsidy Advice Unit published its report on MHCLG’s proposed Scottish Investment Zones subsidy scheme. The report evaluates MHCLG’s assessment under the Subsidy Control Act 2022 and notes the scheme is expected to run from autumn 2025 to 2035. This is an informational publication and does not itself impose obligations on firms.,no_primary_function; models_disagree,,,,
6934,cma:publications#6934,Reviews and endorsements: principles for social media platforms,CMA,publications,https://www.gov.uk/government/publications/reviews-and-endorsements-principles-for-social-media-platforms,2025-08-28,train,intelligence,MIXED,A11,high,P3,,"The CMA published principles for social media platforms on how to comply with consumer protection law on reviews and endorsements, including preventing hidden advertising and fake reviews. It is guidance only and does not itself create new rules or deadlines.",function_off_matrix; no_primary_function; models_disagree,,,,
6935,cma:publications#6935,How the CMA gathers information to enforce consumer law,CMA,publications,https://www.gov.uk/government/publications/how-the-cma-gathers-information-to-enforce-consumer-law,2025-08-28,train,intelligence,MIXED,A11,high,P3,,"The CMA published a guidance page explaining how it gathers information when investigating suspected consumer law breaches, including before or after opening a case. It is aimed at businesses under investigation or people asked to provide information about them, with no new deadline or rule change.",function_off_matrix; no_primary_function; models_disagree,,,,
6938,cma:publications#6938,CMA’s response to DBT’s statutory review consultation on the Groceries Code Adjudicator 2025,CMA,publications,https://www.gov.uk/government/publications/cmas-response-to-dbts-statutory-review-consultation-on-the-groceries-code-adjudicator-2025,2025-08-28,train,intelligence,MIXED,A11,high,P3,Compliance; Product,The CMA published its response to DBT’s statutory review consultation on the Groceries Code Adjudicator. It says the GCA still has sufficient powers and has been effective in enforcing the Groceries Code. This is an awareness item for grocery retailers and suppliers; it does not itself change rules or impose deadlines.,function_off_matrix; models_disagree,,,,
6937,cma:publications#6937,How the CMA uses its direct consumer enforcement powers,CMA,publications,https://www.gov.uk/government/publications/how-the-cma-uses-its-direct-consumer-enforcement-powers,2025-08-28,train,intelligence,MIXED,A11,high,P3,,"The CMA published a guidance summary explaining how it uses its direct consumer enforcement powers to investigate suspected consumer law breaches, gather information, decide cases, and handle settlements or undertakings. It is informational only and points readers to the full guidance CMA200. No new obligations or deadlines are set out in this publication.",no_primary_function; models_disagree,,,,
6932,cma:publications#6932,Safran / Collins merger inquiry,CMA,publications,https://www.gov.uk/cma-cases/safran-slash-collins-merger-inquiry,2025-09-02,train,intelligence,MIXED,A9,high,P3,Legal,The CMA has published a merger notice confirming that the initial period for its review of Safran’s proposed acquisition of part of Collins Aerospace’s actuation and flight control business starts on 19 February 2025. The CMA’s deadline to decide whether to refer the merger for a phase 2 investigation is 16 April 2025.,function_off_matrix; models_disagree,,,,
6930,cma:publications#6930,Social media endorsements: guidance for content creators,CMA,publications,https://www.gov.uk/government/publications/social-media-endorsements-guidance-for-content-creators,2025-09-03,train,intelligence,MIXED,A11,high,P3,,"The CMA published guidance for content creators and influencers on how to label gifted, discounted and promotional social media content so it is clear when posts are ads or otherwise commercially connected. It explains the guidance applies where creators receive free or discounted products, payment or commission, and even when posting about their own brand. No deadline or new mandatory rule is stated in the publication itself.",no_primary_function; models_disagree,,,,
6422,hmt:news#6422,Budget to address economy that’s “not working well enough for working people”,HMT,news,https://www.gov.uk/government/news/budget-to-address-economy-thats-not-working-well-enough-for-working-people,2025-09-04,train,intelligence,A11,A11,high,P3,,"HM Treasury announced that the UK Budget will be on 26 November 2025 and launched a Budget representation portal for comments on existing policy. The portal closes at 23:59 on 15 October 2025. This is an informational government press release, not a rule or requirement.",function_off_matrix; no_primary_function; models_disagree,,,,
6928,cma:publications#6928,Rubix UK/Eriks UK merger inquiry,CMA,publications,https://www.gov.uk/cma-cases/rubix-uk-slash-eriks-uk-merger-inquiry,2025-09-08,train,intelligence,MIXED,A11,high,P3,,"The CMA is inviting comments on the Rubix UK/Eriks UK merger inquiry by 25 July 2025. This is a market intelligence call for interested parties, not a binding rule or enforcement action. It also includes a privacy notice about how the CMA will process personal data.",function_off_matrix; no_primary_function; models_disagree,,,,
6924,cma:publications#6924,Investment and competition over the business lifecycle,CMA,publications,https://www.gov.uk/government/publications/investment-and-competition-over-the-business-lifecycle,2025-09-10,train,intelligence,MIXED,A11,high,P3,,"The CMA published a research report on how competition affects investment across the business lifecycle, including start-ups, scale-ups, innovation, trade, private equity, IPOs and mergers. It is an intelligence publication and does not create rules or obligations. The CMA says it will continue stakeholder engagement through 2025 and expects a further report in early 2026.",no_primary_function; models_disagree,,,,
6419,hmt:news#6419,Covid repayment window opens,HMT,news,https://www.gov.uk/government/news/covid-repayment-window-opens,2025-09-11,train,intelligence,A11,A11,high,P3,,"HMT announced a voluntary repayment window for Covid-era scheme money, open until December 2025, for individuals and businesses to repay money they were not entitled to or did not need. It says tougher sanctions and additional investigatory powers may follow next year, and has launched a website for reporting suspected Covid fraud.",function_off_matrix; no_primary_function; models_disagree,,,,
6920,cma:publications#6920,CMA response to the Cabinet Office's public procurement consultation,CMA,publications,https://www.gov.uk/government/publications/cma-response-to-the-cabinet-offices-public-procurement-consultation,2025-09-22,train,intelligence,MIXED,A11,high,P3,,"The CMA published its response to the Cabinet Office’s public procurement consultation. It is an advocacy and commentary document explaining how procurement can support growth, competition and anti-collusion objectives, and encouraging market-shaping and better data collection. It does not create rules or obligations for firms.",no_primary_function; models_disagree,,,,
6915,cma:publications#6915,Road fuel quarterly update report: September 2025,CMA,publications,https://www.gov.uk/government/publications/road-fuel-quarterly-update-report-september-2025,2025-09-26,train,intelligence,MIXED,A11,high,P3,,"The CMA published its September 2025 quarterly road fuel monitoring update. It reports on fuel prices, retail spreads and margins, and notes the government’s Fuel Finder plans and the CMA’s monitoring role under the DMCC Act. No new obligations are created for firms in this publication.",no_primary_function; models_disagree,,,,
6911,cma:publications#6911,How best to make a competition or consumer law complaint and what happens next,CMA,publications,https://www.gov.uk/guidance/how-best-to-make-a-competition-or-consumer-law-complaint-and-what-happens-next,2025-10-07,train,intelligence,MIXED,A11,high,P3,,"The CMA published guidance explaining how to make a competition or consumer law complaint, what evidence to include, and what happens next. It also explains the CMA’s acknowledgement and update process, including a possible 6-week contact point if the complaint may be investigated. No new legal obligations are created.",no_primary_function; models_disagree,,,,
6904,cma:publications#6904,Major reforms would require vet businesses to make fundamental changes to the way they support pet owners,CMA,publications,https://www.gov.uk/government/news/major-reforms-would-require-vet-businesses-to-make-fundamental-changes-to-the-way-they-support-pet-owners,2025-10-14,train,intelligence,MIXED,A11,high,P3,,"The CMA has published a provisional market-investigation decision on veterinary services, proposing 21 remedies to improve price transparency, prescriptions, treatment quotes, cremation pricing and pet care plans. It also recommends government reform of veterinary regulation. The final decision is due by March 2026, and any binding CMA Order could bring some measures into force before end-2026, with extra time for small vet businesses.",no_primary_function; models_disagree,,,,
6901,cma:publications#6901,Review of merger remedies approach,CMA,publications,https://www.gov.uk/government/calls-for-evidence/review-of-merger-remedies-approach,2025-10-16,train,intelligence,MIXED,A11,high,P3,,"This is a law firm response to the CMA’s call for evidence on merger remedies. It comments on the CMA’s current approach and suggests changes to its guidance, but it does not itself change any rules or create obligations. It is relevant mainly as market intelligence for teams monitoring competition-law developments.",no_primary_function; models_disagree,,,,
6900,cma:publications#6900,Report on DESNZ’s proposed Contracts for Difference for Renewables Allocation Round 7 scheme,CMA,publications,https://www.gov.uk/cma-cases/referral-of-the-proposed-contracts-for-difference-allocation-round-7-scheme-by-the-department-for-energy-security-and-net-zero,2025-10-16,train,intelligence,MIXED,A11,high,P3,,"The CMA’s Subsidy Advice Unit published its final report on DESNZ’s proposed Contracts for Difference Allocation Round 7 scheme. It evaluates DESNZ’s assessment of compliance with the Subsidy Control Act 2022 and describes changes to AR7, including contract length, eligibility and budget process. This is an advisory publication, not a rule or enforcement notice.",no_primary_function; models_disagree,,,,
6896,cma:publications#6896,CMA response to DBT call for evidence on the opt-out collective actions regime,CMA,publications,https://www.gov.uk/government/publications/cma-response-to-dbt-call-for-evidence-on-the-opt-out-collective-actions-regime,2025-10-21,train,intelligence,MIXED,A11,high,P3,,"The CMA published its response to the DBT call for evidence on the opt-out collective actions regime. It argues that private and public competition enforcement both matter, and discusses case-management stays and possible protection for businesses that cooperate with the CMA’s leniency policy. This is an advisory response only; it does not itself change rules or obligations.",no_primary_function; models_disagree,,,,
6889,cma:publications#6889,Cartels: come forward and apply for leniency,CMA,publications,https://www.gov.uk/guidance/cartels-come-forward-and-apply-for-leniency,2025-10-28,train,intelligence,MIXED,A11,high,P3,,"The CMA published guidance on its leniency programme for cartel participants. It explains who can apply, what cooperation is required, and the possible protections from fines, disqualification, criminal prosecution and public contract exclusion. It also notes Scotland-specific treatment and points readers to further guidance and a helpline.",function_off_matrix; no_primary_function; models_disagree,,,,
6887,cma:publications#6887,CMA’s mergers intelligence function,CMA,publications,https://www.gov.uk/government/publications/cmas-mergers-intelligence-function-cma56,2025-10-28,train,intelligence,MIXED,A11,high,P3,,"The CMA published guidance on how its mergers intelligence function works, including how it gathers merger intelligence, decides whether to investigate, and how it treats publicity and timing for completed mergers. It also notes the new digital markets regime and that SMS firms have separate merger reporting duties, but those duties are covered in other guidance.",function_off_matrix; no_primary_function; models_disagree,,,,
6885,cma:publications#6885,Study into proposed regulatory changes to bovine electronic identification in the United Kingdom,CMA,publications,https://www.gov.uk/cma-cases/study-into-proposed-regulatory-changes-to-bovine-electronic-identification-in-the-united-kingdom,2025-10-29,train,intelligence,MIXED,A11,high,P3,,"The CMA’s Office for the Internal Market published the final report from its study of proposed regulatory changes to bovine electronic identification in the UK. It is an informational market study, not a rule, consultation, or enforcement notice. No action date or compliance deadline is set for firms.",no_primary_function; models_disagree,,,,
6883,cma:publications#6883,Accent Wire / DR Baling Wire merger inquiry,CMA,publications,https://www.gov.uk/cma-cases/accent-wire-slash-dr-baling-wire-merger-inquiry,2025-10-30,train,intelligence,MIXED,A9,high,P3,Ops,"The CMA published a merger notice for the anticipated acquisition of DR Baling Wire Holdings Limited by Accent Wire Limited. It starts the CMA’s initial merger review period on 17 September 2025 and sets a decision deadline of 11 November 2025. This is a market/operational notice, not a financial-services rule change.",models_disagree,,,,
6876,cma:publications#6876,Referral of the proposed subsidy to TBG Open Door Homes Ltd by the London Borough of Barnet,CMA,publications,https://www.gov.uk/cma-cases/referral-of-the-proposed-subsidy-to-tbg-open-door-homes-ltd-by-the-london-borough-of-barnet,2025-11-05,train,intelligence,MIXED,A11,high,P3,,The CMA’s Subsidy Advice Unit published a final report on Barnet Council’s proposed subsidy to TBG Open Door Homes Ltd for affordable housing. It evaluates the council’s assessment under the Subsidy Control Act 2022 and invites third-party submissions as part of the reporting process. No direct compliance obligation is created for banks.,function_off_matrix; no_primary_function; models_disagree,,,,
6390,hmt:news#6390,Major banks give helping hand to people experiencing homelessness as new Financial Inclusion Strategy launches,HMT,news,https://www.gov.uk/government/news/major-banks-give-helping-hand-to-people-experiencing-homelessness-as-new-financial-inclusion-strategy-launches,2025-11-05,train,intelligence,A11,A11,high,P3,,"HMT has launched a Financial Inclusion Strategy and announced a pilot with Shelter and five major UK banks to help people without a fixed address open bank accounts. The strategy also covers credit repair for domestic abuse survivors, payroll savings schemes, financial education in schools, and banking hubs. It is a press release with no direct new requirements for firms.",function_off_matrix; no_primary_function; models_disagree,,,,
6389,hmt:news#6389,New IRA and suspected terror facilitator sanctioned,HMT,news,https://www.gov.uk/government/news/new-ira-and-suspected-terror-facilitator-sanctioned,2025-11-06,train,intelligence,A11,A7,high,P1,Financial crime; Ops; Legal,"HMT has designated the New IRA and Kieran Gallagher under the Counter-Terrorism (Sanctions) (EU Exit) Regulations 2019 from 6 November 2025. The measures impose an asset freeze, prohibit making funds or economic resources available, and add director disqualification sanctions for Gallagher. UK persons and firms must comply immediately.",function_off_matrix; class_disagrees_with_registry,,,,
6874,cma:publications#6874,CMA proposes to accept remedies in supermarket supplier deal,CMA,publications,https://www.gov.uk/government/news/cma-proposes-to-accept-remedies-in-supermarket-supplier-deal,2025-11-07,train,intelligence,MIXED,A11,high,P3,,"The CMA issued a press release saying it proposes to accept remedies in Greencore’s planned acquisition of Bakkavor after a Phase 1 competition review. The parties have offered to divest Greencore’s chilled sauces and soups plant in Bristol, and the CMA will consult further on the remedies package and purchaser in due course.",function_off_matrix; no_primary_function; models_disagree,,,,
6873,cma:publications#6873,S&P Global / ORBCOMM AIS merger inquiry,CMA,publications,https://www.gov.uk/cma-cases/s-and-p-global-slash-orbcomm-ais-merger-inquiry,2025-11-11,train,intelligence,MIXED,A14,medium,P3,Legal; Compliance,"The CMA has published notice that S&P Global Market Intelligence’s merger notice for its anticipated acquisition of Orbcomm AIS meets the Enterprise Act requirements. The CMA’s initial review period started on 1 October 2025, and the deadline to decide whether to refer the merger to phase 2 is 25 November 2025.",function_off_matrix; models_disagree,,,,
6870,cma:publications#6870,CMA launches major consumer protection drive focused on online pricing practices,CMA,publications,https://www.gov.uk/government/news/cma-launches-major-consumer-protection-drive-focused-on-online-pricing-practices,2025-11-18,train,intelligence,MIXED,A11,high,P3,,"The CMA announced a consumer-protection campaign on online pricing, opening investigations into eight businesses, sending advisory letters to 100 firms, and publishing guidance on price transparency under the DMCCA. It is a press release about enforcement and guidance, not the underlying rule or notice. Businesses named or operating in the affected sectors should review pricing, fees, time-limited offers and opt-in practices now.",function_off_matrix; no_primary_function; models_disagree,,,,
6869,cma:publications#6869,Getting consent for additional charges when selling online,CMA,publications,https://www.gov.uk/government/publications/getting-consent-for-additional-charges-when-selling-online,2025-11-18,train,intelligence,MIXED,A11,high,P3,,"The CMA published guidance for businesses that sell goods and services online, explaining that customers must give express consent before being charged for optional extras such as insurance or faster delivery. It also points to separate pricing transparency guidance and a pricing check tool. No new deadline or rule change is stated.",function_off_matrix; no_primary_function; models_disagree,,,,
6865,cma:publications#6865,Referral of the proposed Heat Pump Investment Accelerator Competition subsidy scheme – Round 2 by the Department for Energy Security and Net Zero (DESNZ),CMA,publications,https://www.gov.uk/cma-cases/referral-of-the-proposed-heat-pump-investment-accelerator-competition-subsidy-scheme-round-2-by-the-department-for-energy-security-and-net-zero-desnz,2025-11-19,train,intelligence,MIXED,A11,high,P3,,The CMA’s Subsidy Advice Unit published its report on DESNZ’s proposed Heat Pump Investment Accelerator Competition subsidy scheme. The report evaluates DESNZ’s assessment under the Subsidy Control Act 2022 and invites any third-party comments in line with the timetable. This is informational rather than a rule or obligation for firms.,no_primary_function; models_disagree,,,,
6866,cma:publications#6866,Report on the proposed Heat Pump Investment Accelerator Competition subsidy scheme – Round 2,CMA,publications,https://www.gov.uk/government/publications/report-on-the-proposed-heat-pump-investment-accelerator-competition-subsidy-scheme-round-2,2025-11-19,train,intelligence,MIXED,A11,high,P3,,"CMA Subsidy Advice Unit published non-binding advice on DESNZ’s proposed Heat Pump Investment Accelerator Competition Round 2 subsidy scheme. It comments on the scheme assessment and suggests improvements, but does not create rules or obligations. The report is relevant mainly to public subsidy control policy rather than bank compliance, and no action date is set.",function_off_matrix; no_primary_function; models_disagree,,,,
6862,cma:publications#6862,SMFLH / MRL merger inquiry,CMA,publications,https://www.gov.uk/cma-cases/smflh-slash-mrl-merger-inquiry,2025-11-21,train,intelligence,MIXED,A9,high,P3,Ops; Legal,The CMA published a revocation order lifting an initial enforcement order made in connection with SMFL LCI Helicopters’ acquisition of Macquarie Rotorcraft. The order applies to the parties named and revokes the earlier hold-separate order; it is effective from 15 May 2025. This is a merger-control case notice rather than a general rule change.,function_off_matrix; models_disagree,,,,
6377,hmt:news#6377,Soft drinks levy extended to protect children and improve health,HMT,news,https://www.gov.uk/government/news/soft-drink-levy-extended-to-protect-children-and-improve-health,2025-11-25,train,intelligence,A11,A2,high,P1,Regulatory change; Product; Legal; Compliance,"HM Treasury/HMRC has issued the final policy response extending the Soft Drinks Industry Levy to more high-sugar drinks, including certain pre-packaged milk-based and milk-alternative drinks. The sugar threshold is lowered from 5g to 4.5g per 100ml, and manufacturers/importers have until 1 January 2028 to reduce sugar or face the charge. This is a final policy change with an implementation date.",class_disagrees_with_registry,,,,
6375,hmt:news#6375,Reeves tackles cost-of-living and backs Welsh industry at Budget,HMT,news,https://www.gov.uk/government/news/reeves-tackles-cost-of-living-and-backs-welsh-industry-at-budget,2025-11-26,train,intelligence,A11,A11,high,P3,,"HMT issued a press release on the 2025 Budget highlighting cost-of-living measures, tax reform, Welsh public spending and major investment commitments. It is informational only and does not create or change compliance obligations for firms. The publication mentions changes such as minimum wage increases and fuel duty freeze, but as a press release it is not the operative rule or notice.",no_primary_function; models_disagree,,,,
6376,hmt:news#6376,Budget 2025 fact sheet: Tax support for businesses,HMT,news,https://www.gov.uk/government/news/budget-2025-fact-sheet-tax-support-for-businesses,2025-11-26,train,intelligence,A11,A11,high,P3,,"HM Treasury published a Budget fact sheet setting out business tax support measures, including business rates relief, fuel duty changes, investment allowances, EV support, and a UK listing relief from April 2026. It is an informational news item aimed at businesses and investors, with signposts to GOV.UK for eligibility and further details.",no_primary_function; models_disagree,,,,
6859,cma:publications#6859,Small and medium-sized enterprise (SME) banking undertakings,CMA,publications,https://www.gov.uk/government/publications/small-and-medium-sized-enterprise-sme-banking-undertakings,2025-12-01,train,intelligence,MIXED,A14,high,P3,Legal,"CMA undertakings set out binding conditions for named UK clearing banks on SME banking services, including account definitions and obligations around switching, credit history and business loan information. The document reflects ongoing commitments under the Fair Trading Act framework for SMEs rather than a new consultation or rule. No new date-driven action is stated in the excerpt.",function_off_matrix; models_disagree,,,,
6364,hmt:news#6364,Chancellor announces increase to the National Living Wage and National Minimum Wage,HMT,news,https://www.gov.uk/government/news/chancellor-announces-increase-to-the-national-living-wage-and-national-minimum-wage,2025-12-03,train,intelligence,A11,A11,high,P3,,"HMT announced the government will increase the National Living Wage and National Minimum Wage from 1 April 2026. The release gives the proposed new hourly rates for adult, youth and apprentice workers and notes a full impact assessment will follow in early 2026.",no_primary_function; models_disagree,,,,
6361,hmt:news#6361,Rogue insiders and dirty money targeted in corruption crackdown,HMT,news,https://www.gov.uk/government/news/rogue-insiders-and-dirty-money-targeted-in-corruption-crackdown,2025-12-08,train,intelligence,A11,A11,high,P3,,"HMT and the Home Office published a news story on the government’s anti-corruption strategy 2025. It announces planned measures including stronger vetting, expanded enforcement, AML supervisory reform, sanctions use and a review of beneficial ownership. No direct firm obligations or implementation dates are set out in the news story itself.",function_off_matrix; no_primary_function; models_disagree,,,,
6354,hmt:news#6354,New crypto rules to unlock growth and protect customers,HMT,news,https://www.gov.uk/government/news/new-crypto-rules-to-unlock-growth-and-protect-customers,2025-12-15,train,intelligence,A11,A11,high,P3,,"HMT announced plans for a new UK cryptoassets regulatory regime, with FCA regulation and similar consumer-protection rules to other financial products. The news says the rules are expected to come into force from 2027, but this is a government announcement rather than the rule text itself.",no_primary_function; models_disagree,,,,
6848,cma:publications#6848,Greencore / Bakkavor merger inquiry,CMA,publications,https://www.gov.uk/cma-cases/greencore-slash-bakkavor-merger-inquiry,2025-12-18,train,intelligence,MIXED,A11,high,P3,,The CMA published a notice saying it has enough information to start the initial period in its merger investigation into Greencore Group plc’s anticipated acquisition of Bakkavor Group plc. It says the initial period started on 2 September 2025 and the CMA’s phase 2 referral decision deadline is 27 October 2025.,function_off_matrix; no_primary_function; models_disagree,,,,
6844,cma:publications#6844,Referral of the proposed modified Network Charging Compensation Scheme by the Department for Business and Trade,CMA,publications,https://www.gov.uk/cma-cases/referral-of-the-proposed-modified-network-charging-compensation-scheme-by-the-department-of-business-and-trade,2025-12-19,train,intelligence,MIXED,A11,high,P3,,"The CMA’s Subsidy Advice Unit published its report on DBT’s proposed modification to the Network Charging Compensation Scheme, evaluating DBT’s assessment under the Subsidy Control Act 2022. Third parties could submit comments by the timetable deadline, and the report notes the proposed uplift of NCC relief from 60% to 90% from 1 April 2026.",no_primary_function; models_disagree,,,,
6841,cma:publications#6841,Road fuel annual monitoring report: December 2025,CMA,publications,https://www.gov.uk/government/publications/road-fuel-annual-monitoring-report-december-2025,2025-12-22,train,intelligence,MIXED,A11,high,P3,Compliance,"CMA’s annual road fuel monitoring report says competition in UK road fuel remains weak and operating margins have not fallen. It explains progress on Fuel Finder, which the government expects motorists to start benefiting from during 2026, and notes the CMA’s monitoring role backed by information-gathering powers. This is an intelligence update rather than a new rule or notice.",function_off_matrix; models_disagree,,,,
6840,cma:publications#6840,"Fuel margins remain “persistently high” and this is not explained by operating costs, CMA finds",CMA,publications,https://www.gov.uk/government/news/fuel-margins-remain-persistently-high-and-this-is-not-explained-by-operating-costs-cma-finds,2025-12-22,train,intelligence,MIXED,A11,high,P3,,"The CMA published a press release and analysis on road fuel margins, saying they remain high and are not explained by operating costs. It also notes the upcoming fuel finder scheme and says the CMA has issued enforcement guidance for the new fuel finder regulations, with a support-first approach to enforcement until at least May 2026.",function_off_matrix; no_primary_function; models_disagree,,,,
6347,hmt:news#6347,What are the changes to agricultural property relief?,HMT,news,https://www.gov.uk/government/news/what-are-the-changes-to-agricultural-property-relief,2025-12-23,train,intelligence,A11,A11,high,P3,,"HMT published a news story explaining changes to agricultural property relief and business property relief for inheritance tax from 6 April 2026. It says the 100% relief will be limited to the first £2.5 million of combined qualifying assets, with 50% relief above that, and describes examples and spousal transfer treatment. This is informational and does not itself create obligations.",no_primary_function; models_disagree,,,,
6348,hmt:news#6348,Inheritance tax reliefs threshold to rise to £2.5m for farmers and businesses,HMT,news,https://www.gov.uk/government/news/inheritance-tax-reliefs-threshold-to-rise-to-25m-for-farmers-and-businesses,2025-12-23,train,intelligence,A11,A11,high,P3,,"HM Treasury and DEFRA announced a press release saying the Agricultural Property Relief and Business Property Relief threshold will rise from £1m to £2.5m from April 2026, to be delivered through an amendment to the Finance Bill 2025. It is a tax-policy announcement for farmers and business owners, not a rule or notice for regulated firms.",function_off_matrix; no_primary_function; models_disagree,,,,
6346,hmt:news#6346,Business investment boosted with new tax relief taking effect today,HMT,news,https://www.gov.uk/government/news/business-investment-boosted-with-new-tax-relief-taking-effect-today,2026-01-01,train,intelligence,A11,A11,high,P3,,"HM Treasury announced that a new permanent 40% first-year capital allowance for main-rate plant and machinery takes effect on 1 January 2026. The measure extends upfront tax relief to assets bought for leasing and to unincorporated businesses, while the main rate writing-down allowance will reduce from 18% to 14% from April 2026.",no_primary_function; models_disagree,,,,
7360,ico:govuk_publications#7360,Memorandum of Understanding (MOU) between the Information Commissioner’s Office and HM Government,ICO,govuk_publications,https://www.gov.uk/government/publications/memorandum-of-understanding-mou-between-the-information-commissioners-office-and-hm-government,2026-01-08,train,intelligence,MIXED,A11,high,P3,Privacy,"The ICO and HM Government have published a non-binding memorandum of understanding setting out how they will work together on data protection, privacy, security and breach handling. It commits government to regular information-sharing, annual assurance statements and improved internal processes, but does not create enforceable obligations for firms. No action is directly required of banks.",function_off_matrix; models_disagree,,,,
6834,cma:publications#6834,CMA launches review of its approach to merger efficiencies,CMA,publications,https://www.gov.uk/government/news/cma-launches-review-of-its-approach-to-merger-efficiencies,2026-01-15,train,intelligence,MIXED,A11,high,P3,,"The CMA has launched a call for evidence on how it assesses merger efficiencies, including the evidence it requires and how it engages with merging businesses. It is seeking stakeholder views now, with proposals for consultation in spring and possible implementation by summer 2026. This is a competition-policy review, not a financial-services regulatory rule change.",function_off_matrix; no_primary_function; models_disagree,,,,
6832,cma:publications#6832,Beacon / Eversholt merger inquiry,CMA,publications,https://www.gov.uk/cma-cases/beacon-slash-eversholt-merger-inquiry,2026-01-16,train,intelligence,MIXED,A14,high,P3,Legal; Ops,The CMA has published a merger notice for Beacon Rail Lux’s anticipated acquisition of Eversholt UK Rails Limited and stated that the phase 1 initial period began on 2 December 2025. The CMA’s deadline to decide whether to refer the merger for a phase 2 investigation is 30 January 2026.,models_disagree,,,,
6829,cma:publications#6829,Retail banking market investigation,CMA,publications,https://www.gov.uk/cma-cases/review-of-banking-for-small-and-medium-sized-businesses-smes-in-the-uk,2026-01-20,train,intelligence,MIXED,A11,high,P3,,"CMA publishes an updates page on the retail banking market investigation and open banking remedy. It includes letters, decisions and status updates on roadmap items such as variable recurring payments, sweeping and trustee appointments. The page is informational and points to past and current correspondence rather than creating new requirements.",function_off_matrix; no_primary_function; models_disagree,,,,
6826,cma:publications#6826,Collaborating with other higher education providers,CMA,publications,https://www.gov.uk/government/publications/collaborating-with-other-higher-education-providers,2026-01-22,train,intelligence,MIXED,A11,high,P3,,"The CMA published guidance for senior managers at higher education providers on how to collaborate with other providers while complying with competition law. It covers informal collaboration, contractual partnerships, mergers, and working with non-HE providers. No new obligations or deadlines are created.",function_off_matrix; no_primary_function; models_disagree,,,,
6823,cma:publications#6823,Informal guidance on the Landscape Enterprise Networks scheme,CMA,publications,https://www.gov.uk/government/publications/informal-guidance-on-the-landscape-enterprise-networks-scheme,2026-01-23,train,intelligence,MIXED,A11,high,P3,,"The CMA published informal guidance on how its Green Agreements Guidance applies to 3Keel’s Landscape Enterprise Networks (LENs) 2.0 scheme. It explains the CMA’s enforcement expectations for the scheme and is effective from the date of issue, subject to the stated conditions. This is guidance only and does not itself create new legal requirements.",function_off_matrix; no_primary_function; models_disagree,,,,
6335,hmt:news#6335,Pubs and Live Music Venues Relief,HMT,news,https://www.gov.uk/government/news/pubs-and-live-music-venues-relief,2026-01-27,train,intelligence,A11,A11,high,P3,,"HMT announced that in 2026-27 pubs and live music venues will receive a 15% business rates relief, with rates then frozen in real terms for 2027-28 and 2028-29. The note explains eligibility criteria for pubs and live music venues and gives worked examples. It is an informational news story rather than a binding rule or consultation.",function_off_matrix; no_primary_function; models_disagree,,,,
6819,cma:publications#6819,SAU Report on the proposed UK SHORE subsidy scheme by Innovate UK,CMA,publications,https://www.gov.uk/government/publications/sau-report-on-the-proposed-uk-shore-subsidy-scheme-by-innovate-uk,2026-01-30,train,intelligence,MIXED,A11,high,P3,,"The CMA’s Subsidy Advice Unit published a non-binding report on Innovate UK’s proposed UK SHORE subsidy scheme, assessing the scheme’s design against subsidy control principles. It is advice to Innovate UK, not a rule, supervision notice, or enforcement action. The scheme would fund maritime decarbonisation R&D, but this publication itself creates no obligations for banks.",no_primary_function; models_disagree,,,,
6813,cma:publications#6813,Referral of the proposed London Social and Affordable Homes Programme 2026-36 by the Greater London Authority,CMA,publications,https://www.gov.uk/cma-cases/referral-of-the-proposed-london-social-and-affordable-homes-programme-2026-36-by-the-greater-london-authority,2026-02-03,train,intelligence,MIXED,A11,high,P3,,"The CMA’s Subsidy Advice Unit published a report on the Greater London Authority’s proposed London Social and Affordable Homes Programme 2026-36. It evaluates the scheme’s compliance assessment under the Subsidy Control Act 2022 and describes the scheme’s scope, budget and bidding timetable. This is an advisory/publication notice, not a rule or enforcement action.",no_primary_function; models_disagree,,,,
6812,cma:publications#6812,Report on the proposed London Social and Affordable Homes Programme 2026-36 by the Greater London Authority,CMA,publications,https://www.gov.uk/government/publications/report-on-the-proposed-london-social-and-affordable-homes-programme-2026-36-by-the-greater-london-authority,2026-02-03,train,intelligence,MIXED,A11,high,P3,,"The CMA Subsidy Advice Unit issued a non-binding report on the Greater London Authority’s proposed London Social and Affordable Homes Programme 2026-36. It reviews the GLA’s subsidy control assessment, highlights areas for improvement, and discusses how the scheme should be finalised. No direct obligations are created for firms.",no_primary_function; models_disagree,,,,
6333,hmt:news#6333,"New Green Book to ensure that investment in all parts of the UK given a ""fair hearing""",HMT,news,https://www.gov.uk/government/news/new-green-book-to-ensure-that-investment-in-all-parts-of-the-uk-given-a-fair-hearing,2026-02-05,train,intelligence,A11,A11,high,P3,,HM Treasury issued a press release announcing a revised Green Book for public spending decisions. The guidance says investment appraisals should take a broader view of regional impacts and not rely only on single metrics such as benefit-cost ratios. It affects government capital spending assessment and is intended to support fairer investment decisions across the UK.,no_primary_function; models_disagree,,,,
6331,hmt:news#6331,Government publishes Budget Information Security Review,HMT,news,https://www.gov.uk/government/news/government-publishes-budget-information-security-review,2026-02-09,train,intelligence,A11,A11,high,P3,Board; Operational resilience; InfoSec; Legal,"HMT published a review on protecting Budget information security ahead of Budget 2026. It sets out recommended controls such as mandatory IT protections, a new market-sensitive label, reduced access lists, and publishing the March 2026 EFO via GOV.UK. The changes are to be implemented in full, but this is a press release/review rather than a binding rule.",function_off_matrix; models_disagree,,,,
6811,cma:publications#6811,CMA secures commitments from Apple and Google to improve fairness in app store processes and enhance iOS interoperability,CMA,publications,https://www.gov.uk/government/news/cma-secures-commitments-from-apple-and-google-to-improve-fairness-in-app-store-processes-and-enhance-ios-interoperability,2026-02-10,train,intelligence,MIXED,A11,high,P3,,"CMA press release seeking views on proposed commitments from Apple and Google to improve app store review, ranking, data use and iOS interoperability. Views are invited by 3 March 2026, and the CMA says the commitments would take effect from 1 April 2026 if adopted.",function_off_matrix; no_primary_function; models_disagree,,,,
6810,cma:publications#6810,CMA fines Euro Car Parks £473k for failure to comply with legal information notice,CMA,publications,https://www.gov.uk/government/news/cma-fines-euro-car-parks-473k-for-failure-to-comply-with-legal-information-notice,2026-02-13,train,intelligence,MIXED,A11,high,P3,,"The CMA issued a press release saying it fined Euro Car Parks £473,000 for failing to comply with a legal information notice. It says this is the first use of the CMA’s new fining powers under the DMCCA 2024 and that no consumer enforcement case is currently open against the firm.",function_off_matrix; no_primary_function; models_disagree,,,,
6807,cma:publications#6807,Referral of the proposed subsidy for capitalisation of the National Housing Bank by Homes England,CMA,publications,https://www.gov.uk/cma-cases/referral-of-the-proposed-subsidy-for-capitalisation-of-the-national-housing-bank-by-homes-england,2026-02-19,train,intelligence,MIXED,A11,high,P3,,"The CMA’s Subsidy Advice Unit published a final report on Homes England’s proposed subsidy to capitalise the National Housing Bank. It evaluates Homes England’s assessment under the Subsidy Control Act 2022 and invites no further regulatory action from firms, though third parties could submit comments during the reporting process. The report was published on 19 February 2026.",no_primary_function; models_disagree,,,,
6804,cma:publications#6804,Referral of the proposed subsidy to 2020 Developments (Luton) Limited by Homes England,CMA,publications,https://www.gov.uk/cma-cases/referral-of-the-proposed-subsidy-to-2020-developments-luton-limited-by-homes-england,2026-02-25,train,intelligence,MIXED,A11,high,P3,,The CMA’s Subsidy Advice Unit published a report on Homes England’s proposed £29.5 million subsidy to 2020 Developments (Luton) Limited for the Power Court redevelopment. The report evaluates Homes England’s assessment under the Subsidy Control Act 2022. Third parties could make submissions within the timetable stated in the report; the subsidy is a Subsidy of Particular Interest.,function_off_matrix; no_primary_function; models_disagree,,,,
6799,cma:publications#6799,"Referral of the proposed Great British Energy Multi-Year Capitalisation Scheme by the Department for Energy, Security and Net Zero",CMA,publications,https://www.gov.uk/cma-cases/referral-of-the-proposed-great-british-energy-multi-year-capitalisation-scheme-by-the-department-for-energy-security-and-net-zero,2026-03-04,train,intelligence,MIXED,A11,high,P3,,The CMA’s Subsidy Advice Unit published a final report on DESNZ’s proposed Great British Energy Multi-Year Capitalisation Scheme. The report evaluates DESNZ’s assessment of the scheme under the Subsidy Control Act 2022. It concerns a proposed £5.3 billion subsidy scheme running from 2026/27 to 2029/30 and invites third-party comments as part of the process.,function_off_matrix; no_primary_function; models_disagree,,,,
6792,cma:publications#6792,Using AI agents: complying with consumer law,CMA,publications,https://www.gov.uk/government/publications/complying-with-consumer-law-when-using-ai-agents,2026-03-09,train,intelligence,MIXED,A11,high,P3,,The CMA published guidance on using agentic AI while complying with consumer protection law. It says businesses remain responsible if an AI agent acts illegally and should train agents properly. No specific deadline or new binding requirement is stated.,function_off_matrix; no_primary_function; models_disagree,,,,
6789,cma:publications#6789,Final decision on disputed price controls for 5 water companies,CMA,publications,https://www.gov.uk/government/news/final-decision-on-disputed-price-controls-for-5-water-companies,2026-03-10,train,intelligence,MIXED,A11,high,P3,,"CMA press release announcing the final decision in the redetermination of price controls for five water companies. It confirms limited extra revenue and bill increases for those firms, with some funding tied to outputs and performance. This is a market/public announcement about an external sector decision, not a new regulatory obligation for FS firms.",no_primary_function; models_disagree,,,,
6784,cma:publications#6784,CMA steps up monitoring of petrol and diesel prices,CMA,publications,https://www.gov.uk/government/news/cma-steps-up-monitoring-of-petrol-and-diesel-prices,2026-03-12,train,intelligence,MIXED,A11,high,P3,,"The CMA says it will step up monitoring of petrol and diesel prices and publish an update on pricing as soon as possible. It is also bringing forward formal data requests from firms running fuel stations, to review fuel margins and possible ‘rocket and feather’ pricing. The notice is aimed at fuel retailers and station operators, not financial firms.",function_off_matrix; no_primary_function; models_disagree,,,,
6320,hmt:news#6320,Over £50 million to help families struggling with soaring heating oil costs,HMT,news,https://www.gov.uk/government/news/over-50-million-to-help-families-struggling-with-soaring-heating-oil-costs,2026-03-16,train,intelligence,A11,A11,high,P3,,"HMT announced over £50 million of targeted support for low-income households facing high heating oil costs, with allocations across the UK and local authority delivery in England from 1 April. The statement also says government intends to explore stronger consumer protections and possible future regulation of the heating oil market, but no new binding rules are set out here.",no_primary_function; models_disagree,,,,
6781,cma:publications#6781,CRH / Gibson merger inquiry,CMA,publications,https://www.gov.uk/cma-cases/crh-slash-gibson-merger-inquiry,2026-03-18,train,intelligence,MIXED,A11,high,P3,,The CMA published a notice confirming that the merger notice for CRH’s anticipated acquisition of Gibson meets statutory requirements. This starts the initial merger review period on 6 February 2026 and sets the CMA’s phase 2 referral deadline at 7 April 2026.,no_primary_function; models_disagree,,,,
6778,cma:publications#6778,Referral of the proposed network subsidy to Post Office Limited for 2026 to 2029 by the Department for Business and Trade,CMA,publications,https://www.gov.uk/cma-cases/referral-of-the-proposed-network-subsidy-to-post-office-limited-for-2026-to-2029-by-the-department-for-business-and-trade,2026-03-19,train,intelligence,MIXED,A9,high,P3,Ops,"The CMA’s Subsidy Advice Unit published its final report on the Department for Business and Trade’s proposed 2026–2029 subsidy for Post Office Limited. It evaluates the subsidy’s compliance with the Subsidy Control Act 2022 and invites third-party submissions on competition issues. This is an awareness notice for the subsidy case, with no direct obligations on firms.",function_off_matrix; models_disagree,,,,
6305,hmt:news#6305,Government to Improve Support for Affordable Debt Repayments,HMT,news,https://www.gov.uk/government/news/government-to-improve-support-for-affordable-debt-repayments,2026-03-20,train,intelligence,A11,A11,high,P3,,"HM Treasury published a press release announcing the 2026–2030 Government Debt Management Strategy. It says government departments will use data and earlier engagement to prevent avoidable debt, improve repayment plans, and support people who can afford to repay, while taking a tougher approach to fraud and deliberate non-payment. No direct obligations are created for financial firms.",no_primary_function; models_disagree,,,,
6777,cma:publications#6777,"Referral of the proposed 'Retail, hospitality and leisure business rates multipliers and pubs and live music venues relief' subsidy scheme by HM Treasury",CMA,publications,https://www.gov.uk/cma-cases/referral-of-the-proposed-retail-hospitality-and-leisure-business-rates-multipliers-and-and-pubs-and-live-music-venues-relief-subsidy-scheme-by-hm-treasury,2026-03-20,train,intelligence,MIXED,A11,high,P3,,"The CMA’s Subsidy Advice Unit published its final report on HM Treasury’s proposed retail, hospitality and leisure business rates multipliers and pubs and live music venues relief scheme. It is advice on subsidy control compliance, not a new rule or obligation. The scheme is described as starting from 1 April 2026, but this publication itself creates no direct requirements for firms.",function_off_matrix; no_primary_function; models_disagree,,,,
6774,cma:publications#6774,CMA draft Annual Plan 2026 to 2027,CMA,publications,https://www.gov.uk/government/consultations/cma-draft-annual-plan-2026-to-2027,2026-03-23,train,intelligence,MIXED,A11,high,P3,Board,The CMA has published its 2026 to 2027 Annual Plan after a consultation on the draft has closed. It sets out the authority’s priorities and how it will work under its 2026 to 2029 Strategy. No direct obligations for regulated firms are created by this publication.,models_disagree,,,,
6770,cma:publications#6770,Report on the proposed Electric Car Grant subsidy scheme by the Office for Zero Emission Vehicles,CMA,publications,https://www.gov.uk/government/publications/report-on-the-proposed-electric-car-grant-subsidy-scheme-by-the-office-for-zero-emission-vehicles,2026-03-24,train,intelligence,MIXED,A11,high,P3,,"The CMA’s Subsidy Advice Unit published a non-binding report on the proposed Electric Car Grant subsidy scheme referred by OZEV. It evaluates OZEV’s assessment against the Subsidy Control Act 2022 and guidance, and highlights areas for improvement, but does not decide whether the scheme should proceed.",no_primary_function; models_disagree,,,,
6772,cma:publications#6772,CMA concludes market investigation with major reforms to veterinary sector,CMA,publications,https://www.gov.uk/government/news/cma-concludes-market-investigation-with-major-reforms-to-veterinary-sector,2026-03-24,train,intelligence,MIXED,A11,high,P3,,"The CMA says it has concluded a market investigation into the veterinary sector and set out a timetable for remedies due to come into effect from September 2026 through September 2028. The publication lists planned reforms for vets and the RCVS, including written policies, complaint handling, mediation, estimates, itemised bills, prescription-related measures and publication of complaint insights.",no_primary_function; models_disagree,,,,
6769,cma:publications#6769,Report on the Zero Emission Truck Grant (ZETG) and Zero Emission Van Grant (ZEVG) Scheme,CMA,publications,https://www.gov.uk/government/publications/report-on-the-zero-emission-truck-grant-zetg-and-zero-emission-van-grant-zevg-scheme,2026-03-24,train,intelligence,MIXED,A11,high,P3,,"The CMA’s Subsidy Advice Unit published a non-binding report evaluating OZEV’s Zero Emission Truck Grant and Zero Emission Van Grant subsidy scheme under the Subsidy Control Act 2022. It identifies areas where OZEV should strengthen its assessment of market failure, beneficiary identification, evidence, counterfactual analysis, subsidy design, competition impacts and balancing exercise. This is advisory only and does not itself change rules or create obligations.",no_primary_function; models_disagree,,,,
6771,cma:publications#6771,Referral of the proposed Electric Car Grant subsidy scheme by the Office for Zero Emission Vehicles,CMA,publications,https://www.gov.uk/cma-cases/referral-of-the-proposed-electric-car-grant-subsidy-scheme-by-the-office-for-zero-emission-vehicles,2026-03-24,train,intelligence,MIXED,A11,high,P3,,"The CMA’s Subsidy Advice Unit published its report on OZEV’s proposed Electric Car Grant subsidy scheme. The report evaluates OZEV’s assessment under the Subsidy Control Act 2022 and invites third-party submissions for the report process. It is an intelligence/publication item about a government subsidy scheme, not a binding financial-services rule.",no_primary_function; models_disagree,,,,
6766,cma:publications#6766,OIM Annual Report 2025 to 2026,CMA,publications,https://www.gov.uk/government/publications/oim-annual-report-2025-to-2026,2026-03-25,train,intelligence,MIXED,A11,high,P3,,"The CMA’s Office for the Internal Market published its 2025 to 2026 annual report on the UK internal market and updated its regulatory developments dashboard. It is an informational publication that reviews intra-UK trade and regulatory developments, and notes it fulfils a statutory reporting duty under the UK Internal Market Act 2020. No action date or new requirement is set out for firms.",function_off_matrix; no_primary_function; models_disagree,,,,
6764,cma:publications#6764,Referral of the proposed subsidy to Belfast City Council by the Department for the Economy,CMA,publications,https://www.gov.uk/cma-cases/referral-of-the-proposed-subsidy-to-belfast-city-council-by-the-department-for-the-economy,2026-03-25,train,intelligence,MIXED,A11,high,P3,,The CMA’s Subsidy Advice Unit published a report on a proposed subsidy from the Department for the Economy to Belfast City Council for the Belfast Stories Project. It evaluates DfE’s assessment under the Subsidy Control Act 2022 and invites third-party submissions within the timetable set out in the report. This is informational and does not itself create obligations for firms.,no_primary_function; models_disagree,,,,
6760,cma:publications#6760,Dignity: consumer protection enforcement case,CMA,publications,https://www.gov.uk/cma-cases/dignity-consumer-protection-enforcement-case,2026-03-27,train,intelligence,MIXED,A11,high,P3,,"The CMA published a press release saying it has opened an investigation into Dignity Group Holdings Limited over possible unfair commercial practices linked to consumer reviews about crematoria services. It is an early-stage consumer enforcement case under the DMCC Act, with evidence gathering through September 2026 and no finding yet made.",function_off_matrix; no_primary_function; models_disagree,,,,
6756,cma:publications#6756,Online consumer reviews,CMA,publications,https://www.gov.uk/cma-cases/online-consumer-reviews,2026-03-27,train,intelligence,MIXED,A11,high,P3,,"The CMA published an update on its work on online consumer reviews, including open consumer enforcement cases against five businesses and the results of website compliance reviews. It says businesses should have clear policies and measures to prevent fake and misleading reviews and asks firms that receive letters to respond on any changes made.",function_off_matrix; no_primary_function; models_disagree,,,,
6762,cma:publications#6762,Fake and misleading reviews: 5 businesses under CMA investigation,CMA,publications,https://www.gov.uk/government/news/fake-and-misleading-reviews-5-businesses-under-cma-investigation,2026-03-27,train,intelligence,MIXED,A11,high,P3,,"CMA press release says it has opened five consumer-law investigations into businesses over fake or misleading online reviews and star ratings. It explains the types of practices under review, notes that some review practices became banned under the DMCC Act in April 2025, and says the cases could lead to findings of unlawful conduct and fines. No conclusions have been reached.",function_off_matrix; no_primary_function; models_disagree,,,,
6753,cma:publications#6753,CMA announces package of actions on business software and cloud services,CMA,publications,https://www.gov.uk/government/news/cma-announces-package-of-actions-on-business-software-and-cloud-services,2026-03-31,train,intelligence,MIXED,A11,high,P3,,"The CMA issued a press release announcing a planned strategic market status investigation into Microsoft’s business software ecosystem and noting ongoing engagement with Microsoft and Amazon on cloud egress fees and interoperability. It says further steps may follow and that progress will be reviewed in 6 months. This is a market update, not a rule or enforcement notice.",function_off_matrix; no_primary_function; models_disagree,,,,
6754,cma:publications#6754,Suspected anti-competitive conduct in relation to fragrances and fragrance ingredients (51257),CMA,publications,https://www.gov.uk/cma-cases/suspected-anti-competitive-conduct-in-relation-to-fragrances-and-fragrance-ingredients-51257,2026-03-31,train,intelligence,MIXED,A11,high,P3,,"The CMA published an update on its ongoing investigation into suspected anti-competitive conduct in the fragrances and fragrance ingredients market. It confirms the case remains open, names the businesses under investigation, and notes a closure decision for one party on administrative priority grounds. No compliance deadline or new obligation is created by this publication.",function_off_matrix; no_primary_function; models_disagree,,,,
6298,hmt:news#6298,Britain’s innovators backed with around £100m of new investment,HMT,news,https://www.gov.uk/government/news/britains-innovators-backed-with-around-100m-of-new-investment,2026-04-07,train,intelligence,A11,A11,high,P3,,"HM Treasury announces a news package from 6 April 2026 expanding EMI, EIS and VCT tax incentives, introducing UK Listing Relief, and outlining British Business Bank support for scale-ups. It is an information release about policy already brought into force, with no direct action for firms stated in the notice.",no_primary_function; models_disagree,,,,
6745,cma:publications#6745,Referral of the proposed Post Office Transformation Subsidy Scheme by the Department for Business and Trade,CMA,publications,https://www.gov.uk/cma-cases/referral-of-the-proposed-post-office-transformation-subsidy-scheme-by-the-department-for-business-and-trade,2026-04-13,train,intelligence,MIXED,A11,high,P3,,The CMA’s Subsidy Advice Unit published a report advising the Department for Business and Trade on the proposed Post Office Transformation Subsidy Scheme. It evaluates DBT’s assessment of compliance with the Subsidy Control Act 2022 and invites third-party submissions. The scheme covers FY2026/27 to FY2028/29 and funds Post Office transformation and technology changes.,no_primary_function; models_disagree,,,,
6744,cma:publications#6744,CMA orders the AA and BSM driving schools to refund learner drivers over drip pricing,CMA,publications,https://www.gov.uk/government/news/cma-orders-the-aa-and-bsm-driving-schools-to-refund-learner-drivers-over-drip-pricing,2026-04-15,train,intelligence,MIXED,A11,high,P3,,"CMA publication presenting research on the prevalence and impact of online drip pricing across sectors, including consumer harm estimates and case studies. It is an analytical report and does not create new requirements or deadlines for firms.",no_primary_function; models_disagree,,,,
6741,cma:publications#6741,AkzoNobel / Axalta merger inquiry,CMA,publications,https://www.gov.uk/cma-cases/akzonobel-slash-axalta-merger-inquiry,2026-04-16,train,intelligence,MIXED,A9,high,P3,Legal,The CMA has published a merger notice confirming that the initial review period for the anticipated Akzo Nobel/Axalta merger starts on 17 September 2026. The CMA’s deadline to decide whether to refer the merger to a phase 2 investigation is 11 November 2026.,function_off_matrix; models_disagree,,,,
6740,cma:publications#6740,Our governance,CMA,publications,https://www.gov.uk/government/organisations/competition-and-markets-authority/about/our-governance,2026-04-16,train,intelligence,MIXED,A11,high,P3,,"The CMA published an overview of its governance arrangements, including the board’s responsibilities, panel structure, committees, authorisations, and standing counsel panel. It describes internal decision-making and appointments rather than new rules or obligations for regulated firms.",function_off_matrix; no_primary_function; models_disagree,,,,
6295,hmt:news#6295,"Government cuts electricity bill for 10,000 manufacturers in boost for UK competitiveness",HMT,news,https://www.gov.uk/government/news/government-cuts-electricity-bill-for-10000-manufacturers-in-boost-for-uk-competitiveness,2026-04-16,train,intelligence,A11,A11,high,P3,,"HMT announced a press release saying the British Industrial Competitiveness Scheme will cut electricity bills for over 10,000 manufacturers from April 2027, with backdated support and expanded eligibility. It also says a new consultation on regulatory changes and scheme delivery has been linked. The announcement is for energy-intensive manufacturers, not banks.",no_primary_function; models_disagree,,,,
6738,cma:publications#6738,Daily Mail and General Trust plc / Telegraph Media Group merger inquiry,CMA,publications,https://www.gov.uk/cma-cases/daily-mail-and-general-trust-plc-slash-telegraph-media-group-merger-inquiry,2026-04-21,train,intelligence,MIXED,A14,high,P2,Legal; Compliance,The Secretary of State is minded to issue a Public Interest Intervention Notice to the CMA on DMGT’s proposed acquisition of Telegraph Media Group. The letter says the deal may create a relevant merger situation and raises public-interest concerns about plurality in UK news media. It is not a final decision and no compliance deadline is set.,function_off_matrix; models_disagree,,,,
6292,hmt:news#6292,Chancellor rallies retail banks behind her economic plan,HMT,news,https://www.gov.uk/government/news/chancellor-rallies-retail-banks-behind-her-economic-plan,2026-04-22,train,intelligence,A11,A11,high,P3,,"HMT issued a press release on the Chancellor’s meeting with retail banks and wider growth strategy messages. It also mentions Treasury’s response to SM&CR reforms and related FCA/PRA policy statements, but this publication itself is only a news release and creates no new obligations.",function_off_matrix; no_primary_function; models_disagree,,,,
6725,cma:publications#6725,CMA advice to Defra on reform of the Veterinary Surgeons Act 1966,CMA,publications,https://www.gov.uk/government/publications/cma-advice-to-defra-on-reform-of-the-veterinary-surgeons-act-1966,2026-05-06,train,intelligence,MIXED,A11,high,P3,,"The CMA gives advice to Defra on reform of the Veterinary Surgeons Act 1966 and related veterinary regulation. It discusses competition, consumer protection, monitoring, enforcement and redress for veterinary services, but it is advice rather than a rule, consultation or enforcement notice. No direct obligations are created for firms in this publication.",no_primary_function; models_disagree,,,,
6722,cma:publications#6722,"Referral of the proposed Mayoral Revolving Growth Fund Subsidy Scheme by the Ministry of Housing, Communities and Local Government",CMA,publications,https://www.gov.uk/cma-cases/referral-of-the-proposed-mayoral-revolving-growth-subsidy-scheme-by-the-ministry-of-housing-communities-and-local-government,2026-05-07,train,intelligence,MIXED,A11,high,P3,,"The CMA’s Subsidy Advice Unit published its report on MHCLG’s proposed Mayoral Revolving Growth Fund subsidy scheme. It evaluates MHCLG’s assessment of compliance with the Subsidy Control Act 2022 and invites third-party submissions on the report process. The scheme is described as coming into effect in 2026 and running to 2056, but this publication itself is an advisory report, not a rule or requirement.",function_off_matrix; no_primary_function; models_disagree,,,,
6724,cma:publications#6724,Report on the proposed subsidy to Center Parcs Scotland Limited by South of Scotland Enterprise,CMA,publications,https://www.gov.uk/government/publications/report-on-the-proposed-subsidy-to-center-parcs-scotland-limited-by-south-of-scotland-enterprise,2026-05-07,train,intelligence,MIXED,A11,high,P3,,The CMA’s Subsidy Advice Unit published a non-binding report on a proposed subsidy from South of Scotland Enterprise to Center Parcs Scotland Limited for a holiday village project. It assesses SoSE’s subsidy-control analysis and suggests areas for improvement before SoSE finalises its assessment. The report is advisory only and does not decide whether the subsidy can be given.,no_primary_function; models_disagree,,,,
6720,cma:publications#6720,Referral of the proposed Bus Network Support Grant subsidy scheme by West Midlands Combined Authority,CMA,publications,https://www.gov.uk/cma-cases/referral-of-the-proposed-bus-network-support-grant-subsidy-scheme-by-west-midlands-combined-authority,2026-05-11,train,intelligence,MIXED,A11,high,P3,,The CMA’s Subsidy Advice Unit published a final report on West Midlands Combined Authority’s proposed Bus Network Support Grant subsidy scheme. It assesses the authority’s compliance with the Subsidy Control Act 2022 and describes the scheme’s proposed eligibility and data/reporting conditions for bus operators. This is informational only and does not itself create obligations for banks.,no_primary_function; models_disagree,,,,
6287,hmt:news#6287,Government reviews access to face to face banking services,HMT,news,https://www.gov.uk/government/news/government-reviews-access-to-face-to-face-banking-services,2026-05-14,train,intelligence,A11,A11,high,P3,,"HMT announces an independent Access to Banking Review, led by Richard Lloyd, to examine the impact of branch closures and identify where further action may be needed to protect face-to-face banking. The government says findings may inform new legislation and broader powers, with a report due by October 2026. It also notes planned credit union common bond reforms in the Bill.",function_off_matrix; no_primary_function; models_disagree,,,,
6282,hmt:news#6282,Banking reforms to boost investment by billions for British businesses,HMT,news,https://www.gov.uk/government/news/banking-reforms-to-boost-investment-by-billions-for-british-businesses,2026-05-18,train,intelligence,A11,A11,high,P3,,"HMT has announced proposed reforms to the bank ring-fencing regime, including a new Growth Allowance and wider product range to support lending to UK businesses. The changes will be delivered through forthcoming legislation and later rules, with a consultation to follow on detail and ongoing review of thresholds and reporting requirements.",function_off_matrix; no_primary_function; models_disagree,,,,
6714,cma:publications#6714,Competition Act 1998 cases in the sectors regulated by UKCN members,CMA,publications,https://www.gov.uk/government/publications/competition-act-1998-cases-in-the-sectors-regulated-by-ukcn-members,2026-05-19,train,intelligence,MIXED,A11,high,P3,,"The CMA has published a guidance page listing public Competition Act 1998 cases handled by UKCN regulators in regulated sectors since 2014. It is an informational register of cases, not a new rule, consultation or enforcement notice affecting firms directly.",function_off_matrix; no_primary_function; models_disagree,,,,
6280,hmt:news#6280,Fairer taxes for high-value homes,HMT,news,https://www.gov.uk/government/news/fairer-taxes-for-high-value-homes,2026-05-19,train,intelligence,A11,A3,high,P2,Regulatory change; Legal; Product,"HM Treasury has launched an eight-week consultation on the design of a new High Value Council Tax Surcharge for residential properties in England worth £2 million and above. It covers valuation, billing, appeals, deferral and enforcement, and says the charge is expected to start from April 2028. Taxpayers, local government, tax experts, legal professionals and the property industry are invited to respond.",function_off_matrix; class_disagrees_with_registry,,,,
6279,hmt:news#6279,Chancellor commits to new anti-profiteering powers and fights back on rising bills,HMT,news,https://www.gov.uk/government/news/chancellor-commits-to-new-anti-profiteering-powers-and-fights-back-on-rising-bills,2026-05-20,train,intelligence,A11,A11,high,P3,,"HMT issued a press release saying it will bring forward new powers for the CMA and other regulators to tackle unfair price rises during crises, including possible naming and shaming and targeted enforcement powers. It is an announcement of intended future action, not a rule, consultation, or binding requirement.",no_primary_function; models_disagree,,,,
6712,cma:publications#6712,Referral of the Department for Energy Security and Net Zero’s Proposed Subsidy to ITM Power UK Ltd,CMA,publications,https://www.gov.uk/cma-cases/referral-of-the-department-for-energy-security-and-net-zeros-proposed-subsidy-to-itm-power-uk-ltd,2026-05-20,train,intelligence,MIXED,A11,high,P3,,"The CMA’s Subsidy Advice Unit published a report on DESNZ’s proposed subsidy to ITM Power UK Ltd. It evaluates DESNZ’s assessment under the Subsidy Control Act 2022 and invites third-party submissions as part of the process. This is a case-specific report on a proposed subsidy, not a rule, guidance or enforcement action.",no_primary_function; models_disagree,,,,
6276,hmt:news#6276,Boost for Britain’s financial services and greater protections for consumers as new legislation is introduced,HMT,news,https://www.gov.uk/government/news/boost-for-britains-financial-services-and-greater-protections-for-consumers-as-new-legislation-is-introduced,2026-05-20,train,intelligence,A11,A11,high,P3,,"HM Treasury issued a press release on a new Financial Services and Markets Bill introduced to Parliament. The Bill aims to simplify regulation, transfer Payment Systems Regulator responsibilities to the FCA, reduce the SMCR burden, modernise consumer redress, expand credit unions, protect access to face-to-face banking, and update ring-fencing rules. No immediate compliance date is stated.",function_off_matrix; no_primary_function; models_disagree,,,,
6708,cma:publications#6708,CMA proposes to accept remedies in care home deal,CMA,publications,https://www.gov.uk/government/news/cma-proposes-to-accept-remedies-in-care-home-deal,2026-05-21,train,intelligence,MIXED,A11,high,P3,,"CMA press release says it is proposing to accept remedies for Welltower’s purchase of more than 600 UK care homes after finding competition concerns in 30 local areas. The remedies would involve selling some properties and reassigning operations at certain homes, with consultation on the package to follow.",function_off_matrix; no_primary_function; models_disagree,,,,
6273,hmt:news#6273,Great British Summer Savings 2026: Family activities VAT relief fact sheet,HMT,news,https://www.gov.uk/government/news/great-british-summer-savings-2026-family-activities-vat-relief-fact-sheet,2026-05-21,train,intelligence,A11,A11,high,P3,,"HM Treasury announced a temporary summer 2026 VAT reduction from 20% to 5% for eligible children’s meals and family leisure activities, plus free bus travel for children aged 5–15 in England in August. It applies from 25 June to 1 September 2026 across the UK for specified admissions and meals. Businesses are expected to pass the saving through to customers, but this is a news/fact-sheet announcement rather than a rulemaking text.",no_primary_function; models_disagree,,,,
6267,hmt:news#6267,Millions to benefit from lower travel and food costs,HMT,news,https://www.gov.uk/government/news/millions-to-benefit-from-lower-travel-and-food-costs,2026-05-27,train,intelligence,A11,A11,high,P3,,"HM Treasury says it has launched a consultation on suspending tariffs on 125 everyday essentials, and is also seeking views on possible tariff suspensions for some fertilisers. The story also announces changes to mileage rates, fuel duty and other cost-of-living measures, with some relief backdated to April 2026 and a road tax holiday for hauliers from 1 July.",no_primary_function; models_disagree,,,,
6706,cma:publications#6706,Trader recommendation platforms: complying with consumer law,CMA,publications,https://www.gov.uk/government/publications/trader-recommendation-platforms-complying-with-consumer-law,2026-05-28,train,intelligence,MIXED,A11,high,P3,Compliance,"The CMA has published compliance advice for trader recommendation platforms on how to comply with consumer law. It sets out six principles covering representations, vetting, complaints, monitoring, investigations and sanctions, and consumer reviews. It is guidance only, aimed at TRPs operating on websites, apps, social media, ads and brochures, with no new legal deadline.",function_off_matrix; models_disagree,,,,
6707,cma:publications#6707,Court endorses CMA action as Emma Sleep agrees to change sales practices,CMA,publications,https://www.gov.uk/government/news/court-endorses-cma-action-as-emma-sleep-agrees-to-change-sales-practices,2026-05-28,train,intelligence,MIXED,A11,high,P3,,"CMA press release says Emma Sleep agreed court-endorsed, legally binding undertakings to stop misleading urgency and discount practices and to strengthen compliance controls. The company must monitor compliance, report to the CMA and act quickly on breaches. The remaining reference-pricing issue will go to trial in early June 2026.",function_off_matrix; no_primary_function; models_disagree,,,,
6705,cma:publications#6705,Hays / Polka Dot and Hays / Millington merger inquiries,CMA,publications,https://www.gov.uk/cma-cases/hays-slash-polka-dot-and-hays-slash-millington-merger-inquiries,2026-05-29,train,intelligence,MIXED,A14,high,P1,Ops; Legal,"The CMA has made an initial enforcement order under the Enterprise Act 2002 in relation to the Hays/Polka Dot Travel merger inquiry. Hays and Polka Dot Travel must keep the businesses separate and avoid pre-emptive action while the CMA considers the merger, starting from 2025-12-16. The order applies to Hays and PDT.",function_off_matrix; models_disagree,,,,
6701,cma:publications#6701,CMA secures fairer deal for publishers and improves Google search services in UK,CMA,publications,https://www.gov.uk/government/news/cma-secures-fairer-deal-for-publishers-and-improves-google-search-services-in-uk,2026-06-03,train,intelligence,MIXED,A11,high,P3,,"CMA press release announcing a new conduct requirement for Google search under the UK digital markets regime. It says publishers can opt out of certain AI uses of their content, Google must improve attribution and submit compliance reports, and the CMA may take further action as the changes roll out. Google has nine months to implement all changes, with some controls expected sooner.",no_primary_function; models_disagree,,,,
6699,cma:publications#6699,LB Group / Venator UK (TiO2 assets) merger inquiry,CMA,publications,https://www.gov.uk/cma-cases/lb-group-slash-venator-uk-tio2-assets-merger-inquiry,2026-06-04,val,intelligence,MIXED,A14,high,P1,Legal,"The CMA has issued a notice confirming that the merger notice for LB Group’s proposed acquisition of Venator UK TiO2-related assets meets the Enterprise Act requirements. The initial merger review period starts on 18 March 2026, and the CMA’s deadline to decide on a phase 2 referral is 15 May 2026. This is relevant to legal and competition-law monitoring, not to financial-services conduct obligations.",models_disagree,,,,
6262,hmt:news#6262,Review into access to banking services begins,HMT,news,https://www.gov.uk/government/news/review-into-access-to-banking-services-begins,2026-06-08,val,intelligence,A11,A11,high,P3,,"HM Treasury has launched a Call for Evidence for its Access to Banking Review, asking individuals, businesses and organisations to share views on in-person banking access. Responses are due by 20 July 2026, and the review will make recommendations to government in October 2026. The news item also notes possible future legislation if evidence shows intervention is needed.",function_off_matrix; no_primary_function; models_disagree,,,,
6698,cma:publications#6698,Liquefied petroleum gas (LPG) market orders and calculator,CMA,publications,https://www.gov.uk/government/publications/liquefied-petroleum-gas-lpg-market-orders-and-calculator,2026-06-10,val,intelligence,MIXED,A14,high,P1,Legal; Ops,"The CMA has published updated LPG market orders, an annual tank transfer calculator, and guidance for suppliers covered by the domestic bulk LPG market investigation remedies. Suppliers must follow the order requirements, including annual switching data submissions by the first working day of July for data covering 1 June 2025 to 31 May 2026.",function_off_matrix; models_disagree,,,,
6696,cma:publications#6696,CMA investigates Ryanair over charging parents to sit with children,CMA,publications,https://www.gov.uk/government/news/cma-investigates-ryanair-over-charging-parents-to-sit-with-children,2026-06-11,val,intelligence,MIXED,A11,high,P3,,"The CMA has announced an investigation into Ryanair’s mandatory family seat charges and booking-price presentation, to assess possible unfair contract terms and drip pricing under consumer law. This is an early-stage press release, not a decision or new rule. No immediate action date is stated, and the CMA says it has reached no conclusions.",no_primary_function; models_disagree,,,,
6694,cma:publications#6694,Next steps for veterinary services for household pets: what the CMA's remedies mean in practice,CMA,publications,https://www.gov.uk/government/speeches/next-steps-for-veterinary-services-for-household-pets-what-the-cmas-remedies-mean-in-practice,2026-06-12,val,intelligence,MIXED,A11,high,P3,,"CMA speech explaining next steps on remedies for household pet veterinary services. It describes planned binding Orders, funding measures and phased implementation, including quicker contract obligations for out-of-hours providers and an 18-month period for complaints information. The speech also previews future consultation on levy funding and notes the remedies are aimed at veterinary businesses.",no_primary_function; models_disagree,,,,
6695,cma:publications#6695,Spreadex / Sporting Index merger inquiry,CMA,publications,https://www.gov.uk/cma-cases/spreadex-slash-sporting-index-merger-inquiry,2026-06-12,val,intelligence,MIXED,A14,high,P1,Legal; Compliance; Ops,"The CMA has made an Initial Enforcement Order in the Spreadex/Sporting Index merger inquiry. Spreadex TopCo and Spreadex must keep the businesses separate, preserve assets and staff, and avoid integration or information sharing unless the CMA consents. The order starts on 2024-01-15 and applies until the merger reference is finally determined.",function_off_matrix; models_disagree,,,,
6693,cma:publications#6693,Competition law: guide for public authorities,CMA,publications,https://www.gov.uk/government/publications/competition-law-guide-for-public-authorities,2026-06-15,val,intelligence,MIXED,A11,high,P3,Legal,The CMA published a guidance note for officials in public authorities explaining how competition law may apply to their day-to-day work. It is informational only and does not create new obligations for firms.,function_off_matrix; models_disagree,,,,
6257,hmt:news#6257,Government publishes Terms of Reference for Wholesale Digital Markets Champion,HMT,news,https://www.gov.uk/government/news/government-publishes-terms-of-reference-for-wholesale-digital-markets-champion,2026-06-16,val,intelligence,A11,A11,high,P3,,"HM Treasury announces the Terms of Reference for the Wholesale Digital Markets Champion, who will convene industry on tokenisation, DLT adoption and interoperability in UK wholesale markets. The Champion must produce an initial forward look by July 2026 and a report to the Chancellor by July 2027. The role runs for 18 months and is ongoing for strategy promotion and coordination with AST and DEMAT.",no_primary_function; models_disagree,,,,
6691,cma:publications#6691,ABF / Hovis merger inquiry,CMA,publications,https://www.gov.uk/cma-cases/abf-slash-hovis-merger-inquiry,2026-06-16,val,intelligence,MIXED,A11,high,P3,,The CMA published a notice that the merger notice for ABF’s anticipated acquisition of Hovis meets the statutory requirements under the Enterprise Act 2002. It states the CMA’s initial review period starts on 22 December 2025 and the deadline to announce a phase 2 referral decision is 19 February 2026.,function_off_matrix; no_primary_function; models_disagree,,,,
6256,hmt:news#6256,UK issues largest penalty for financial sanctions breaches since Russia’s 2022 illegal invasion of Ukraine,HMT,news,https://www.gov.uk/government/news/uk-issues-largest-penalty-for-financial-sanctions-breaches-since-russias-2022-illegal-invasion-of-ukraine,2026-06-17,val,intelligence,A11,A6,high,P1,Financial crime; Legal; Compliance; Board,"HM Treasury/OFSI has imposed a £1,000,920.59 penalty on Sabre Global Technologies Limited for breaches and circumvention of UK Russia sanctions, the largest such penalty since 2022. The case highlights failures in senior oversight, payment controls and sanctions risk management, and is the third penalty under OFSI’s new settlement policy introduced in February 2026.",function_off_matrix; class_disagrees_with_registry,,,,
6687,cma:publications#6687,Referral of the proposed Business Rates Relief for Electric Vehicle (EV) chargepoints and EV-only forecourts by HM Treasury,CMA,publications,https://www.gov.uk/cma-cases/referral-of-the-proposed-business-rates-relief-for-electric-vehicle-ev-chargepoints-and-ev-only-forecourts-by-hm-treasury,2026-06-17,val,intelligence,MIXED,A11,high,P3,,The CMA’s Subsidy Advice Unit published its final report on HM Treasury’s proposed business rates relief scheme for EV chargepoints and EV-only forecourts. The report evaluates HMT’s assessment under the Subsidy Control Act 2022. It is informational for firms; the document does not itself change requirements or set a compliance deadline.,function_off_matrix; no_primary_function; models_disagree,,,,
6688,cma:publications#6688,Further CMA action to secure a fairer deal for businesses and improve Google search services in UK,CMA,publications,https://www.gov.uk/government/news/further-cma-action-to-secure-a-fairer-deal-for-businesses-and-improve-google-search-services-in-uk,2026-06-17,val,intelligence,MIXED,A11,high,P3,,"CMA press release announcing two new conduct requirements for Google’s UK general search services: fair ranking and data portability. Google has 6 months to implement the fair ranking requirement and 3 months for data portability. The release says the CMA will monitor compliance and may add further measures, but it is not itself the legal instrument.",no_primary_function; models_disagree,,,,
6689,cma:publications#6689,Google's general search and search advertising services,CMA,publications,https://www.gov.uk/cma-cases/googles-general-search-and-search-advertising-services,2026-06-17,val,intelligence,MIXED,A14,high,P2,Regulatory change; Compliance; Legal,"The CMA has started an SMS investigation into Google’s general search and search advertising services under the Digital Markets, Competition and Consumers Act 2024. It sets the scope of the investigation, identifies Google entities in scope, and says the CMA must issue its decision by 13 October 2025 unless the period is extended. This is an investigation notice, not a rule or enforcement action.",function_off_matrix; models_disagree,,,,
6253,hmt:news#6253,Ambition to end era of ‘outsourcing by default’ as government looks to bring cleaners and security staff in-house,HMT,news,https://www.gov.uk/government/news/ambition-to-end-era-of-outsourcing-by-default-as-government-looks-to-bring-cleaners-and-security-staff-in-house,2026-06-18,val,intelligence,A11,A11,high,P3,,"The UK government announced new procurement guidance and a Public Interest Test to support bringing some outsourced public services back in-house, including cleaning, security and building management. It applies to central government departments with over £100 million in annual contract spend and to contracts over £1 million. The move is to be applied as current contracts end, with some services targeted from 2028.",no_primary_function; models_disagree,,,,
6686,cma:publications#6686,CMA orders Marks Electrical to refund customers over pre-selected extra charges,CMA,publications,https://www.gov.uk/government/news/cma-orders-marks-electrical-to-refund-customers-over-pre-selected-extra-charges,2026-06-18,val,intelligence,MIXED,A11,high,P3,,"CMA press release says Marks Electrical must refund about 40,000 customers and pay a £720,000 fine after automatically opting shoppers into paid extras without express agreement. The conduct was investigated under the CMA’s strengthened consumer powers for activity from April 2025 to November 2025. This is an enforcement announcement, not the notice itself.",function_off_matrix; no_primary_function; models_disagree,,,,
6251,hmt:news#6251,Government procurement to prioritise national security,HMT,news,https://www.gov.uk/government/news/government-procurement-to-prioritise-national-security,2026-06-19,val,intelligence,A11,A11,high,P3,,"HMT announced news about new procurement guidance that will prioritise national security and supply chain resilience in public spending, alongside letters to accounting officers and sector leads. It is a government news item, not the guidance itself, and it does not impose direct obligations on firms. The publication highlights future procurement approaches and awards to British firms.",function_off_matrix; no_primary_function; models_disagree,,,,
6683,cma:publications#6683,Suzano / Kimberly-Clark JV merger inquiry,CMA,publications,https://www.gov.uk/cma-cases/suzano-slash-kimberly-clark-jv-merger-inquiry,2026-06-19,val,intelligence,MIXED,A11,high,P3,,"The CMA published a merger notice for the anticipated joint venture between Suzano SA and Kimberly-Clark Corporation. It confirms the merger notice meets the statutory requirements and states the phase 1 initial period starts on 30 March 2026, with the CMA’s referral decision deadline on 28 May 2026.",no_primary_function; models_disagree,,,,
6249,hmt:news#6249,Government fraud squad hunts down Covid loan scams,HMT,news,https://www.gov.uk/government/news/government-fraud-squad-hunts-down-covid-loan-scams,2026-06-23,val,intelligence,A11,A11,high,P3,,"HM Treasury says a new government fraud squad has started investigating Covid loan fraud and will use expanded powers, including search, seizure, information-gathering and direct recovery from bank accounts and wages. The post is a press release and says the new powers will become available this autumn, with the limitation period for civil claims extended to 12 years under the PAFER Act 2025.",function_off_matrix; no_primary_function; models_disagree,,,,
6675,cma:publications#6675,Microsoft’s business software ecosystem,CMA,publications,https://www.gov.uk/cma-cases/microsofts-business-software-ecosystem,2026-06-23,val,intelligence,MIXED,A14,high,P2,Legal; Regulatory change,"The CMA has opened an initial Strategic Market Status investigation into Microsoft’s business software ecosystem under the Digital Markets, Competition and Consumers Act 2024. It covers Microsoft’s productivity suite, PC and server operating systems, RDBMS and security software, and may include Copilot/AI features. No firm action is required yet, but the scope could change during the investigation.",function_off_matrix; models_disagree,,,,
6677,cma:publications#6677,Getting money back if the CMA orders refunds or compensation,CMA,publications,https://www.gov.uk/guidance/getting-money-back-if-the-cma-orders-refunds-or-compensation,2026-06-23,val,intelligence,MIXED,A11,high,P3,,"CMA guidance page explaining that, where it has found consumer law breaches, it has ordered named businesses to refund or compensate customers directly. It lists the AA/BSM, Marks Electrical and StubHub UK cases, the affected customer groups, and refund processing deadlines extending to December 2026 and June/April 2027.",no_primary_function; models_disagree,,,,
6248,hmt:news#6248,Great British Summer Savings: Tax cut on kids’ meals and days out goes live,HMT,news,https://www.gov.uk/government/news/great-british-summer-savings-tax-cut-on-kids-meals-and-days-out-goes-live,2026-06-24,val,intelligence,A11,A11,high,P3,,"HMT issued a press release announcing a temporary VAT cut on eligible children’s meals and family days out, effective from 25 June 2026, alongside free bus travel for children in England in August. It is aimed at families and participating leisure, hospitality and transport businesses, not at regulated financial firms.",no_primary_function; models_disagree,,,,
6674,cma:publications#6674,Review of the effectiveness of the Subsidy Control Act 2022 and its impact on competition and investment in the UK,CMA,publications,https://www.gov.uk/cma-cases/review-of-the-effectiveness-and-impact-on-competition-and-investment-in-the-uk-of-the-uks-subsidy-control-act,2026-06-25,val,intelligence,MIXED,A11,high,P3,,"The CMA’s Subsidy Advice Unit published its first statutory report on the effectiveness of the Subsidy Control Act 2022 and its impact on competition and investment in the UK. It is an information and advice to government publication, with no direct requirements for firms. The report was published on 25 June 2026 and relates to the subsidy control regime’s first reporting period ending 31 March 2026.",no_primary_function; models_disagree,,,,
6657,cma:publications#6657,Referral of the proposed subsidy to Athletic Ventures LLP by UK Sport and the Greater London Authority,CMA,publications,https://www.gov.uk/cma-cases/referral-of-the-proposed-subsidy-to-athletic-ventures-llp-by-uk-sport-and-the-greater-london-authority,2026-07-02,val,intelligence,MIXED,A11,high,P3,,"The CMA’s Subsidy Advice Unit published its report on a proposed subsidy from UK Sport and the Greater London Authority to Athletic Ventures LLP. It is an evaluation of the authorities’ assessment of compliance under the Subsidy Control Act 2022, with third-party submissions invited by the deadline in the timetable. No direct obligations are created for financial services firms.",no_primary_function; models_disagree,,,,
6658,cma:publications#6658,CMA letter to PHIN welcoming achievement of gold compliance milestone,CMA,publications,https://www.gov.uk/government/publications/cma-letter-to-phin-welcoming-achievement-of-gold-compliance-milestone,2026-07-02,val,intelligence,MIXED,A11,high,P3,,"CMA congratulates PHIN on reaching the Gold milestone under the Private Healthcare Market Investigation Order 2014, noting private hospitals and consultants are complying with transparency requirements. It says compliance with the Order remains a priority, but this is a supervisory-style update and not a new rule or obligation.",function_off_matrix; no_primary_function; models_disagree,,,,
6655,cma:publications#6655,Getty Images / Shutterstock merger inquiry,CMA,publications,https://www.gov.uk/cma-cases/getty-images-slash-shutterstock-merger-inquiry,2026-07-08,val,intelligence,MIXED,A14,high,P3,Legal; Regulatory change,"The CMA has issued a procedural notice on the anticipated Getty Images/Shutterstock merger under the Enterprise Act 2002, stating the initial period starts on 26 August 2025 and the CMA’s phase 2 referral deadline is 20 October 2025. This is a competition-law market notice, not a financial-services rule or supervisory publication.",function_off_matrix; models_disagree,,,,
6237,hmt:news#6237,UK financial system strengthened with new safeguards for major technology providers,HMT,news,https://www.gov.uk/government/news/uk-financial-system-strengthened-with-new-safeguards-for-major-technology-providers,2026-07-10,val,intelligence,A11,A14,high,P2,Operational resilience; Compliance; Risk; InfoSec; Board,"HMT has designated four major cloud/technology providers as Critical Third Parties for UK financial services, bringing them under joint oversight by the Bank, PRA and FCA. The regime starts from 13 July 2026 and is aimed at improving resilience of critical outsourced services used by banks, insurers and financial market infrastructures.",function_off_matrix; class_disagrees_with_registry; models_disagree,,,,
6236,hmt:news#6236,Chancellor to unlock billions in finance for small businesses,HMT,news,https://www.gov.uk/government/news/chancellor-to-unlock-billions-in-finance-for-small-businesses--2,2026-07-13,val,intelligence,A11,A11,high,P3,,"HMT issued a press release announcing expanded support for small business lending, including a larger British Business Bank Growth Guarantee Scheme, £500 million for innovative SMEs, and additional support for community lenders and exporters. It also says the government will remove legislative barriers for building societies that want to lend to SMEs and accelerate Open Finance development. No direct rule change is made in this press release.",no_primary_function; models_disagree,,,,
6652,cma:publications#6652,"UK’s heating oil households need stronger protections, says CMA",CMA,publications,https://www.gov.uk/government/news/uks-heating-oil-households-need-stronger-protections-says-cma,2026-07-14,val,intelligence,MIXED,A11,high,P3,,"CMA press release on its heating oil market study. It says households need stronger protections and recommends governments consider a new regulatory regime for heating oil suppliers, plus possible compensation for affected customers. The CMA says it will keep engaging with suppliers and may take court-based enforcement action where compensation is not paid voluntarily.",no_primary_function; models_disagree,,,,
6234,hmt:news#6234,"Government delivers fairer deal for shoppers as Buy-Now, Pay-Later rules come into force",HMT,news,https://www.gov.uk/government/news/government-delivers-fairer-deal-for-shoppers-as-buy-now-pay-later-rules-come-into-force,2026-07-15,val,intelligence,A11,A11,medium,P3,,"HMT announces that new Buy-Now, Pay-Later consumer protections have come into force, including affordability checks, clearer refund rights and access to FCA/FOS protections. The measures apply from 15 July 2026 and are aimed at BNPL providers such as Klarna, PayPal and Clearpay. This is a government press release about the change, not the rulemaking instrument itself.",function_off_matrix; no_primary_function; models_disagree,,,,
6650,cma:publications#6650,Referral of the proposed Low Carbon Fuels Fund subsidy scheme by the Department for Transport,CMA,publications,https://www.gov.uk/cma-cases/referral-of-the-proposed-low-carbon-fuels-fund-subsidy-scheme-by-the-department-for-transport,2026-07-15,val,intelligence,MIXED,A11,high,P3,,The CMA’s Subsidy Advice Unit published a final report on the Department for Transport’s proposed Low Carbon Fuels Fund subsidy scheme. It evaluates DfT’s assessment under the Subsidy Control Act 2022 and invites any third-party submissions on the scheme. No direct obligations are created for firms; the document is informational and consultative.,no_primary_function; models_disagree,,,,
6232,hmt:news#6232,Care workers to be represented in fair pay agreements,HMT,news,https://www.gov.uk/government/news/care-workers-to-be-represented-in-fair-pay-agreements,2026-07-16,val,intelligence,A11,A11,high,P3,,"The government announced a press release on plans for a new Adult Social Care Negotiating Body and a first fair pay agreement for care workers in England, backed by £500 million. Negotiations are due to start in April 2027, with the first settlement expected by April 2028. This is a policy announcement, not a binding rule for financial firms.",no_primary_function; models_disagree,,,,
6646,cma:publications#6646,Parking charges: CMA takes action to drive improvements for motorists,CMA,publications,https://www.gov.uk/government/news/parking-charges-cma-takes-action-to-drive-improvements-for-motorists,2026-07-16,val,intelligence,MIXED,A11,high,P3,,"The CMA announced a press release on private parking charges, launching an investigation into Euro Car Parks, writing to other operators, and publishing tips for motorists. It also made recommendations to government on a new Code of Practice and urged the sector to improve appeals handling and additional charges. No binding requirements are created by the press release itself.",no_primary_function; models_disagree,,,,
6648,cma:publications#6648,Open letter to the private parking sector,CMA,publications,https://www.gov.uk/government/publications/open-letter-to-the-private-parking-sector,2026-07-16,val,intelligence,MIXED,A11,high,P3,,"The CMA has published an open letter to private parking operators setting out concerns about consumer law compliance and asking operators to review their practices, terms and appeals processes now. It also references related CMA actions, including advisory letters, an investigation, and a letter to government. The letter is not itself a rule or binding requirement.",function_off_matrix; no_primary_function; models_disagree,,,,
6649,cma:publications#6649,CMA letter to government in relation to private parking,CMA,publications,https://www.gov.uk/government/publications/cma-letter-to-government-in-relation-to-private-parking,2026-07-16,val,intelligence,MIXED,A11,high,P3,,"The CMA wrote to government with recommendations for possible changes to the private parking code and said it may consider enforcement action against some parking operators. It is not a rule, consultation or enforcement notice; it is an intelligence/advice publication aimed at informing policy development in the private parking sector.",function_off_matrix; no_primary_function; models_disagree,,,,
6642,cma:publications#6642,eBay / Depop merger inquiry,CMA,publications,https://www.gov.uk/cma-cases/ebay-slash-depop-merger-inquiry,2026-07-17,val,intelligence,MIXED,A9,high,P3,Ops,The CMA has published a merger notice for eBay’s proposed acquisition of Depop and says the initial merger review period starts on 9 June 2026. The CMA’s deadline to decide whether to refer the merger for a phase 2 investigation is 6 August 2026.,function_off_matrix; models_disagree,,,,
6639,cma:publications#6639,Writing a fair contract for customers,CMA,publications,https://www.gov.uk/guidance/writing-a-fair-contract-for-customers,2026-07-22,val,intelligence,MIXED,A11,high,P3,,"The CMA has published guidance on unfair contract terms and consumer notices under the Consumer Rights Act 2015. It explains how businesses should draft fair, transparent terms, what may be unfair or exempt, and examples of prohibited wording. It applies to trader-consumer contracts and notices, including standard terms and EULAs; no new deadline or binding rule is introduced.",function_off_matrix; no_primary_function; models_disagree,,,,
6634,cma:publications#6634,Referral of the proposed British Industrial Competitiveness Scheme by the Department for Business and Trade,CMA,publications,https://www.gov.uk/cma-cases/referral-of-the-proposed-british-industrial-competitiveness-scheme-by-the-department-for-business-and-trade,2026-07-24,val,intelligence,MIXED,A11,high,P3,,"The CMA’s Subsidy Advice Unit published its final report on the Department for Business and Trade’s proposed British Industrial Competitiveness Scheme. The report evaluates DBT’s assessment of compliance with the Subsidy Control Act 2022. The scheme is proposed to launch in April 2027, but this publication itself is an advisory report, not a rule or requirement for firms.",no_primary_function; models_disagree,,,,
6629,cma:publications#6629,Collaborating with other businesses,CMA,publications,https://www.gov.uk/government/publications/collaborating-with-other-businesses,2026-07-29,val,intelligence,MIXED,A11,high,P3,Compliance; Legal,The CMA has published a short guidance note for businesses that want to collaborate with other firms without breaching competition law. It explains the CMA’s role in supporting legitimate collaboration and points readers to further contact information and sustainability-specific material. No new obligations or deadlines are set out.,function_off_matrix; models_disagree,,,,
6225,hmt:news#6225,"Budget to move “power and money out of Westminster, and into every postcode around Britain”.",HMT,news,https://www.gov.uk/government/news/budget-to-move-power-and-money-out-of-westminster-and-into-every-postcode-around-britain,2026-07-31,val,intelligence,A11,A11,high,P3,,"HM Treasury announces that the Chancellor’s first Budget will be on Wednesday 28 October 2026. It also opens a Budget Representation Portal for comments on existing policy, closing at 23:59 on Wednesday 9 September 2026, which will be shared with Treasury policy officials.",no_primary_function; models_disagree,,,,
6621,cma:publications#6621,Healthcare Ireland / Hutchinson Homes merger inquiry,CMA,publications,https://www.gov.uk/cma-cases/healthcare-ireland-slash-hutchinson-homes-merger-inquiry,2026-07-31,val,intelligence,MIXED,A9,high,P1,Legal; Compliance,"The CMA has made an Initial Order in a completed merger inquiry involving Healthcare Ireland Limited and Hutchinson Homes Limited. It restricts integration and certain changes to the businesses, and requires the parties to keep them separate pending the CMA’s determination. The order applies from 2 June 2026 and is addressed to the Acquirer Group and Hutchinson Homes.",function_off_matrix; models_disagree,,,,
6622,cma:publications#6622,Vodafone / CK Hutchison JV merger inquiry,CMA,publications,https://www.gov.uk/cma-cases/vodafone-slash-ck-hutchison-jv-merger-inquiry,2026-07-31,val,intelligence,MIXED,A11,high,P3,,"The CMA is inviting comments on the proposed Vodafone/CK Hutchison joint venture merger and asking interested parties to submit views by 1 November 2023. This is an initial information-gathering notice ahead of a formal merger investigation, not a decision or binding rule.",no_primary_function; models_disagree,,,,
1389,hmt:policy_papers#1389,Charter for Budget Responsibility: autumn 2021 update,HMT,policy_papers,https://www.gov.uk/government/publications/charter-for-budget-responsibility-autumn-2021-update,2022-01-05,train,rule_final,A2,A1,high,P1,Regulatory change; Legal; Prudential,"HMT presents an updated Charter for Budget Responsibility for parliamentary approval. It restates the government’s fiscal objectives, debt management framework and guidance to the OBR under the Budget Responsibility and National Audit Act 2011. It applies to fiscal policy and public debt management rather than bank conduct rules, and is relevant for monitoring macro/prudential impacts.",class_disagrees_with_registry,,,,
1388,hmt:policy_papers#1388,Treasury Minutes – December 2021,HMT,policy_papers,https://www.gov.uk/government/publications/treasury-minutes-december-2021,2022-01-06,train,rule_final,A2,A11,high,P3,Board; Regulatory change; Compliance,"HM Treasury’s Treasury Minutes respond to the Public Accounts Committee on several topics, including the COVID-19 cost tracker, with updates on actions already taken and intended follow-up letters. It is a government response document, not a rule, consultation, or supervisory notice, and it does not create new requirements for firms.",class_disagrees_with_registry; models_disagree,,,,
1387,hmt:policy_papers#1387,Summary of Financial Inclusion Policy Forum meeting December 2021,HMT,policy_papers,https://www.gov.uk/government/publications/summary-of-financial-inclusion-policy-forum-meeting-december-2021,2022-01-19,train,rule_final,A2,A11,high,P3,,"HMT published a summary of the December 2021 Financial Inclusion Policy Forum meeting. It is a policy paper describing discussions between government, regulators, industry and the third sector on financial inclusion, with no new rules, deadlines or obligations.",function_off_matrix; no_primary_function; class_disagrees_with_registry,,,,
1385,hmt:policy_papers#1385,Treasury Minutes – January 2022,HMT,policy_papers,https://www.gov.uk/government/publications/treasury-minutes-january-2022,2022-01-20,train,rule_final,A2,A11,high,P3,,"HM Treasury’s January 2022 Treasury Minutes set out the government’s responses to Public Accounts Committee reports across defence, test and trace, Crossrail, DWP fraud and error, and Greensill-related issues. It is a parliamentary/government response document, not a rule, guidance or notice. No direct obligations are created for firms, though it references ongoing and planned government reviews and implementation dates in the public sector.",function_off_matrix; no_primary_function; class_disagrees_with_registry; models_disagree,,,,
1386,hmt:policy_papers#1386,Public service pensions increase: 2022,HMT,policy_papers,https://www.gov.uk/government/publications/public-service-pensions-increase-2022,2022-01-20,train,rule_final,A2,A1,high,P1,Prudential; Legal,"HM Treasury published the 2022 public service pensions increase multiplier tables. Public service pensions, preserved pensions and lump sums will increase by 3.1% from 11 April 2022, with the related Pensions Increase (Review) Order expected to be laid in March 2022.",class_disagrees_with_registry,,,,
1384,hmt:policy_papers#1384,Basic bank accounts: July 2020 to June 2021,HMT,policy_papers,https://www.gov.uk/government/publications/basic-bank-accounts-july-2020-to-june-2021,2022-01-25,train,rule_final,A2,A11,high,P3,,"HM Treasury published its annual statistical update on basic bank accounts for July 2020 to June 2021. It reports account numbers and market distribution for the nine designated providers under the Payment Accounts Regulations 2015, but does not itself change rules or set new deadlines.",no_primary_function; class_disagrees_with_registry; models_disagree,,,,
1383,hmt:policy_papers#1383,Minutes of the Trade Specialised Committee on VAT Administrative Cooperation and Recovery of Taxes: 15 December 2021,HMT,policy_papers,https://www.gov.uk/government/publications/minutes-of-the-trade-specialised-committee-on-vat-administrative-cooperation-and-recovery-of-taxes-15-december-2021,2022-01-28,train,rule_final,A2,A11,high,P3,,Minutes of the first UK-EU Trade Specialised Committee meeting on VAT administrative cooperation and recovery of taxes under the Trade and Cooperation Agreement. It records discussion only and does not create new rules or deadlines for firms.,function_off_matrix; no_primary_function; class_disagrees_with_registry,,,,
1382,hmt:policy_papers#1382,Review of the UK funds regime: a call for input,HMT,policy_papers,https://www.gov.uk/government/publications/review-of-the-uk-funds-regime-a-call-for-input,2022-02-10,train,rule_final,A2,A11,high,P3,,"HM Treasury published a call for input summary on the UK funds regime review, setting out respondent feedback and the government’s intended next steps. It signals possible future changes to fund taxation, authorised fund structures and the authorisation process, but does not itself change rules or impose deadlines.",function_off_matrix; no_primary_function; class_disagrees_with_registry; models_disagree,,,,
1381,hmt:policy_papers#1381,Treasury Minutes – February 2022,HMT,policy_papers,https://www.gov.uk/government/publications/treasury-minutes-february-2022,2022-02-24,train,rule_final,A2,A11,high,P3,,"HM Treasury’s February 2022 Treasury Minute is a government response to Public Accounts Committee reports on several departments’ programmes, including Green Homes Grant, efficiency in government, policing data, digital change, and environmental land management. It sets out whether the government accepts recommendations and its intended next steps, including some target implementation timing such as Summer 2022. It does not create financial-services obligations.",function_off_matrix; no_primary_function; class_disagrees_with_registry; models_disagree,,,,
1380,hmt:policy_papers#1380,Specialised Committee on Participation in Union Programmes Minutes: 21 December 2021,HMT,policy_papers,https://www.gov.uk/government/publications/specialised-committee-on-participation-in-union-programmes-minutes-21-december-2021,2022-02-25,train,rule_final,A2,A11,high,P3,,"Minutes of the first meeting of the UK-EU Specialised Committee on Participation in Union Programmes, held on 21 December 2021 and published on 25 February 2022. It records discussion of participation in Union programmes under the Trade and Cooperation Agreement, with no new rules, deadlines, or obligations for firms.",no_primary_function; class_disagrees_with_registry,,,,
1379,hmt:policy_papers#1379,Joint Exchequer Committee (Scotland) – 3 February 2022,HMT,policy_papers,https://www.gov.uk/government/publications/joint-exchequer-committee-scotland-3-february-2022,2022-03-09,train,rule_final,A2,A11,high,P3,,"This is a short HMT policy paper noting that the UK and Scottish finance ministers held talks on 3 February about the upcoming review of the Scottish Government’s Fiscal Framework. It does not announce any rule, deadline, or requirement for firms.",no_primary_function; class_disagrees_with_registry,,,,
1376,hmt:policy_papers#1376,HM Treasury’s review of Pool Reinsurance Company Limited 2020-2022,HMT,policy_papers,https://www.gov.uk/government/publications/hm-treasurys-review-of-pool-reinsurance-company-limited-2020-2022,2022-03-18,train,rule_final,A2,A11,high,P3,,"HM Treasury published its final review of Pool Re for 2020-2022, setting out agreed strategic changes for the terrorism reinsurance scheme over the next five years. The report supports moving to a treaty reinsurance system, developing proposals to return more risk to the market, and encouraging wider SME uptake of terrorism insurance. It is a policy review and does not itself create new binding obligations for banks.",no_primary_function; class_disagrees_with_registry; models_disagree,,,,
1378,hmt:policy_papers#1378,HM Treasury and Financial Conduct Authority Regulatory Perimeter Meeting - December 2021,HMT,policy_papers,https://www.gov.uk/government/publications/hm-treasury-and-financial-conduct-authority-regulatory-perimeter-meeting-december-2021,2022-03-18,train,rule_final,A2,A11,high,P3,,HM Treasury published a record of a December 2021 meeting between the Economic Secretary and the FCA CEO discussing the FCA’s annual Perimeter Report and the financial services regulatory perimeter. It is an informational record only and does not change perimeter rules or impose deadlines.,no_primary_function; class_disagrees_with_registry,,,,
1377,hmt:policy_papers#1377,Removing the impact of changes in inflation from the welfare cap,HMT,policy_papers,https://www.gov.uk/government/publications/removing-the-impact-of-changes-in-inflation-from-the-welfare-cap,2022-03-18,train,rule_final,A2,A11,high,P3,,"HMT publishes a policy note explaining how it will strip out the effect of inflation changes when assessing spending against the welfare cap. It sets out the intended treatment, bottom-up methodology and assumptions used in the accompanying spreadsheet; no bank-specific obligations are created.",no_primary_function; class_disagrees_with_registry; models_disagree,,,,
1372,hmt:policy_papers#1372,Spring Statement 2022: documents,HMT,policy_papers,https://www.gov.uk/government/publications/spring-statement-2022-documents,2022-03-23,train,rule_final,A2,A11,high,P3,,"This is HM Treasury’s Spring Statement 2022, a government fiscal and economic statement setting out tax, spending and cost-of-living measures, including changes to National Insurance thresholds and fuel duty. It is a policy document and not a regulatory rule, consultation, supervisory notice or enforcement action. Any impacts on firms are indirect and depend on the measures announced becoming law.",function_off_matrix; no_primary_function; class_disagrees_with_registry; models_disagree,,,,
1370,hmt:policy_papers#1370,Government response to the 2021 Fiscal Risks Report,HMT,policy_papers,https://www.gov.uk/government/publications/government-response-to-the-2021-fiscal-risks-report,2022-03-23,train,rule_final,A2,A11,high,P3,,"HM Treasury’s response to the OBR’s 2021 Fiscal Risks Report explains how the government will manage public-finance risks from debt, COVID-19 and climate change. It reiterates the new fiscal rules, the move to an annual sustainability report, and wider use of OBR analysis. No firm-specific obligations or compliance dates are set for regulated firms.",no_primary_function; class_disagrees_with_registry; models_disagree,,,,
1373,hmt:policy_papers#1373,Temporary Cut to Fuel Duty,HMT,policy_papers,https://www.gov.uk/government/publications/temporary-cut-to-fuel-duty,2022-03-23,train,rule_final,A2,A1,high,P1,Regulatory change; Legal; Prudential,"The UK government announced a temporary 5 pence per litre cut to fuel duty for petrol and diesel across the UK for 12 months, effective from 6pm on 23 March 2022. This is a fiscal measure affecting consumers and fuel users, not a financial-services rule change, but it may have indirect cost impacts for firms with transport or fuel exposure.",class_disagrees_with_registry,,,,
1375,hmt:policy_papers#1375,Spring Statement 2022: Business support factsheet,HMT,policy_papers,https://www.gov.uk/government/publications/spring-statement-2022-business-support-factsheet,2022-03-23,train,rule_final,A2,A11,high,P3,,HMT published a factsheet listing Spring Statement 2021 measures intended to support UK businesses. It is an informational policy paper and does not itself set new requirements or deadlines.,no_primary_function; class_disagrees_with_registry,,,,
1371,hmt:policy_papers#1371,Debt management report 2022 to 2023,HMT,policy_papers,https://www.gov.uk/government/publications/debt-management-report-2022-to-2023,2022-03-23,train,rule_final,A2,A9,high,P3,Prudential; Ops,"HM Treasury’s annual debt management report sets out the government’s borrowing plans, debt management framework and the DMO/NS&I/exchequer cash management remits for 2022-23. It is informational and policy-setting rather than a firm-specific rule. The publication was issued in March 2022 and does not create direct obligations for banks.",function_off_matrix; class_disagrees_with_registry; models_disagree,,,,
1374,hmt:policy_papers#1374,Spring Statement 2022: Factsheet on Personal Tax,HMT,policy_papers,https://www.gov.uk/government/publications/spring-statement-2022-factsheet-on-personal-tax,2022-03-23,train,rule_final,A2,A1,high,P1,Prudential; Regulatory change; Ops,"HM Treasury announced changes to National Insurance and income tax thresholds and rates, including raising the NIC Primary Threshold and Lower Profits Limit from July 2022 and cutting the basic rate of income tax from April 2024. The factsheet explains transitional timing for employees and the self-employed and impacts on payroll and tax treatment.",function_off_matrix; class_disagrees_with_registry; models_disagree,,,,
1369,hmt:policy_papers#1369,"Explanatory memorandum on EU directive 2006/112 (6158/22, COM(2022)39)",HMT,policy_papers,https://www.gov.uk/government/publications/explanatory-memorandum-on-eu-regulation-2006112-615822-com202239,2022-03-24,train,rule_final,A2,A1,medium,P1,Regulatory change; Legal,"HM Treasury explains an EU proposal to extend VAT Directive Articles 199a and 199b, keeping the optional reverse charge mechanism and quick reaction mechanism in place until 31 December 2025. It is relevant to UK/Northern Ireland VAT alignment and was published on 24 March 2022. The document itself is explanatory and does not create new UK obligations.",class_disagrees_with_registry; models_disagree,,,,
1368,hmt:policy_papers#1368,National Insurance Contributions (Increase of Thresholds) Bill,HMT,policy_papers,https://www.gov.uk/government/publications/national-insurance-contributions-increase-of-thresholds-bill,2022-03-24,train,rule_final,A2,A1,high,P1,Regulatory change; Prudential; Legal,"Draft legislation proposes to raise National Insurance contribution thresholds for Class 1, Class 2 and Class 4 contributions, with some changes applying from 6 April 2022, 6 July 2022 and 6 April 2023. It also requires Treasury regulations to align Class 2 thresholds with Class 4. This is relevant to employers and self-employed payroll/tax arrangements.",function_off_matrix; class_disagrees_with_registry,,,,
1367,hmt:policy_papers#1367,"Joint statement by HM Treasury, the CMA, the FCA and the PSR on the future of Open Banking",HMT,policy_papers,https://www.gov.uk/government/publications/joint-statement-by-hm-treasury-the-cma-the-fca-and-the-psr-on-the-future-of-open-banking,2022-03-25,train,rule_final,A2,A11,high,P3,,"HM Treasury, the FCA, the PSR and the CMA issued a joint statement on plans for future oversight of Open Banking and a new entity to succeed the OBIE. It outlines intended governance, funding and oversight arrangements, but does not create new binding requirements or set an implementation date.",function_off_matrix; no_primary_function; class_disagrees_with_registry; models_disagree,,,,
1366,hmt:policy_papers#1366,Sovereign Grant Act 2011: report of the Royal Trustees on the Sovereign Grant for 2022-23,HMT,policy_papers,https://www.gov.uk/government/publications/sovereign-grant-act-2011-report-of-the-royal-trustees-on-the-sovereign-grant-for-2022-23,2022-03-28,train,rule_final,A2,A11,high,P3,,"This is an HMT report to Parliament explaining how the Sovereign Grant for 2022-23 was calculated under the Sovereign Grant Act 2011. It is informational and sets out the statutory methodology and background, but it does not create new requirements for regulated firms.",no_primary_function; class_disagrees_with_registry; models_disagree,,,,
1365,hmt:policy_papers#1365,"Centre for Finance, Innovation and Technology - Steering Committee",HMT,policy_papers,https://www.gov.uk/government/publications/centre-for-finance-innovation-and-technology-steering-committee,2022-04-04,train,rule_final,A2,A11,high,P3,,"HM Treasury published a policy paper announcing the Centre for Finance, Innovation and Technology steering committee and its terms of reference. The committee is meeting through spring and summer 2022 to develop non-binding recommendations for a future private-sector-led body to support UK fintech innovation. No firm obligations, dates for compliance, or rules are created for regulated firms.",no_primary_function; class_disagrees_with_registry; models_disagree,,,,
1362,hmt:policy_papers#1362,User and Preparer Advisory Group Minutes: October 2021,HMT,policy_papers,https://www.gov.uk/government/publications/user-and-preparer-advisory-group-minutes-october-2021--2,2022-04-07,train,rule_final,A2,A11,high,P3,,"HM Treasury published minutes and agenda for the Government Financial Reporting User and Preparer Advisory Group meeting held on 4 October 2021. The paper records discussion topics including central government reporting, thematic reviews, sustainability reporting, Whole of Government Accounts, BEIS consultation and performance framework updates. It does not create new rules or deadlines.",no_primary_function; class_disagrees_with_registry,,,,
1364,hmt:policy_papers#1364,Government financial reporting review: Best practice examples from 2020-21,HMT,policy_papers,https://www.gov.uk/government/publications/government-financial-reporting-review-best-practice-examples-from-2020-21,2022-04-07,train,rule_final,A2,A11,high,P3,,"HM Treasury publishes examples of best-practice narrative and accountability reporting for 2020-21 government annual reports and accounts. It highlights how central government entities should present performance, risk, governance, financial information, COVID-19 and EU exit impacts, and diversity data. The note is for reference by preparers across government and does not create new obligations.",no_primary_function; class_disagrees_with_registry; models_disagree,,,,
1363,hmt:policy_papers#1363,Treasury Minutes –  7 April 2022,HMT,policy_papers,https://www.gov.uk/government/publications/treasury-minutes-april-2022,2022-04-07,train,rule_final,A2,A11,high,P3,,"HM Treasury’s Treasury Minutes is the government’s response to Committee of Public Accounts reports on a range of public-sector issues, including gigabit broadband, state pension underpayments, local government finance and NHS payment schemes. It records agreed actions and target implementation dates for those departments, but it does not create obligations for FCA/PRA-regulated firms.",function_off_matrix; no_primary_function; class_disagrees_with_registry; models_disagree,,,,
1361,hmt:policy_papers#1361,User and Preparer Advisory Group Minutes: April 2022,HMT,policy_papers,https://www.gov.uk/government/publications/user-and-preparer-advisory-group-minutes-april-2022,2022-04-12,train,rule_final,A2,A11,high,P3,,"Minutes and agenda for a HMT Government Financial Reporting User and Preparer Advisory Group meeting held on 7 April 2022. The paper records updates on government financial reporting topics, including WGA, central and local government reporting, sustainability reporting and a thematic review. It is informational only and does not create obligations.",no_primary_function; class_disagrees_with_registry,,,,
1360,hmt:policy_papers#1360,World Bank Spring Meetings 2022: UK Governor’s statement,HMT,policy_papers,https://www.gov.uk/government/publications/world-bank-spring-meetings-2022-uk-governors-statement,2022-04-22,train,rule_final,A2,A11,high,P3,,"The UK Governor’s statement for the World Bank Spring Meetings urges the World Bank, IMF and international community to provide more support for Ukraine, its neighbours and developing countries. It is a political/international policy statement, not a regulatory rule or supervisory requirement, and it sets no firm-specific deadline or obligation.",no_primary_function; class_disagrees_with_registry,,,,
1358,hmt:policy_papers#1358,Protecting UK wholesale cash infrastructure,HMT,policy_papers,https://www.gov.uk/government/publications/protecting-uk-wholesale-cash-infrastructure,2022-04-26,train,rule_final,A2,A11,high,P3,,"HM Treasury sets out plans to protect UK wholesale cash infrastructure as cash use declines. It explains the case for future legislation and possible Bank of England oversight and prudential powers over wholesale cash entities, but does not itself create new requirements. The regime would be designated and brought forward when parliamentary time allows.",function_off_matrix; no_primary_function; class_disagrees_with_registry; models_disagree,,,,
1359,hmt:policy_papers#1359,Treasury Minutes – 26 April 2022,HMT,policy_papers,https://www.gov.uk/government/publications/treasury-minutes-26-april-2022,2022-04-26,train,rule_final,A2,A11,high,P3,,"Treasury Minutes is the government’s response to the Committee of Public Accounts on several 2021-22 reports. It sets out how departments will implement recommendations, including updates on border planning, HMRC performance, spending data and other public sector issues, with some target implementation dates in 2022 and 2023. It is informational and does not itself create new rules for firms.",function_off_matrix; no_primary_function; class_disagrees_with_registry; models_disagree,,,,
1357,hmt:policy_papers#1357,Potential Reforms to UK’s Capital Allowance Regime – Inviting views,HMT,policy_papers,https://www.gov.uk/government/publications/potential-reforms-to-uks-capital-allowance-regime-inviting-views,2022-05-09,train,rule_final,A2,A3,high,P2,Prudential; Product,"HMT published a policy paper inviting views on potential reforms to the UK capital allowances regime. It asks businesses to respond by 1 July 2022 and says the government is considering options ahead of a later Budget. This is a consultation-style invitation for evidence, not a final change.",class_disagrees_with_registry,,,,
1356,hmt:policy_papers#1356,Government approach to authorised push payment scam reimbursement,HMT,policy_papers,https://www.gov.uk/government/publications/government-approach-to-authorised-push-payment-scam-reimbursement,2022-05-10,train,rule_final,A2,A11,high,P3,Financial crime; Legal,"The government sets out its approach to reimbursing victims of authorised push payment scams and says it intends to legislate in the Financial Services and Markets Bill to enable the Payment Systems Regulator to require reimbursement by banks and other payment service providers. This is a policy paper, not the legislation or a final rule.",function_off_matrix; class_disagrees_with_registry; models_disagree,,,,
1355,hmt:policy_papers#1355,Terms of engagement between HM Treasury and Pool Reinsurance Limited (Pool Re),HMT,policy_papers,https://www.gov.uk/government/publications/terms-of-engagement-between-hm-treasury-and-pool-reinsurance-limited-pool-re,2022-05-12,train,rule_final,A2,A12,high,P3,Regulatory change; Legal,"HM Treasury published an updated Framework Agreement with Pool Re setting out governance, accountability, reporting, audit and information-sharing arrangements. It applies to Pool Re and any ONS-classified subsidiaries or joint ventures, and should be reviewed periodically by HM Treasury and Pool Re. The document describes existing operating arrangements rather than creating new regulatory rules.",function_off_matrix; class_disagrees_with_registry; models_disagree,,,,
1354,hmt:policy_papers#1354,Treasury Minutes – May 2022,HMT,policy_papers,https://www.gov.uk/government/publications/treasury-minutes-may-2022,2022-05-16,train,rule_final,A2,A11,high,P3,,"HM Treasury published the May 2022 Treasury Minutes, which is the Government’s response to the Committee of Public Accounts on several departments’ reports from Session 2021-22. It records departmental responses and target implementation dates for recommendations, including action on criminal courts backlog, NHS backlogs, trade negotiations, COVID-19 preparedness, academies and tax debt.",function_off_matrix; no_primary_function; class_disagrees_with_registry; models_disagree,,,,
1353,hmt:policy_papers#1353,Overall government support for the cost of living: factsheet,HMT,policy_papers,https://www.gov.uk/government/publications/government-support-for-the-cost-of-living-factsheet,2022-05-26,train,rule_final,A2,A11,high,P3,,"HM Treasury published a factsheet summarising government support for households with the cost of living in 2022-23. It is an informational policy paper only and does not set out regulatory requirements, deadlines or obligations for firms.",no_primary_function; class_disagrees_with_registry,,,,
1351,hmt:policy_papers#1351,Treasury Minutes progress report – June 2022,HMT,policy_papers,https://www.gov.uk/government/publications/treasury-minutes-progress-report-june-2022,2022-06-09,train,rule_final,A2,A11,high,P3,,"This is a Treasury progress report to Parliament tracking implementation of previously accepted Public Accounts Committee recommendations across many government sessions. It does not set new rules or obligations for firms, but provides status updates on public sector recommendations and revised target dates where relevant.",no_primary_function; class_disagrees_with_registry; models_disagree,,,,
1350,hmt:policy_papers#1350,Inaugural UK-Japan Financial Regulatory Forum,HMT,policy_papers,https://www.gov.uk/government/publications/inaugural-uk-japan-financial-regulatory-forum,2022-06-10,train,rule_final,A2,A11,high,P3,Regulatory change,"HM Treasury published a policy paper on the inaugural UK-Japan Financial Regulatory Forum and the Exchange of Letters signed with Japan’s Financial Services Agency. The document describes a cooperation framework under the UK-Japan trade agreement, including information exchange, consultation, deference, technical mediation and working groups on topics such as sustainable finance, diversity and financial innovation. No direct obligations or compliance deadline are set out for firms.",function_off_matrix; class_disagrees_with_registry; models_disagree,,,,
1349,hmt:policy_papers#1349,Cost of Living Support,HMT,policy_papers,https://www.gov.uk/government/publications/cost-of-living-support,2022-06-15,train,rule_final,A2,A1,medium,P1,Legal; Prudential,"HM Treasury’s Cost of Living Support package includes a new Energy Profits Levy technical note and factsheets. It announces a new tax on the profits of oil and gas companies operating in the UK and UK Continental Shelf, with application timing and next steps explained from 26 May 2022. The publication is aimed at affected oil and gas companies and supporting tax policy context, not new FCA/PRA rules.",class_disagrees_with_registry; models_disagree,,,,
1348,hmt:policy_papers#1348,United Kingdom Debt Management Office Annual Business Plan 2022-23,HMT,policy_papers,https://www.gov.uk/government/publications/united-kingdom-debt-management-office-annual-business-plan-2022-23,2022-06-16,train,rule_final,A2,A11,high,P3,,"HM Treasury’s Debt Management Office sets out its 2022-23 business plan, including planned gilt issuance, cash management, green gilt issuance, stakeholder engagement and operational resilience objectives. It also reviews 2021-22 performance and governance. This is an informational annual plan for government debt-management operations, not a rule, consultation or supervisory notice.",function_off_matrix; no_primary_function; class_disagrees_with_registry; models_disagree,,,,
1347,hmt:policy_papers#1347,Review of the UK’s AML/CFT regulatory and supervisory regime,HMT,policy_papers,https://www.gov.uk/government/publications/review-of-the-uks-amlcft-regulatory-and-supervisory-regime,2022-06-24,train,rule_final,A2,A11,high,P3,,"HM Treasury published a review of the UK’s AML/CFT regulatory and supervisory regime, covering effectiveness of the Money Laundering Regulations, supervisory gaps and possible reform areas. It is an informational policy paper, not a rule or consultation, and does not itself change obligations. It is aimed at firms subject to AML/CFT controls, especially banks and other regulated businesses.",function_off_matrix; no_primary_function; class_disagrees_with_registry; models_disagree,,,,
1346,hmt:policy_papers#1346,Summary of Financial Inclusion Policy Forum meeting May 2022,HMT,policy_papers,https://www.gov.uk/government/publications/summary-of-financial-inclusion-policy-forum-meeting-may-2022,2022-06-27,train,rule_final,A2,A11,high,P3,,"HMT published a summary of the ninth Financial Inclusion Policy Forum meeting, held on 10 May 2022. It is an informational policy paper about collaboration on financial inclusion across government and the sector, with no new rules, deadlines or obligations.",no_primary_function; class_disagrees_with_registry,,,,
1345,hmt:policy_papers#1345,Independent Report preceding the Fiscal Framework review: terms of reference,HMT,policy_papers,https://www.gov.uk/government/publications/independent-report-preceding-the-fiscal-framework-review-terms-of-reference,2022-06-29,train,rule_final,A2,A11,high,P3,,"HM Treasury published terms of reference for an independent report preceding the Fiscal Framework review. It is a policy paper setting out the remit of the report, not a rule, consultation, or binding requirement for firms.",no_primary_function; class_disagrees_with_registry; models_disagree,,,,
1344,hmt:policy_papers#1344,Joint Statement on the U.S.-UK Financial Innovation Partnership Meeting 29th June 2022,HMT,policy_papers,https://www.gov.uk/government/publications/joint-statement-on-the-us-uk-financial-innovation-partnership-meeting-29th-june-2022,2022-07-01,train,rule_final,A2,A11,high,P3,,"HMT published a joint UK-U.S. statement on the Financial Innovation Partnership meeting held on 29 June 2022. It is an informational update on discussions about crypto and digital asset ecosystems and cooperation between financial authorities, with no new rules, deadlines or obligations.",no_primary_function; class_disagrees_with_registry,,,,
1343,hmt:policy_papers#1343,Financial Reporting Advisory Board annual report: 2021 to 2022,HMT,policy_papers,https://www.gov.uk/government/publications/financial-reporting-advisory-board-annual-report-2021-to-2022,2022-07-06,train,rule_final,A2,A11,high,P3,,"HMT’s Financial Reporting Advisory Board annual report for 2021-22 summarises the board’s advisory work on public sector financial reporting, including monitoring the reporting cycle, accounting standards and sustainability reporting. It is an informational annual report with no direct obligations or deadlines for firms.",function_off_matrix; no_primary_function; class_disagrees_with_registry; models_disagree,,,,
1342,hmt:policy_papers#1342,Scottish Income Tax outturn reconciliation for 2020-21,HMT,policy_papers,https://www.gov.uk/government/publications/scottish-income-tax-outturn-reconciliation-for-2020-21,2022-07-07,train,rule_final,A2,A11,high,P3,,"HMT explains how published 2020-21 Income Tax outturn data will be used to reconcile Scottish Government funding. It says the reconciliation reduces Scottish self-funding by £417m, increases the block grant by £468m, and leaves a net £50m increase for 2023-24. This is informational for Scotland and does not create obligations for firms.",no_primary_function; class_disagrees_with_registry; models_disagree,,,,
1341,hmt:policy_papers#1341,Welsh Rates of Income Tax outturn reconciliation for 2020-21,HMT,policy_papers,https://www.gov.uk/government/publications/welsh-rates-of-income-tax-outturn-reconciliation-for-2020-21,2022-07-07,train,rule_final,A2,A11,high,P3,,"HMT published an explanatory policy paper on the 2020-21 Welsh Rates of Income Tax outturn reconciliation. It explains how HMRC’s actual 2020-21 income tax data is used to update Welsh Government funding, with a net £48 million increase in overall funding for 2023-24. Applies to Wales.",no_primary_function; class_disagrees_with_registry; models_disagree,,,,
1340,hmt:policy_papers#1340,National Insurance Fund Investment Account Report & Accounts 2021 to 2022,HMT,policy_papers,https://www.gov.uk/government/publications/national-insurance-fund-investment-account-report-accounts-2021-to-2022,2022-07-07,train,rule_final,A2,A11,high,P3,,"HMT/CRND published the National Insurance Fund Investment Account report and accounts for the year ended 31 March 2022. It is an annual government accounts publication describing investment performance, balances and audit information; it does not impose new rules or obligations on firms.",no_primary_function; class_disagrees_with_registry; models_disagree,,,,
1339,hmt:policy_papers#1339,Global Anti-Corruption Programme,HMT,policy_papers,https://www.gov.uk/government/publications/global-anti-corruption-programme,2022-07-14,train,rule_final,A2,A11,high,P3,,"HMT/FCDO published a policy paper on the Global Anti-Corruption Programme, describing UK support for anti-corruption projects delivered through March 2022 in Colombia, Indonesia, Malaysia, Mexico and South Africa. It explains the programme’s aims around transparency, beneficial ownership, procurement, stolen assets and good practice, but does not set new requirements for firms.",function_off_matrix; no_primary_function; class_disagrees_with_registry; models_disagree,,,,
1338,hmt:policy_papers#1338,Levelling Up Fund Round 2: prospectus,HMT,policy_papers,https://www.gov.uk/government/publications/levelling-up-fund-round-2-prospectus,2022-07-15,train,rule_final,A2,A11,high,P3,,"HMT/DLUHC and DfT published a prospectus giving guidance on how local areas can bid for Round 2 of the Levelling Up Fund. It explains who can apply across the UK and says the fund will run until 2024/25. This is informational guidance for local authorities and other local applicants, not a binding rule for firms.",no_primary_function; class_disagrees_with_registry; models_disagree,,,,
1337,hmt:policy_papers#1337,Treasury Minutes – July 2022,HMT,policy_papers,https://www.gov.uk/government/publications/treasury-minutes-july-2022,2022-07-18,train,rule_final,A2,A11,high,P3,,"Treasury Minutes is HMT’s government response to Public Accounts Committee reports across several departments. It includes commentary and intended reforms such as the renters’ property portal, abolition of section 21 evictions, and a new ombudsman for private landlords, with some rollout milestones through Summer 2026. It does not itself create binding obligations for firms.",function_off_matrix; no_primary_function; class_disagrees_with_registry; models_disagree,,,,
1336,hmt:policy_papers#1336,Joint Exchequer Committee (Scotland) – 27 June 2022,HMT,policy_papers,https://www.gov.uk/government/publications/joint-exchequer-committee-scotland-27-june-2022,2022-07-19,train,rule_final,A2,A11,high,P3,,"HM Treasury published a communique from the Joint Exchequer Committee (Scotland) covering talks on 27 June 2022 about the upcoming review of the Scottish Government’s Fiscal Framework. It is a policy paper and does not set rules, deadlines, or obligations for firms.",no_primary_function; class_disagrees_with_registry,,,,
1335,hmt:policy_papers#1335,Finance Bill 2021-2022: Report Stage,HMT,policy_papers,https://www.gov.uk/government/publications/finance-bill-2021-2022-report-stage,2022-07-20,train,rule_final,A2,A1,high,P1,Regulatory change; Legal; Prudential,"This Finance Bill report stage sets out technical amendments to Schedule 2 creating the qualifying asset holding company regime. The changes clarify definitions, cross-references, control tests and fund-related rules for asset holding companies used in investment structures. As primary legislation, it is binding once enacted; the publication itself does not give a separate compliance deadline.",class_disagrees_with_registry,,,,
1334,hmt:policy_papers#1334,Departmental Minute from HM Treasury: UK Infrastructure Bank Guarantees,HMT,policy_papers,https://www.gov.uk/government/publications/departmental-minute-from-hm-treasury-uk-infrastructure-bank-guarantees,2022-07-25,train,rule_final,A2,A11,high,P3,,HM Treasury published a departmental minute notifying Parliament of a proposed contingent liability for up to £10 billion of UK Infrastructure Bank guarantees. It is an informational policy paper about intended government support for infrastructure investment and does not impose requirements on firms.,function_off_matrix; no_primary_function; class_disagrees_with_registry; models_disagree,,,,
1333,hmt:policy_papers#1333,UK-U.S. Financial Regulatory Working Group,HMT,policy_papers,https://www.gov.uk/government/publications/uk-us-financial-regulatory-working-group--3,2022-07-26,train,rule_final,A2,A11,high,P3,,"HM Treasury and the U.S. Treasury published a joint statement on the sixth meeting of the UK-U.S. Financial Regulatory Working Group. It summarises the main themes and topics discussed at the 21 July 2022 meeting and does not announce new rules, deadlines or obligations.",function_off_matrix; no_primary_function; class_disagrees_with_registry,,,,
1332,hmt:policy_papers#1332,Treasury minutes - August 2022,HMT,policy_papers,https://www.gov.uk/government/publications/treasury-minutes-august-2022,2022-08-05,train,rule_final,A2,A11,high,P3,,"Treasury Minutes records the government’s responses to Public Accounts Committee reports across several departments, including IR35 implementation by HMRC. It sets out departmental reactions and target implementation dates for some follow-up actions, but does not itself create new regulatory requirements for firms. Relevant only as background and intelligence.",function_off_matrix; no_primary_function; class_disagrees_with_registry; models_disagree,,,,
1331,hmt:policy_papers#1331,"Government response to the National Infrastructure Commission report Infrastructure, Towns and Regeneration",HMT,policy_papers,https://www.gov.uk/government/publications/government-response-to-the-national-infrastructure-commission-report-infrastructure-towns-and-regeneration,2022-08-26,train,rule_final,A2,A11,high,P3,,"HMT published a policy paper giving the government’s response to the National Infrastructure Commission’s report on infrastructure, towns and regeneration. It is a commentary on recommendations about transport and digital infrastructure in England, not a rule, consultation, or binding requirement.",no_primary_function; class_disagrees_with_registry,,,,
1330,hmt:policy_papers#1330,Memorandum of understanding between the Scottish Fiscal Commission and HMT,HMT,policy_papers,https://www.gov.uk/government/publications/memorandum-of-understanding-between-the-scottish-fiscal-commission-and-hmt,2022-08-30,train,rule_final,A2,A11,high,P3,,HM Treasury published a memorandum of understanding with the Scottish Fiscal Commission setting out how the two bodies will co-operate so the Commission can obtain the information it needs for independent forecasts and evaluation of Scottish Government devolved income revenue and social security expenditure. It is an informational policy paper rather than a financial-services rule or supervisory notice.,no_primary_function; class_disagrees_with_registry; models_disagree,,,,
1329,hmt:policy_papers#1329,The Growth Plan 2022: documents,HMT,policy_papers,https://www.gov.uk/government/publications/the-growth-plan-2022-documents,2022-09-23,train,rule_final,A2,A11,high,P3,,"HM Treasury’s Growth Plan 2022 is a policy paper and government announcement setting out tax cuts, energy support, investment zones and wider growth measures. It is a high-level policy statement rather than binding financial-services regulation. Some measures were intended to take effect from 23 September 2022 or later, but the document itself is not a rule or supervisory notice.",no_primary_function; class_disagrees_with_registry; models_disagree,,,,
1324,hmt:policy_papers#1324,The Growth Plan 2022: Factsheet on Stamp Duty Land Tax,HMT,policy_papers,https://www.gov.uk/government/publications/the-growth-plan-2022-factsheet-on-stamp-duty-land-tax,2022-09-23,train,rule_final,A2,A1,medium,P1,Legal; Regulatory change,The Chancellor announced changes to Stamp Duty Land Tax for England and Northern Ireland in the 23 September 2022 Growth Plan. This factsheet explains the measure and is relevant to firms and customers involved in affected property transactions. The announcement indicates an immediate tax-policy change rather than a consultation.,class_disagrees_with_registry; models_disagree,,,,
1328,hmt:policy_papers#1328,The Growth Plan: Factsheet on cancellation of National Insurance rise and Health and Social Care Levy,HMT,policy_papers,https://www.gov.uk/government/publications/the-growth-plan-factsheet-on-cancellation-of-national-insurance-rise-and-health-and-social-care-levy,2022-09-23,train,rule_final,A2,A1,medium,P1,Regulatory change; Legal; Prudential,"HMT published a factsheet explaining the cancellation of the April 2022 National Insurance rise and the April 2023 Health and Social Care Levy, following legislation introduced to Parliament on 23 September 2022. The change affects employers and payroll administration and is part of the Growth Plan measures.",function_off_matrix; class_disagrees_with_registry; models_disagree,,,,
1327,hmt:policy_papers#1327,The Growth Plan 2022: Factsheet on Investment Zones,HMT,policy_papers,https://www.gov.uk/government/publications/the-growth-plan-2022-factsheet-on-investment-zones,2022-09-23,train,rule_final,A2,A11,high,P3,,"HMT published a factsheet describing proposed Investment Zones and noting early discussions with 38 local authorities in England, plus plans to work with devolved administrations. It is an informational policy paper about intended tax and planning changes to encourage development and investment, with no direct obligations or deadlines for firms.",no_primary_function; class_disagrees_with_registry; models_disagree,,,,
1326,hmt:policy_papers#1326,The Growth Plan 2022: Factsheet on Corporation Tax,HMT,policy_papers,https://www.gov.uk/government/publications/the-growth-plan-2022-factsheet-on-corporation-tax,2022-09-23,train,rule_final,A2,A11,high,P3,,HM Treasury published a factsheet explaining the Chancellor’s announcement that the planned Corporation Tax rate rise would be cancelled. This is a policy paper and informational summary only; it does not itself change tax law or set an implementation date.,function_off_matrix; no_primary_function; class_disagrees_with_registry; models_disagree,,,,
1325,hmt:policy_papers#1325,The Growth Plan 2022: Factsheet on Income Tax,HMT,policy_papers,https://www.gov.uk/government/publications/the-growth-plan-2022-factsheet-on-income-tax,2022-09-23,train,rule_final,A2,A11,high,P3,,"HM Treasury published a factsheet explaining the Chancellor’s announced changes to the Basic and Additional Rates of Income Tax in the Growth Plan 2022. It is an informational policy paper, not the legal measure itself, and it does not set any firm-specific obligations or deadlines.",no_primary_function; class_disagrees_with_registry; models_disagree,,,,
1323,hmt:policy_papers#1323,Treasury Minutes – September 2022,HMT,policy_papers,https://www.gov.uk/government/publications/treasury-minutes-september-2022,2022-09-28,train,rule_final,A2,A11,high,P3,,"HM Treasury’s Treasury Minutes responds to Committee of Public Accounts reports on child maintenance, secure training centres, British Steel Pension Scheme, the Police Uplift Programme and cross-border travel. It sets out the Government’s position and intended follow-up actions, including some target implementation dates in the responses, but it does not create financial-services regulatory requirements.",function_off_matrix; no_primary_function; class_disagrees_with_registry; models_disagree,,,,
1322,hmt:policy_papers#1322,Advisory Committee,HMT,policy_papers,https://www.gov.uk/government/publications/advisory-credit-committee,2022-10-17,train,rule_final,A2,A11,high,P3,,"HM Treasury published a policy paper describing the Advisory Committee’s role and membership. The committee provides advisory support on government credit risk and bespoke financial intervention cases, including under the Energy Markets Financing Scheme. This is informational only and does not create firm obligations.",no_primary_function; class_disagrees_with_registry,,,,
1320,hmt:policy_papers#1320,Economic Advisory Council – Terms of Reference,HMT,policy_papers,https://www.gov.uk/government/publications/economic-advisory-council-terms-of-reference,2022-10-17,train,rule_final,A2,A11,high,P3,,HMT published the terms of reference for an Economic Advisory Council announced by the Chancellor. It is an informational policy paper setting out the council’s purpose and membership concept; it does not create regulatory requirements for firms.,no_primary_function; class_disagrees_with_registry,,,,
1321,hmt:policy_papers#1321,User and Preparer Advisory Group Minutes: October 2022,HMT,policy_papers,https://www.gov.uk/government/publications/user-and-preparer-advisory-group-minutes-october-2022,2022-10-17,train,rule_final,A2,A11,high,P3,,"Minutes of an HMT advisory group meeting on government financial reporting, including updates on central and local government reporting, the Whole of Government Accounts timetable, thematic reviews, sustainability reporting, IPSASB/ICAEW matters and IFRS 17. It is an informational meeting record only and does not set requirements or deadlines for firms.",no_primary_function; class_disagrees_with_registry,,,,
1319,hmt:policy_papers#1319,Joint Statement: UK – U.S. Covered Agreement. Second meeting on the Joint Committee,HMT,policy_papers,https://www.gov.uk/government/publications/joint-statement-uk-us-covered-agreement-second-meeting-on-the-joint-committee,2022-10-26,train,rule_final,A2,A11,high,P3,,"HM Treasury, the US Treasury and the U.S. Trade Representative issued a joint statement on the second meeting of the UK–U.S. covered agreement Joint Committee. It summarises discussion areas on the bilateral prudential agreement for insurance and reinsurance; it does not set new requirements or dates.",no_primary_function; class_disagrees_with_registry,,,,
1318,hmt:policy_papers#1318,Treasury Minutes – November 2022,HMT,policy_papers,https://www.gov.uk/government/publications/treasury-minutes-november-2022,2022-11-07,train,rule_final,A2,A11,high,P3,,"HMT published its November 2022 Treasury Minutes, a government response to Public Accounts Committee reports on NHS England COVID-19 vaccination, PPE contracts, and Randox contracts. It sets out the government’s responses and commentary, but does not create regulatory requirements for firms. No action date or compliance deadline is stated.",no_primary_function; class_disagrees_with_registry; models_disagree,,,,
1316,hmt:policy_papers#1316,Autumn Statement 2022: documents,HMT,policy_papers,https://www.gov.uk/government/publications/autumn-statement-2022-documents,2022-11-17,train,rule_final,A2,A11,high,P3,,"HMT’s Autumn Statement 2022 sets out the government’s fiscal and tax plans, including changes to income tax thresholds, dividend and capital gains allowances, National Insurance thresholds, energy profits taxation and business rates support. It is a policy and budget announcement, not a regulatory rule or supervisory notice. No direct compliance deadline is created by this publication itself.",function_off_matrix; no_primary_function; class_disagrees_with_registry; models_disagree,,,,
1315,hmt:policy_papers#1315,Autumn Statement 2022: Energy Taxes Factsheet,HMT,policy_papers,https://www.gov.uk/government/publications/autumn-statement-2022-energy-taxes-factsheet,2022-11-17,train,rule_final,A2,A1,high,P1,Regulatory change; Legal; Prudential,"HM Treasury’s Autumn Statement 2022 factsheet announces changes to the Energy Profits Levy and the introduction of a new Electricity Generator Tax. This is a government tax-policy publication, relevant to affected energy companies, with the policy changes described on 17 November 2022.",class_disagrees_with_registry; models_disagree,,,,
1317,hmt:policy_papers#1317,Autumn Statement 2022: Business Rates Factsheet,HMT,policy_papers,https://www.gov.uk/government/publications/autumn-statement-2022-business-rates-factsheet,2022-11-17,train,rule_final,A2,A11,high,P3,,"This HMT factsheet announces the Autumn Statement 2022 business rates package worth £13.6 billion, including support for ratepayers facing higher bills from 1 April 2023 valuations. It is a policy paper explaining government measures, not a binding rule or guidance for firms.",no_primary_function; class_disagrees_with_registry; models_disagree,,,,
1314,hmt:policy_papers#1314,Terms of Reference: Review of the Energy Bill Relief Scheme,HMT,policy_papers,https://www.gov.uk/government/publications/terms-of-reference-review-of-the-energy-bill-relief-scheme,2022-11-17,train,rule_final,A2,A11,high,P3,,"HM Treasury published terms of reference for a review of the Energy Bill Relief Scheme, setting out the review’s context, scope, governance and timetable for reporting. It is an information document about the review process, not a rule change or binding requirement.",no_primary_function; class_disagrees_with_registry; models_disagree,,,,
1313,hmt:policy_papers#1313,Autumn Statement 2022: Cost of living support Factsheet,HMT,policy_papers,https://www.gov.uk/government/publications/autumn-statement-2022-cost-of-living-support-factsheet,2022-11-21,train,rule_final,A2,A11,high,P3,,"HMT published a factsheet explaining the Autumn Statement 2022 cost of living support package for households. It describes income support, energy bill help, benefits uprating, tax changes and the National Living Wage, plus winter support examples. It is informational and does not create obligations for firms.",no_primary_function; class_disagrees_with_registry,,,,
1312,hmt:policy_papers#1312,Minutes of the Trade Specialised Committee on VAT Administrative Cooperation and Recovery of Taxes: 6 October 2022,HMT,policy_papers,https://www.gov.uk/government/publications/minutes-of-the-trade-specialised-committee-on-vat-administrative-cooperation-and-recovery-of-taxes-6-october-2022,2022-11-25,train,rule_final,A2,A11,high,P3,,"HMT published minutes of the second UK-EU Trade Specialised Committee on VAT Administrative Cooperation and Recovery of Taxes, held on 6 October 2022. The paper describes the committee’s forum under the TCA for VAT cooperation, anti-fraud coordination and mutual assistance on tax recovery. It does not create new requirements or deadlines.",function_off_matrix; no_primary_function; class_disagrees_with_registry,,,,
1311,hmt:policy_papers#1311,Memorandum of Understanding on the United Kingdom-Singapore FinTech Bridge,HMT,policy_papers,https://www.gov.uk/government/publications/memorandum-of-understanding-on-the-united-kingdom-singapore-fintech-bridge,2022-11-25,train,rule_final,A2,A11,high,P3,,"HM Treasury and the Monetary Authority of Singapore signed a non-binding Memorandum of Understanding to strengthen UK-Singapore FinTech cooperation, including regular policy discussions, joint innovation work and support for firms exploring both markets. It takes effect on signature and has no direct regulatory requirements for firms.",no_primary_function; class_disagrees_with_registry; models_disagree,,,,
1310,hmt:policy_papers#1310,"EM on EU regulation 389/2012 (13979/22, COM(2022)539)",HMT,policy_papers,https://www.gov.uk/government/publications/em-on-eu-regulation-3892012-1397922-com2022539,2022-11-29,train,rule_final,A2,A11,high,P3,,"HM Treasury issued an explanatory memorandum on an EU proposal to amend Regulation 389/2012 on excise-duty administrative cooperation and electronic registers. It says the change extends information exchange for duty-paid movements in the EU and in Northern Ireland, but creates no new business obligations and is not expected to have UK business impact.",function_off_matrix; no_primary_function; class_disagrees_with_registry; models_disagree,,,,
1309,hmt:policy_papers#1309,Environmental Impacts of Spending Review 2021,HMT,policy_papers,https://www.gov.uk/government/publications/environmental-impacts-of-spending-review-2021,2022-12-05,train,rule_final,A2,A11,high,P3,,"HM Treasury published an analytical policy paper on the environmental impacts of Spending Review 2021, including environmental ratings and supporting narrative on its assessment approach. It is an informational publication responding to a Public Accounts Committee recommendation, with no new requirements or compliance deadline for firms.",no_primary_function; class_disagrees_with_registry,,,,
1308,hmt:policy_papers#1308,Treasury Minutes progress report – December 2022,HMT,policy_papers,https://www.gov.uk/government/publications/treasury-minutes-progress-report-december-2022,2022-12-05,train,rule_final,A2,A11,high,P3,,"This is a Treasury progress report to Parliament on how the Government is implementing previously accepted Public Accounts Committee recommendations across many past reports. It is an update document only, with no new regulatory requirements or compliance deadlines for firms.",no_primary_function; class_disagrees_with_registry; models_disagree,,,,
1306,hmt:policy_papers#1306,Ring-fencing reforms,HMT,policy_papers,https://www.gov.uk/government/publications/ring-fencing-reforms,2022-12-09,train,rule_final,A2,A11,high,P3,,HM Treasury published a policy paper responding to the independent review of ring-fencing and proprietary trading. It says the government intends to consult in mid-2023 on near-term reforms and issue a public call for evidence in Q1 2023 on aligning the ring-fencing and resolution regimes.,function_off_matrix; no_primary_function; class_disagrees_with_registry; models_disagree,,,,
1307,hmt:policy_papers#1307,Building a smarter financial services framework for the UK,HMT,policy_papers,https://www.gov.uk/government/publications/building-a-smarter-financial-services-framework-for-the-uk,2022-12-09,train,rule_final,A2,A11,high,P3,,"HM Treasury sets out its implementation plan for replacing retained EU law in UK financial services and moving to a fuller FSMA-based framework. It explains the phased approach, use of the Financial Services and Markets Bill powers, and early focus areas such as wholesale markets, prospectus, securitisation, Solvency II, payments and e-money, and PRIIPs. No direct firm obligations are created in this paper.",function_off_matrix; no_primary_function; class_disagrees_with_registry; models_disagree,,,,
1305,hmt:policy_papers#1305,Treasury Minutes – December 2022,HMT,policy_papers,https://www.gov.uk/government/publications/treasury-minutes-december-2022,2022-12-12,train,rule_final,A2,A11,high,P3,,"HM Treasury’s December 2022 Treasury Minutes sets out the government’s responses to Committee of Public Accounts reports, including waste crime, regulation after EU exit, whole-of-government accounts, electronic monitoring services and local air quality breaches. It is a response document and progress update, not a rule, guidance or enforcement notice. It contains some target implementation dates and policy intentions, but no direct new obligations for firms.",no_primary_function; class_disagrees_with_registry; models_disagree,,,,
1303,hmt:policy_papers#1303,Response to the remit and recommendations for the Financial Policy Committee: December 2022,HMT,policy_papers,https://www.gov.uk/government/publications/response-to-the-remit-and-recommendations-for-the-financial-policy-committee-december-2022,2022-12-13,train,rule_final,A2,A11,high,P3,,"HMT and the Bank of England publish the FPC’s response to the Chancellor’s remit and recommendations letter. It explains the Committee’s current assessment of financial stability risks, bank resilience, CCyB settings, market-based finance vulnerabilities, and work on LDI funds and energy market financing. It is informational and does not itself create new requirements.",no_primary_function; class_disagrees_with_registry; models_disagree,,,,
1304,hmt:policy_papers#1304,Memorandum of Understanding between the UK and the Republic of Chile,HMT,policy_papers,https://www.gov.uk/government/publications/memorandum-of-understanding-between-the-uk-and-the-republic-of-chile,2022-12-13,train,rule_final,A2,A11,high,P3,,"HM Treasury published a memorandum of understanding with the Republic of Chile on financial services collaboration. It records both governments’ intent to share best practices and policy developments to support financial stability, consumer protection and growth. It is a policy statement of international cooperation, not a binding rule, and no action date or compliance deadline is set.",function_off_matrix; no_primary_function; class_disagrees_with_registry,,,,
1302,hmt:policy_papers#1302,"Joint statement by HM Treasury, the CMA, the FCA and the PSR to update on the future of Open Banking",HMT,policy_papers,https://www.gov.uk/government/publications/joint-statement-by-hm-treasury-the-cma-the-fca-and-the-psr-to-update-on-the-future-of-open-banking,2022-12-16,train,rule_final,A2,A11,high,P3,,"HM Treasury, the FCA, the PSR and the CMA issued a joint statement updating their plans for the future of UK Open Banking and a successor entity to OBIE. It outlines three priorities—payments, a scalable model and sustainable funding—and describes desired features of the future governance framework, but it does not set binding requirements or dates.",function_off_matrix; no_primary_function; class_disagrees_with_registry; models_disagree,,,,
1301,hmt:policy_papers#1301,Terms of reference for the review of regulation for emerging technologies,HMT,policy_papers,https://www.gov.uk/government/publications/terms-of-reference-for-the-review-of-regulation-for-emerging-technologies,2022-12-18,train,rule_final,A2,A11,high,P3,,"HMT publishes terms of reference for Sir Patrick Vallance’s review of how the UK can better regulate emerging technologies. It sets the scope for work on pro-innovation regulation across sectors such as digital technology, life sciences and green industries, with further work to follow on advanced manufacturing and creative industries. This is an information-setting document only.",function_off_matrix; no_primary_function; class_disagrees_with_registry; models_disagree,,,,
1299,hmt:policy_papers#1299,Financial Inclusion Report 2021/22,HMT,policy_papers,https://www.gov.uk/government/publications/financial-inclusion-report-202122,2022-12-19,train,rule_final,A2,A11,high,P3,,"HMT’s 2021/22 Financial Inclusion Report summarises government work on access to cash, banking, credit, insurance, technology, vulnerable customers, savings and debt support. It is an informational policy report, not a rule change or consultation, though it references the Financial Services and Markets Bill and other ongoing initiatives. No direct obligations are created by the report itself.",function_off_matrix; no_primary_function; class_disagrees_with_registry; models_disagree,,,,
1300,hmt:policy_papers#1300,Women in Finance Charter: Treasury Progress Update,HMT,policy_papers,https://www.gov.uk/government/publications/women-in-finance-charter-treasury-progress-update,2022-12-19,train,rule_final,A2,A11,high,P3,,"HM Treasury publishes a progress update on its own commitments under the Women in Finance Charter, including that senior female representation rose to 50% by March 2022. It is an informational update on Treasury’s internal progress and future priorities, not a new rule or requirement for firms.",no_primary_function; class_disagrees_with_registry,,,,
1298,hmt:policy_papers#1298,Electricity generator levy technical note,HMT,policy_papers,https://www.gov.uk/government/publications/electricity-generator-levy-technical-note,2022-12-20,train,rule_final,A2,A1,high,P1,Regulatory change; Legal; Prudential,"HMT’s technical note sets out the proposed design and scope of the Electricity Generator Levy, a new tax on extraordinary returns from UK electricity generation. It is intended to help generators prepare ahead of the levy’s introduction from 1 January 2023 and to inform the legislation. The note is relevant to affected corporate groups and generation activities, including nuclear and renewables.",function_off_matrix; class_disagrees_with_registry; models_disagree,,,,
1297,hmt:policy_papers#1297,Economic Evidence to the Pay Review Bodies: January 2023,HMT,policy_papers,https://www.gov.uk/government/publications/economic-evidence-to-the-pay-review-bodies-january-2023,2023-01-05,train,rule_final,A2,A11,high,P3,,"HMT publishes an economic evidence paper for the 2023-24 public sector pay round. It discusses inflation, GDP, labour market conditions and fiscal context to inform Pay Review Bodies’ recommendations, but does not create obligations for firms. No compliance date or regulatory change is set for banks or other FS firms.",no_primary_function; class_disagrees_with_registry; models_disagree,,,,
1296,hmt:policy_papers#1296,UK - US financial services co-operation – statement on the seventh meeting of the Financial Regulatory Working Group,HMT,policy_papers,https://www.gov.uk/government/publications/uk-us-financial-services-co-operation-statement-on-the-seventh-meeting-of-the-financial-regulatory-working-group,2023-01-13,train,rule_final,A2,A11,high,P3,,"HM Treasury and the U.S. Treasury published a joint statement summarising the seventh UK-US Financial Regulatory Working Group meeting in December 2022. It describes discussion themes and future cooperation points; it does not set new rules, deadlines, or obligations for firms.",function_off_matrix; no_primary_function; class_disagrees_with_registry,,,,
1293,hmt:policy_papers#1293,EM on EU regulation 282/2011 (COM(2022)704),HMT,policy_papers,https://www.gov.uk/government/publications/em-on-eu-regulation-2822011-com2022704,2023-01-18,train,rule_final,A2,A11,high,P3,,"HM Treasury explains EU proposals for VAT in the Digital Age, including changes to marketplace VAT liability, One Stop Shop and e-invoicing, and a new EU data system. It is an explanatory memorandum on draft EU measures, not a UK rule, and the proposals may change before any future implementation. The document notes possible impacts on Northern Ireland and a staged timeline from 2024 to 2030.",function_off_matrix; no_primary_function; class_disagrees_with_registry; models_disagree,,,,
1292,hmt:policy_papers#1292,Treasury Minutes – January 2023,HMT,policy_papers,https://www.gov.uk/government/publications/treasury-minutes-january-2023,2023-01-19,train,rule_final,A2,A11,high,P3,,"HM Treasury’s January 2023 Treasury Minutes is a government response to Committee of Public Accounts reports. It records ministerial responses and target implementation dates for several cross-government issues, including public sector decarbonisation, animal health infrastructure, energy supplier regulation and fraud/error in benefits. It is informational only and does not itself create new regulatory obligations for firms.",no_primary_function; class_disagrees_with_registry; models_disagree,,,,
1291,hmt:policy_papers#1291,Charter for Budget Responsibility: Autumn 2022 update,HMT,policy_papers,https://www.gov.uk/government/publications/charter-for-budget-responsibility-autumn-2022-update,2023-01-26,train,rule_final,A2,A1,medium,P1,Legal; Regulatory change; Prudential,"HMT lays before Parliament the updated Charter for Budget Responsibility under the Budget Responsibility and National Audit Act 2011. It sets out the government’s fiscal mandate, debt management objectives and guidance to the OBR, including welfare cap-related reporting and publication requirements. The document is part of the statutory fiscal framework and applies immediately on publication, with some provisions requiring future Treasury publication or Parliamentary laying.",class_disagrees_with_registry,,,,
1288,hmt:policy_papers#1288,G7 Fundamental Elements for Threat-LED Penetration Testing,HMT,policy_papers,https://www.gov.uk/government/publications/g7-fundamental-elements-for-threat-led-penetration-testing,2023-02-03,train,rule_final,A2,A11,high,P3,Operational resilience; InfoSec; Risk,"The G7 published non-binding fundamental elements for threat-led penetration testing (TLPT) to help authorities and entities design, run and share results of cyber resilience tests. It is guidance for financial-sector entities, TLPT providers and authorities, with emphasis on scoping, multi-stakeholder coordination, information sharing and data protection. No compliance date or mandatory rule is created.",function_off_matrix; class_disagrees_with_registry; models_disagree,,,,
1290,hmt:policy_papers#1290,G7 Fundamental Elements of ransomware resilience for the financial sector,HMT,policy_papers,https://www.gov.uk/government/publications/g7-fundamental-elements-of-ransomware-resilience-for-the-financial-sector,2023-02-03,train,rule_final,A2,A11,high,P3,,"HMT has published the G7’s non-binding ransomware resilience principles for financial entities and their critical third-party providers. The paper sets out high-level cyber, governance, business continuity and sanctions-risk considerations, but does not create new requirements or deadlines. Firms can use it as reference material to strengthen ransomware preparedness and incident planning.",function_off_matrix; no_primary_function; class_disagrees_with_registry; models_disagree,,,,
1289,hmt:policy_papers#1289,G7 Fundamental Elements for third party cyber risk management in the financial sector,HMT,policy_papers,https://www.gov.uk/government/publications/g7-fundamental-elements-for-third-party-cyber-risk-management-in-the-financial-sector,2023-02-03,train,rule_final,A2,A11,high,P3,Operational resilience; InfoSec,"HMT publishes the G7’s revised, non-binding fundamental elements for third-party cyber risk management in the financial sector. The paper updates the 2018 material to cover ICT supply-chain risk, governance, due diligence, monitoring, incident response, contingency planning and cross-sector coordination. Firms and third parties are encouraged to use it as a toolkit; no compliance date or binding rule is created.",function_off_matrix; class_disagrees_with_registry; models_disagree,,,,
1286,hmt:policy_papers#1286,G7 Fundamental Elements for Effective Assessment of Cybersecurity in the financial sector,HMT,policy_papers,https://www.gov.uk/government/publications/g7-fundamental-elements-for-effective-assessment-of-cybersecurity-in-the-financial-sector,2023-02-03,train,rule_final,A2,A11,high,P3,,"HMT publishes non-binding G7 fundamental elements for assessing cybersecurity in the financial sector. The paper sets out desired outcomes and assessment components to help entities, supervisors and assessors evaluate cyber maturity and board oversight. It is guidance for discussion and review, not a rule or deadline-driven requirement.",function_off_matrix; no_primary_function; class_disagrees_with_registry; models_disagree,,,,
1287,hmt:policy_papers#1287,G7 Fundamental Elements for third party cyber risk management in the financial sector 24.10.2018,HMT,policy_papers,https://www.gov.uk/government/publications/g7-fundamental-elements-for-third-party-cyber-risk-management-in-the-financial-sector-24102018,2023-02-03,train,rule_final,A2,A11,high,P3,,"This G7 policy paper sets out non-binding fundamental elements for managing third-party cyber risk in the financial sector. It covers governance, risk assessment, monitoring, incident response, contingency planning and cross-sector coordination. It is guidance for entities and authorities to use as a reference, with no specific compliance date or legal obligation created by the document itself.",function_off_matrix; no_primary_function; class_disagrees_with_registry; models_disagree,,,,
1285,hmt:policy_papers#1285,Chancellor and Minister for Local Government and Building Safety commission new study on infrastructure planning,HMT,policy_papers,https://www.gov.uk/government/publications/chancellor-and-minister-for-local-government-and-building-safety-commission-new-study-on-infrastructure-planning,2023-02-10,train,rule_final,A2,A11,high,P3,,"The Chancellor commissions the National Infrastructure Commission to study infrastructure planning and the role of National Policy Statements. This is a policy paper setting out terms of reference, with a final report due by Spring 2023. It does not create or change obligations for firms.",no_primary_function; class_disagrees_with_registry; models_disagree,,,,
1284,hmt:policy_papers#1284,Public service pensions increase: 2023,HMT,policy_papers,https://www.gov.uk/government/publications/public-service-pensions-increase-2023,2023-02-20,train,rule_final,A2,A1,high,P1,Prudential; HR,"HM Treasury sets the 2023 increase for public service pensions in payment: 10.1% from 10 April 2023, with proportionate increases for pensions paid for less than a year. The note and multiplier tables are for scheme administrators to apply the annual uprating correctly.",function_off_matrix; class_disagrees_with_registry; models_disagree,,,,
1283,hmt:policy_papers#1283,Autumn Budget and Spending Review 2021: documents,HMT,policy_papers,https://www.gov.uk/government/publications/autumn-budget-and-spending-review-2021-documents,2023-02-21,train,rule_final,A2,A11,high,P3,,"This is HM Treasury’s Autumn Budget and Spending Review 2021 documents, setting out the government’s fiscal and spending plans, tax and public expenditure priorities, and economic context. It is a policy document rather than a rule, supervisory notice, or consultation. No direct compliance action or firm-specific deadline is created in the text provided.",function_off_matrix; no_primary_function; class_disagrees_with_registry; models_disagree,,,,
1282,hmt:policy_papers#1282,Treasury Minutes – February 2023,HMT,policy_papers,https://www.gov.uk/government/publications/treasury-minutes-february-2023,2023-02-23,train,rule_final,A2,A11,high,P3,,"HM Treasury’s Treasury Minutes publishes the Government’s responses to PAC reports on a range of public-sector topics, including children’s social care, accounting officer assessments, housing, workforce skills and central government property. It sets out responses and target implementation dates for government departments, but does not create requirements for financial firms.",no_primary_function; class_disagrees_with_registry; models_disagree,,,,
1281,hmt:policy_papers#1281,Basic bank accounts: July 2021 to June 2022,HMT,policy_papers,https://www.gov.uk/government/publications/basic-bank-accounts-july-2021-to-june-2022,2023-02-24,train,rule_final,A2,A11,high,P3,,"HM Treasury published annual statistics on basic bank accounts for July 2021 to June 2022. It reports account stocks, openings, closures, upgrades and refusals across the nine designated PCA providers under the Payment Account Regulations, and notes FCA is responsible for compliance. The paper is informational only and does not change rules or deadlines.",no_primary_function; class_disagrees_with_registry; models_disagree,,,,
1280,hmt:policy_papers#1280,Terms of reference for the independent review of university spin-outs,HMT,policy_papers,https://www.gov.uk/government/publications/terms-of-reference-for-the-independent-review-of-university-spin-outs,2023-03-09,train,rule_final,A2,A11,high,P3,,"HMT published terms of reference for an independent review of university spin-outs. The review will consult universities, investors and founders to identify best practice and compare the UK approach with other regimes. It is an information-setting policy paper, with no direct regulatory obligations or dates for firms.",no_primary_function; class_disagrees_with_registry; models_disagree,,,,
1275,hmt:policy_papers#1275,Spring Budget 2023 customs measures,HMT,policy_papers,https://www.gov.uk/government/publications/spring-budget-2023-customs-measures,2023-03-15,train,rule_final,A2,A11,high,P3,,"HMRC/HMT published a policy paper on the Spring Budget 2023 customs package, explaining measures to simplify customs import and export processes for businesses and proposing further reform areas informed by a prior call for evidence. It is informational and does not itself set new requirements or deadlines.",function_off_matrix; no_primary_function; class_disagrees_with_registry; models_disagree,,,,
1273,hmt:policy_papers#1273,Investment Zones,HMT,policy_papers,https://www.gov.uk/government/publications/investment-zones,2023-03-15,train,rule_final,A2,A11,high,P3,,"HM Treasury’s March 2023 Investment Zones policy paper sets out the government’s intended policy model and next steps for selected English areas to develop proposals for zone status. It outlines priority sectors, possible incentives and delivery approach, but it is not itself a binding rule or obligation on firms.",no_primary_function; class_disagrees_with_registry; models_disagree,,,,
1274,hmt:policy_papers#1274,Spring Budget 2023 – Disability White Paper Factsheet,HMT,policy_papers,https://www.gov.uk/government/publications/spring-budget-2023-disability-white-paper-factsheet,2023-03-15,train,rule_final,A2,A11,high,P3,,"HM Treasury published a factsheet summarising disability reforms announced in the Health and Disability White Paper. It is a policy paper and high-level government communication, with no financial-services requirements or deadlines stated.",no_primary_function; class_disagrees_with_registry,,,,
1272,hmt:policy_papers#1272,Enterprise Management Incentives Call for Evidence: Summary of Responses,HMT,policy_papers,https://www.gov.uk/government/publications/enterprise-management-incentives-call-for-evidence-summary-of-responses,2023-03-15,train,rule_final,A2,A3,high,P3,Regulatory change; Product,"HM Treasury publishes a summary of responses to the Enterprise Management Incentives call for evidence. It reflects stakeholder views on how EMI is used, its impact on recruitment and retention, and whether eligibility should be widened. It does not itself change the scheme or set a new deadline, but signals possible future policy changes.",class_disagrees_with_registry,,,,
1276,hmt:policy_papers#1276,Government response to the 2022 Fiscal Risks and Sustainability Report,HMT,policy_papers,https://www.gov.uk/government/publications/government-response-to-the-2022-fiscal-risks-and-sustainability-report,2023-03-15,train,rule_final,A2,A11,high,P3,,"HMT publishes a government response to the OBR’s 2022 Fiscal Risks and Sustainability Report, explaining the government’s fiscal strategy, public finance position and measures taken on energy support, debt and long-term sustainability. It is an informational policy paper and does not impose new requirements on firms.",no_primary_function; class_disagrees_with_registry; models_disagree,,,,
1279,hmt:policy_papers#1279,Spring Budget 2023 Factsheet: Cutting & Simplifying Tax for Businesses to Invest and Grow,HMT,policy_papers,https://www.gov.uk/government/publications/spring-budget-2023-factsheet-cutting-simplifying-tax-for-businesses-to-invest-and-grow,2023-03-15,train,rule_final,A2,A11,high,P3,,"HM Treasury published a Spring Budget 2023 factsheet describing planned tax measures on capital allowances, R&D support and tax simplification for businesses. It is an informational policy paper and does not itself create or change requirements.",no_primary_function; class_disagrees_with_registry; models_disagree,,,,
1278,hmt:policy_papers#1278,Spring Budget 2023 – Labour Market Factsheet,HMT,policy_papers,https://www.gov.uk/government/publications/spring-budget-2023-labour-market-factsheet,2023-03-15,train,rule_final,A2,A11,high,P3,,"HM Treasury published a Spring Budget 2023 factsheet describing labour market measures aimed at helping people enter work, increase hours and extend working lives. It is an informational policy paper and does not set out direct obligations for firms or a compliance deadline.",no_primary_function; class_disagrees_with_registry,,,,
1277,hmt:policy_papers#1277,Pro-innovation Regulation of Technologies Review: Digital Technologies,HMT,policy_papers,https://www.gov.uk/government/publications/pro-innovation-regulation-of-technologies-review-digital-technologies,2023-03-15,train,rule_final,A2,A11,high,P3,,"HM Government’s March 2023 review sets out recommendations for a pro-innovation regulatory approach to digital technologies, including AI, public data access, autonomous vehicles, drones, cyber security, and space/satellite tech. It is a policy review and not itself binding. Some recommendations may lead to future legislation, consultations or regulator action.",function_off_matrix; no_primary_function; class_disagrees_with_registry; models_disagree,,,,
1271,hmt:policy_papers#1271,Spring Budget 2023,HMT,policy_papers,https://www.gov.uk/government/publications/spring-budget-2023,2023-03-21,train,rule_final,A2,A11,high,P3,,"This is the UK Government’s Spring Budget 2023 policy paper, setting out fiscal and policy announcements made by the Chancellor. It is an information publication, not a regulatory rule or supervisory notice. The correction slip updates wording in the published document, including a clarification to the Train and Progress measure. No direct compliance action is created by the publication itself.",function_off_matrix; no_primary_function; class_disagrees_with_registry; models_disagree,,,,
1270,hmt:policy_papers#1270,Joint HM Treasury and FCA statement on the Criminal Market Abuse Regime,HMT,policy_papers,https://www.gov.uk/government/publications/joint-hm-treasury-and-fca-statement-on-the-criminal-market-abuse-regime,2023-03-24,train,rule_final,A2,A11,high,P3,,"HM Treasury and the FCA have published a joint policy statement confirming completion of their review of the criminal market abuse regime. It says the government sees scope to update criminal sanctions for insider dealing and market manipulation, but it does not itself change the law or set any deadlines.",function_off_matrix; no_primary_function; class_disagrees_with_registry; models_disagree,,,,
1269,hmt:policy_papers#1269,Sovereign Grant Act 2011: report of the Royal Trustees on the Sovereign Grant for 2023-24,HMT,policy_papers,https://www.gov.uk/government/publications/sovereign-grant-act-2011-report-of-the-royal-trustees-on-the-sovereign-grant-for-2023-24,2023-03-29,train,rule_final,A2,A12,high,P3,Legal,"HMT has published the Royal Trustees’ statutory report under the Sovereign Grant Act 2011 setting out the Sovereign Grant for 2023-24 and how it was calculated. It is a point-in-time parliamentary report explaining the determination process for the coming financial year, not a consultation or rule change. No action is imposed on regulated firms.",class_disagrees_with_registry; models_disagree,,,,
1265,hmt:policy_papers#1265,Treasury Minutes – March 2023,HMT,policy_papers,https://www.gov.uk/government/publications/treasury-minutes-march-2023,2023-03-30,train,rule_final,A2,A11,high,P3,,"This is a Treasury Minutes government response to Public Accounts Committee reports on several non-financial topics, including sport participation, HMRC performance, the UK Infrastructure Bank, integrated care systems and defence digital strategy. It is informational and records the government’s responses; it does not create new regulatory requirements for firms.",no_primary_function; class_disagrees_with_registry; models_disagree,,,,
1268,hmt:policy_papers#1268,HM Treasury Evaluation Strategy,HMT,policy_papers,https://www.gov.uk/government/publications/hm-treasury-evaluation-strategy,2023-03-30,train,rule_final,A2,A11,high,P3,,"HM Treasury published its Evaluation Strategy, setting out its approach to using evaluation in policy-making and supporting evaluation across government. It is an internal government strategy and does not create new rules or obligations for firms.",no_primary_function; class_disagrees_with_registry,,,,
1266,hmt:policy_papers#1266,Terms of reference for the review of foreign direct investment,HMT,policy_papers,https://www.gov.uk/government/publications/terms-of-reference-for-the-review-of-foreign-direct-investment,2023-03-30,train,rule_final,A2,A11,high,P3,,"HMT published terms of reference for a review led by Lord Harrington of Watford on how the UK can better attract foreign direct investment into key growth sectors, including digital technology, creative industries, life sciences, advanced manufacturing and green industries. It is a policy paper setting the review scope only, with no new obligations or deadlines stated.",no_primary_function; class_disagrees_with_registry; models_disagree,,,,
1267,hmt:policy_papers#1267,Pro-innovation Regulation of Technologies Review: Green Industries,HMT,policy_papers,https://www.gov.uk/government/publications/pro-innovation-regulation-of-technologies-review-green-industries,2023-03-30,train,rule_final,A2,A11,high,P3,,"HM Government publishes its response to the Vallance review on green industries, accepting all recommendations and outlining plans to review regulator capacity, improve grid connections and support net zero growth. It says some follow-on actions will be developed by autumn and this summer, but it does not create direct obligations for firms.",function_off_matrix; no_primary_function; class_disagrees_with_registry; models_disagree,,,,
1264,hmt:policy_papers#1264,Green finance strategy,HMT,policy_papers,https://www.gov.uk/government/publications/green-finance-strategy,2023-04-11,train,rule_final,A2,A11,high,P3,,"HMT publishes the 2023 Green Finance Strategy, setting out the government’s policy blueprint for mobilising green investment, transition planning, the UK Green Taxonomy, nature markets and support for green finance internationally. It is a strategic policy paper and does not itself impose firm obligations or immediate compliance dates.",no_primary_function; class_disagrees_with_registry; models_disagree,,,,
1263,hmt:policy_papers#1263,Spring Finance Bill 2023: Committee of the Whole House,HMT,policy_papers,https://www.gov.uk/government/publications/spring-finance-bill-2023-committee-of-the-whole-house,2023-04-14,train,rule_final,A2,A1,high,P1,Regulatory change; Legal; Prudential,This Finance Bill amendment changes the calculation of covered taxes for the multinational top-up tax by removing an unnecessary step in clause 174. It is part of the new tax regime and applies to the entities and tax calculations covered by the Bill once enacted.,class_disagrees_with_registry,,,,
1262,hmt:policy_papers#1262,Recommendations for the next phase of open banking in the UK,HMT,policy_papers,https://www.gov.uk/government/publications/recommendations-for-the-next-phase-of-open-banking-in-the-uk,2023-04-17,train,rule_final,A2,A11,high,P3,,"HMT’s Joint Regulatory Oversight Committee sets out recommendations and a 29-action roadmap for the next phase of UK open banking over the next two years. It focuses on making the ecosystem more sustainable, expanding open banking payments, and creating a scalable future data-sharing model. The document is strategic and directional, not a binding rule or consultation.",function_off_matrix; no_primary_function; class_disagrees_with_registry; models_disagree,,,,
1261,hmt:policy_papers#1261,Economic Advisory Council – Terms of Reference – April 2023,HMT,policy_papers,https://www.gov.uk/government/publications/economic-advisory-council-terms-of-reference-april-2023,2023-04-18,train,rule_final,A2,A11,high,P3,,HM Treasury updated the Terms of Reference for the Economic Advisory Council in April 2023. It is an advisory paper describing the council’s role in providing independent economic advice to the Chancellor; it does not create obligations for firms.,no_primary_function; class_disagrees_with_registry,,,,
1260,hmt:policy_papers#1260,India-UK 2nd Financial Markets Dialogue: Joint Statement,HMT,policy_papers,https://www.gov.uk/government/publications/india-uk-2nd-financial-markets-dialogue-joint-statement,2023-04-19,train,rule_final,A2,A11,high,P3,,"HM Treasury published a joint statement on the second India-UK Financial Markets Dialogue. It records discussions between UK and Indian government and regulatory officials on deepening financial services ties, including sustainable finance, insurance, asset management, capital markets, payments and cryptoassets. It is informational only and does not impose actions or deadlines.",function_off_matrix; no_primary_function; class_disagrees_with_registry,,,,
1259,hmt:policy_papers#1259,Government financial reporting review: Best practice examples from 2021-22,HMT,policy_papers,https://www.gov.uk/government/publications/government-financial-reporting-review-best-practice-examples-from-2021-22,2023-04-27,train,rule_final,A2,A11,high,P3,,"HM Treasury publishes examples of good practice in annual report and accounts for government entities, based on 2021-22 reports. It is guidance-style material aimed at improving narrative, accountability and financial reporting presentation, with no new requirements or deadlines for banks or other FS-regulated firms.",no_primary_function; class_disagrees_with_registry; models_disagree,,,,
1258,hmt:policy_papers#1258,"Joint Statement from the Specialised Committee on Financial Provisions, 10 May 2023",HMT,policy_papers,https://www.gov.uk/government/publications/joint-statement-from-the-specialised-committee-on-financial-provisions,2023-05-10,train,rule_final,A2,A11,high,P3,,"HMT published a joint statement with the European Commission noting progress on work streams for invoices the EU sends to the UK under the Financial Settlement. It is an informational policy paper only, with no new requirements, dates or actions for firms.",no_primary_function; class_disagrees_with_registry,,,,
1255,hmt:policy_papers#1255,Spring Finance Bill 2023: Public Bill Committee,HMT,policy_papers,https://www.gov.uk/government/publications/spring-finance-bill-2023-public-bill-committee,2023-05-15,train,rule_final,A2,A1,high,P1,Regulatory change; Legal; Prudential,"This Spring Finance Bill amendment excludes certain pension funds from a trust income tax relief calculation in ITA 2007. It changes the conditions for when the reduced de minimis estates amount applies to trustees, including where trust property is held for registered or occupational pension schemes. It is part of the Finance (No. 2) Bill process and affects trustees and pension-related arrangements.",class_disagrees_with_registry,,,,
1257,hmt:policy_papers#1257,Treasury Minutes – May 2023,HMT,policy_papers,https://www.gov.uk/government/publications/treasury-minutes-may-2023,2023-05-15,train,rule_final,A2,A11,high,P3,,"HM Treasury’s May 2023 Treasury Minutes respond to Public Accounts Committee reports on several government topics, including vulnerable adolescents, NHS backlogs, excess votes, COVID employment support schemes, and DVLA backlogs. It is a government response and progress update, not a rule, supervisory notice, or enforcement action. Some actions are mentioned with target dates such as December 2023, but no direct obligations are created for firms.",function_off_matrix; no_primary_function; class_disagrees_with_registry; models_disagree,,,,
1254,hmt:policy_papers#1254,"Conflict, Stability and Security Fund: Counter Terrorism Programme Fund programme summaries 2021 to 2022",HMT,policy_papers,https://www.gov.uk/government/publications/conflict-stability-and-security-fund-counter-terrorism-programme-fund-programme-summaries-2021-to-2022,2023-05-18,train,rule_final,A2,A11,high,P3,,"HMT and other government departments published annual programme summaries for the Conflict, Stability and Security Fund Counter Terrorism Programme Fund for 2021 to 2022. The paper explains the programmes’ aims, budgets, delivery partners and where they operate, but it does not impose any requirements on firms or set deadlines.",no_primary_function; class_disagrees_with_registry,,,,
1253,hmt:policy_papers#1253,Pro-innovation Regulation of Technologies Review: Life Sciences and the government response,HMT,policy_papers,https://www.gov.uk/government/publications/pro-innovation-regulation-of-technologies-review-life-sciences,2023-05-26,train,rule_final,A2,A11,high,P3,,"HMT published a review and government response on pro-innovation regulation for life sciences, covering medicines, medical devices, biotechnology and related areas. It sets out recommendations and background on regulation, skills, capacity, data and routes to market, but it does not itself impose new rules or deadlines.",function_off_matrix; no_primary_function; class_disagrees_with_registry; models_disagree,,,,
1252,hmt:policy_papers#1252,Financial Services & Markets Bill – Overseas Central Counterparties,HMT,policy_papers,https://www.gov.uk/government/publications/financial-services-markets-bill-overseas-central-counterparties,2023-05-26,train,rule_final,A2,A11,high,P3,,HM Treasury published a policy paper on technical amendments to the Financial Services and Markets Bill to help UK firms continue using certain non-UK central counterparties under the run-off regime. The note says the amendments would take effect only if approved by Parliament and are intended to avoid exit of some CCPs from the regime on 1 July 2023.,no_primary_function; class_disagrees_with_registry; models_disagree,,,,
1251,hmt:policy_papers#1251,Treasury Minutes progress report – June 2023,HMT,policy_papers,https://www.gov.uk/government/publications/treasury-minutes-progress-report-june-2023,2023-06-05,train,rule_final,A2,A11,high,P3,,"HM Treasury published a Treasury Minutes progress report updating Parliament on implementation of Public Accounts Committee recommendations across multiple sessions. It is a status report on government progress, not a regulatory rule, consultation, or supervisory notice. No direct obligations are created for firms.",function_off_matrix; no_primary_function; class_disagrees_with_registry; models_disagree,,,,
1250,hmt:policy_papers#1250,Review of the Oil and Gas Fiscal Regime: Terms of Reference,HMT,policy_papers,https://www.gov.uk/government/publications/review-of-the-oil-and-gas-fiscal-regime-terms-of-reference,2023-06-09,train,rule_final,A2,A3,high,P3,Prudential,"HM Treasury has published terms of reference for a review of the oil and gas fiscal regime announced in the 2022 Autumn Statement. It sets out the review’s context, objectives and scope, but does not set a consultation deadline, final rule, or compliance date. Relevant firms in the sector may wish to monitor the review.",function_off_matrix; class_disagrees_with_registry,,,,
1249,hmt:policy_papers#1249,Spring Finance Bill 2023: Report Stage,HMT,policy_papers,https://www.gov.uk/government/publications/spring-finance-bill-2023-report-stage,2023-06-13,train,rule_final,A2,A1,high,P1,Regulatory change; Legal; Prudential,"HM Treasury’s Spring Finance Bill 2023 report stage paper sets out government amendments and explanatory notes to tax legislation, including a domestic top-up tax applying from 31 December 2023 and changes to temporary full expensing, energy profits levy allowances, HMRC data powers and deposit schemes. It is relevant to firms affected by these tax measures and any related reporting or operational changes.",function_off_matrix; class_disagrees_with_registry,,,,
1248,hmt:policy_papers#1248,Pro-innovation Regulation of Technologies Review: Creative Industries,HMT,policy_papers,https://www.gov.uk/government/publications/pro-innovation-regulation-of-technologies-review-creative-industries,2023-06-14,train,rule_final,A2,A11,high,P3,,"HMT published a pro-innovation review on regulation in the creative industries. It sets out recommendations for possible regulatory reforms over the next 6-18 months across sub-sectors such as video games, advertising, live performance and fashion. It is a policy/research style report only and does not itself change rules or create obligations.",no_primary_function; class_disagrees_with_registry; models_disagree,,,,
1247,hmt:policy_papers#1247,Thematic Review of Non-investment Asset Valuation,HMT,policy_papers,https://www.gov.uk/government/publications/thematic-review-of-non-investment-asset-valuation,2023-06-15,train,rule_final,A2,A11,high,P3,,"HM Treasury published the results of a thematic review of non-investment asset valuation in the public sector. It says there may be merit in exploring changes to the current valuation regime and that further work, including a formal consultation, may follow. No new requirements are created in this paper.",function_off_matrix; no_primary_function; class_disagrees_with_registry; models_disagree,,,,
1246,hmt:policy_papers#1246,Treasury Minutes - June 2023,HMT,policy_papers,https://www.gov.uk/government/publications/treasury-minutes-june-2023,2023-06-22,train,rule_final,A2,A11,high,P3,,"This is a Treasury Minutes government response to Public Accounts Committee reports. It summarises how departments responded to recommendations on topics including fraud, digital services tax, business support, BBC digital and passport services, with some implementation updates and future publication plans. It does not create new regulatory requirements for firms.",function_off_matrix; no_primary_function; class_disagrees_with_registry; models_disagree,,,,
1245,hmt:policy_papers#1245,UK-EU Memorandum of Understanding on Financial Services Cooperation,HMT,policy_papers,https://www.gov.uk/government/publications/uk-eu-memorandum-of-understanding-on-financial-services-cooperation,2023-06-27,train,rule_final,A2,A11,high,P3,,"HMT and the European Commission published a UK-EU Memorandum of Understanding creating a framework for financial services regulatory cooperation and the Joint EU-UK Financial Regulatory Forum. It sets out how the parties will exchange views, share information and discuss regulatory developments, but it does not itself change UK firm obligations or set a compliance deadline.",function_off_matrix; no_primary_function; class_disagrees_with_registry; models_disagree,,,,
1244,hmt:policy_papers#1244,Economic crime plan 2023 to 2026,HMT,policy_papers,https://www.gov.uk/government/publications/economic-crime-plan-2023-to-2026,2023-06-29,train,rule_final,A2,A11,high,P3,,"HMT published the Economic Crime Plan 2023-2026, setting out government and public-private priorities to reduce money laundering, sanctions evasion, fraud and other economic crime. It is a strategic policy document rather than a binding rule or supervisory notice, and it does not itself create firm obligations. It is relevant to firms exposed to AML, sanctions and fraud risk.",function_off_matrix; no_primary_function; class_disagrees_with_registry; models_disagree,,,,
1243,hmt:policy_papers#1243,Scottish Income Tax outturn reconciliation for 2021-22,HMT,policy_papers,https://www.gov.uk/government/publications/scottish-income-tax-outturn-reconciliation-for-2021-22,2023-07-06,train,rule_final,A2,A11,high,P3,,"HMT explains how 2021-22 Scottish Income Tax outturn data is used to reconcile Scottish Government funding, increasing self-funding but reducing the block grant, with a net funding reduction for 2024-25. It is an explanatory policy paper for Scotland and does not create firm obligations.",no_primary_function; class_disagrees_with_registry; models_disagree,,,,
1241,hmt:policy_papers#1241,Data Reporting Services Regulations 2023 - Draft SI and Policy Note,HMT,policy_papers,https://www.gov.uk/government/publications/data-reporting-services-regulations-2023-draft-si-and-policy-note,2023-07-10,train,rule_final,A2,A1,high,P1,Regulatory change; Legal,"HM Treasury publishes a near-final draft statutory instrument and policy note for the Data Reporting Services Regulations 2023, replacing retained EU law for data reporting service providers and helping enable a UK consolidated tape. It is a technical consultation on the draft SI, and comments are requested by 21 August 2023. The instrument affects DRSPs, investment firms and market data arrangements.",function_off_matrix; class_disagrees_with_registry; models_disagree,,,,
1242,hmt:policy_papers#1242,Summary of Financial Inclusion Policy Forum meeting February 2023,HMT,policy_papers,https://www.gov.uk/government/publications/summary-of-financial-inclusion-policy-forum-meeting-february-2023,2023-07-10,train,rule_final,A2,A11,high,P3,,"HMT published a summary of the February 2023 Financial Inclusion Policy Forum meeting. It is an informational policy paper about collaboration on financial inclusion, not a rule, consultation or supervisory requirement. No obligations or deadlines are created for firms.",function_off_matrix; no_primary_function; class_disagrees_with_registry,,,,
1238,hmt:policy_papers#1238,Building a Smarter Financial Services Regulatory Framework: Delivery Plan,HMT,policy_papers,https://www.gov.uk/government/publications/building-a-smarter-financial-services-regulatory-framework-delivery-plan,2023-07-11,train,rule_final,A2,A11,high,P3,,"HM Treasury sets out its delivery plan for replacing retained EU law in financial services under FSMA 2023. It explains the phased programme, the role of regulators, and the use of the Regulatory Initiatives Grid to signal future changes. This is a strategic forward look and does not itself change rules or impose deadlines on firms.",function_off_matrix; no_primary_function; class_disagrees_with_registry; models_disagree,,,,
1236,hmt:policy_papers#1236,Investment Research Review,HMT,policy_papers,https://www.gov.uk/government/publications/investment-research-review,2023-07-11,train,rule_final,A2,A11,high,P3,,"HMT published the final outcome of the independent Investment Research Review. The report makes recommendations to government, the FCA and industry on improving the UK investment research market, including a research platform, wider retail access, issuer-sponsored research code of conduct, and possible regulatory changes. It is an awareness item rather than a binding rule or consultation.",no_primary_function; class_disagrees_with_registry; models_disagree,,,,
1239,hmt:policy_papers#1239,Securitisation Regulations 2023 - Draft SI and Policy Note,HMT,policy_papers,https://www.gov.uk/government/publications/securitisation-regulations-2023-draft-si-and-policy-note,2023-07-11,train,rule_final,A2,A3,high,P2,Regulatory change; Product,"HM Treasury has published a near-final draft Statutory Instrument and policy note on securitisation reform. It is a technical-check publication, not the final rules, and seeks comments by 21 August 2023. FCA and PRA rule changes to replace most firm-facing securitisation requirements are expected in Q3 2023.",class_disagrees_with_registry,,,,
1240,hmt:policy_papers#1240,Public Offers and Admissions to Trading Regulations 2023 – Draft SI and Policy Note,HMT,policy_papers,https://www.gov.uk/government/publications/public-offers-and-admissions-to-trading-regulations-2023-draft-si-and-policy-note,2023-07-11,train,rule_final,A2,A3,high,P2,Regulatory change; Legal; Product,"HM Treasury has published a near-final draft statutory instrument and policy note for the new Public Offers and Admissions to Trading regime. It explains how the current prospectus regime will be replaced and invites technical comments by 21 August 2023. Firms involved in capital raising, public offers or admissions to trading should review the changes and assess impacts.",function_off_matrix; class_disagrees_with_registry,,,,
1237,hmt:policy_papers#1237,Digitisation Taskforce,HMT,policy_papers,https://www.gov.uk/government/publications/digitisation-taskforce,2023-07-11,train,rule_final,A2,A11,high,P3,,"HMT has published a policy paper on the Digitisation Taskforce, which is considering reforms to the UK shareholding framework, including ending paper share certificates for traded companies and exploring options for private companies. The interim report invites industry feedback by 25 September 2023, and the taskforce will continue open engagement for six months before its final report.",function_off_matrix; no_primary_function; class_disagrees_with_registry; models_disagree,,,,
1235,hmt:policy_papers#1235,National Insurance Fund Investment Account Report & Accounts 2022 to 2023,HMT,policy_papers,https://www.gov.uk/government/publications/national-insurance-fund-investment-account-report-accounts-2022-to-2023,2023-07-12,train,rule_final,A2,A11,high,P3,,"HMT published the National Insurance Fund Investment Account Report & Accounts 2022-23, setting out the account’s performance, governance and audit for the year ended 31 March 2023. It is an annual report and parliamentary account under the Social Security Administration Act 1992, not a new rule or requirement. No action or compliance date is created for firms.",function_off_matrix; no_primary_function; class_disagrees_with_registry; models_disagree,,,,
1234,hmt:policy_papers#1234,Treasury Minutes - July 2023,HMT,policy_papers,https://www.gov.uk/government/publications/treasury-minutes-july-2023,2023-07-17,train,rule_final,A2,A11,high,P3,,"Treasury Minutes July 2023 sets out the government’s responses to Public Accounts Committee recommendations across several departments, including defence, HMRC, the Cabinet Office, Defra and health. It is a parliamentary response document and does not create financial-services obligations or set regulatory deadlines for firms.",function_off_matrix; no_primary_function; class_disagrees_with_registry; models_disagree,,,,
1232,hmt:policy_papers#1232,Memorandum of Understanding on Royal Taxation 2023,HMT,policy_papers,https://www.gov.uk/government/publications/memorandum-of-understanding-on-royal-taxation-2023,2023-07-20,train,rule_final,A2,A11,high,P3,,"HM Treasury published a memorandum explaining the voluntary tax arrangements for The King and The Prince of Wales, including how income tax, capital gains tax and inheritance tax are treated. It is an information document presented to Parliament under the Sovereign Grant Act, not a regulatory rule for firms. No action dates or obligations for regulated firms are set out.",no_primary_function; class_disagrees_with_registry; models_disagree,,,,
1233,hmt:policy_papers#1233,Report of the Royal Trustees on the Sovereign Grant Review 2023,HMT,policy_papers,https://www.gov.uk/government/publications/report-of-the-royal-trustees-on-the-sovereign-grant-review-2023,2023-07-20,train,rule_final,A2,A11,high,P3,,"This is a government report on the 2023 Sovereign Grant review under the Sovereign Grant Act 2011. It concludes the grant percentage should be reduced from 25% to 12% and notes future legislation may later reset the level once Buckingham Palace reservicing is complete, expected in 2026-27.",no_primary_function; class_disagrees_with_registry; models_disagree,,,,
1229,hmt:policy_papers#1229,Treasury Minutes – August 2023,HMT,policy_papers,https://www.gov.uk/government/publications/treasury-minutes-august-2023,2023-08-14,train,rule_final,A2,A11,high,P3,,"HM Treasury’s August 2023 Treasury Minutes is a government response to PAC reports, including education recovery, investment into the UK, pension cases, energy bills support, decarbonising the power sector and local auditor reporting. It records the government’s replies and positions, but does not itself set new FCA/PRA rules or obligations for banks.",no_primary_function; class_disagrees_with_registry; models_disagree,,,,
1228,hmt:policy_papers#1228,Block Grant Transparency: July 2023,HMT,policy_papers,https://www.gov.uk/government/publications/block-grant-transparency-july-2023,2023-08-16,train,rule_final,A2,A11,high,P3,,"HM Treasury published an explanatory policy paper and spreadsheet setting out how block grants for the Scottish Government, Welsh Government and Northern Ireland Executive are calculated. It is informational only and does not create or change requirements for firms.",no_primary_function; class_disagrees_with_registry; models_disagree,,,,
1227,hmt:policy_papers#1227,Cash Access Policy Statement,HMT,policy_papers,https://www.gov.uk/government/publications/cash-access-policy-statement,2023-08-18,train,rule_final,A2,A1,high,P1,Regulatory change; Legal,HMT has published a Cash Access Policy Statement setting out government policy on access to cash deposit and withdrawal services for relevant personal and business current accounts across the UK. It is published under FSMA 2000 as amended by the Financial Services and Markets Act 2023 and is intended to inform the FCA’s approach to reasonable provision of cash access services. No action date is stated in the text.,function_off_matrix; class_disagrees_with_registry; models_disagree,,,,
1226,hmt:policy_papers#1226,Public service pensions: 2020 valuations,HMT,policy_papers,https://www.gov.uk/government/publications/public-service-pensions-2020-valuations,2023-08-31,train,rule_final,A2,A1,high,P1,Legal; Regulatory change,"The Treasury has made the Public Service Pensions (Valuations and Employer Cost Cap) Directions 2023. They set the actuarial valuation and employer cost cap methodology for public service pension schemes, replacing the 2014 directions. The directions come into force the day after they are signed and apply to relevant public service pension schemes, including local government workers where specified.",class_disagrees_with_registry; models_disagree,,,,
1225,hmt:policy_papers#1225,UK-India 12th Economic and Financial Dialogue: Joint Statement,HMT,policy_papers,https://www.gov.uk/government/publications/uk-india-12th-economic-and-financial-dialogue-joint-statement,2023-09-11,train,rule_final,A2,A11,high,P3,,"HMT published a joint statement on the 12th UK-India Economic and Financial Dialogue. It sets out high-level outcomes and commitments on investment, financial market access, resilience, climate, infrastructure and technology, but does not create new UK regulatory requirements or deadlines.",no_primary_function; class_disagrees_with_registry,,,,
1224,hmt:policy_papers#1224,Treasury Minutes - September 2023,HMT,policy_papers,https://www.gov.uk/government/publications/treasury-minutes-september-2023,2023-09-14,train,rule_final,A2,A11,high,P3,,"Treasury Minutes responding to Committee of Public Accounts reports across several departments, including a section on HMCTS court and tribunals reform. It records government responses and progress updates; it does not itself create or amend financial-services obligations.",no_primary_function; class_disagrees_with_registry; models_disagree,,,,
1223,hmt:policy_papers#1223,Terms of Reference for the Finance: Interministerial Standing Committee,HMT,policy_papers,https://www.gov.uk/government/publications/terms-of-reference-for-the-finance-interministerial-standing-committee,2023-09-25,train,rule_final,A2,A11,high,P3,,"HM Treasury publishes the terms of reference for the Finance Interministerial Standing Committee, describing its purpose and membership across the UK Government and devolved administrations. It is an informational policy paper only and does not set regulatory requirements or deadlines for firms.",function_off_matrix; no_primary_function; class_disagrees_with_registry,,,,
1222,hmt:policy_papers#1222,EM on a UK/EU TCA Specialised Committee decision (COM(2023)527),HMT,policy_papers,https://www.gov.uk/government/publications/em-on-ukeu-horizon-governance-document-com23527,2023-09-27,train,rule_final,A2,A11,high,P3,,"HM Treasury explains a proposed EU Council Decision on the UK/EU TCA Specialised Committee decision that would bring into force UK association to Horizon Europe and Copernicus from 1 January 2024. UK researchers and businesses could access 2024 programme funding, while 2021-2023 commitments remain excluded except via the UK guarantee scheme. This is an explanatory memorandum, not a rule or obligation notice.",no_primary_function; class_disagrees_with_registry; models_disagree,,,,
1221,hmt:policy_papers#1221,UK Government Green Financing: 2021 to 2023 reports,HMT,policy_papers,https://www.gov.uk/government/publications/uk-government-green-financing,2023-09-28,train,rule_final,A2,A11,high,P3,,"HM Treasury published its 2023 UK Green Financing Allocation and Impact Report, updating investors and the public on the government’s green gilts and Green Savings Bonds programme. It reports 2022-23 allocations, first-year impact estimates, and progress against the Green Financing Framework’s transparency commitments. No new requirements are created for firms.",no_primary_function; class_disagrees_with_registry; models_disagree,,,,
1220,hmt:policy_papers#1220,Joint statement on the UK-U.S. Financial Regulatory Working Group meeting,HMT,policy_papers,https://www.gov.uk/government/publications/joint-statement-on-the-uk-us-financial-regulatory-working-group-meeting,2023-09-29,train,rule_final,A2,A11,high,P3,,"HM Treasury and US Treasury issued a joint statement summarising the eighth UK-US Financial Regulatory Working Group meeting and the main topics discussed and outcomes. It is informational only and does not set new rules, deadlines or obligations for firms.",no_primary_function; class_disagrees_with_registry,,,,
1219,hmt:policy_papers#1219,"Payment service contract termination rule changes: implementation, timings, and next steps",HMT,policy_papers,https://www.gov.uk/government/publications/payment-service-contract-termination-rule-changes-implementation-timings-and-next-steps,2023-10-02,train,rule_final,A2,A1,high,P1,Regulatory change; Legal,"HM Treasury sets out how planned changes to payment service contract termination rules will be implemented, including extending notice from two months to 90 days and requiring clear, tailored reasons for termination, subject to limited exceptions. It confirms the intended scope for payment service providers and payment accounts, including certain carve-outs for corporate users. The paper is guidance on forthcoming legislation, with government expecting firms to prepare now.",function_off_matrix; class_disagrees_with_registry; models_disagree,,,,
1218,hmt:policy_papers#1218,"EM on a TCA Specialised Committee decision (12523/23, COM(23)504)",HMT,policy_papers,https://www.gov.uk/government/publications/em-on-a-tca-specialised-committee-decision-1252323-com23504,2023-10-03,train,rule_final,A2,A11,high,P3,Prudential,"HM Treasury explains the UK position for an EU/UK Trade Specialised Committee decision on VAT administrative cooperation and tax recovery under the TCA. It describes technical implementing decisions on electronic forms, recovery assistance, service levels and UK financial contributions. The memorandum notes the decisions would be binding under international law and that payments would be due within 60 days of adoption.",function_off_matrix; class_disagrees_with_registry; models_disagree,,,,
1217,hmt:policy_papers#1217,World Bank 108th Development Committee Meeting: UK Governor's statement,HMT,policy_papers,https://www.gov.uk/government/publications/world-bank-108th-development-committee-meeting-uk-governors-statement,2023-10-12,train,rule_final,A2,A11,high,P3,,"The UK Governor’s statement to the World Bank Development Committee calls for international cooperation on reforming the global finance system and increasing financing and ambition. It is a policy speech/statement, not a rule, supervisory notice, or enforcement action, and creates no direct obligations for firms.",no_primary_function; class_disagrees_with_registry,,,,
1216,hmt:policy_papers#1216,Fairness Group Joint Public Statement,HMT,policy_papers,https://www.gov.uk/government/publications/fairness-group-joint-public-statement,2023-10-17,train,rule_final,A2,A11,high,P3,Compliance,"HMT published a joint public statement on government debt collection fairness with the debt advice sector. It describes voluntary Fairness Principles, aligned to FCA Treating Customers Fairly, and outlines ongoing collaborative work to improve treatment of people in debt and vulnerability. No new obligations or deadlines are created.",class_disagrees_with_registry; models_disagree,,,,
1215,hmt:policy_papers#1215,EM on Windsor Framework customs arrangements,HMT,policy_papers,https://www.gov.uk/government/publications/em-on-windsor-framework-customs-arrangements,2023-10-19,train,rule_final,A2,A1,medium,P1,Legal; Regulatory change,"This explanatory memorandum describes the Windsor Framework customs changes for goods and parcels moving between Great Britain and Northern Ireland, including the UK Internal Market Scheme and reduced customs formalities. Some measures are already in force, and the full green-lane arrangements are due from 30 September 2024. It is relevant to firms involved in trade, logistics and cross-border parcel movement.",function_off_matrix; class_disagrees_with_registry; models_disagree,,,,
1214,hmt:policy_papers#1214,"Joint Statement: EU-UK Financial Regulatory Forum, October 2023",HMT,policy_papers,https://www.gov.uk/government/publications/joint-statement-eu-uk-financial-regulatory-forum-october-2023,2023-10-23,train,rule_final,A2,A11,high,P3,,"HM Treasury and the European Commission published a joint statement recording discussions at the first EU-UK Financial Regulatory Forum on 19 October 2023. It is a public record of topics covered under the UK-EU financial services cooperation memorandum, with no rule change, consultation, or deadline.",function_off_matrix; no_primary_function; class_disagrees_with_registry,,,,
1212,hmt:policy_papers#1212,Economic Crime (Transparency and Enforcement) Bill 2022: overarching documents,HMT,policy_papers,https://www.gov.uk/government/publications/economic-crime-transparency-and-enforcement-bill-2022-overarching-documents,2023-10-26,train,rule_final,A2,A12,high,P1,Legal; Regulatory change,"HMT has published overarching documents for the Economic Crime (Transparency and Enforcement) Bill, which became the Economic Crime (Transparency and Enforcement) Act 2022 after Royal Assent on 14 March 2022. The pack includes the draft bill and fact sheets on the Register of Overseas Entities, unexplained wealth orders and sanctions. This is background/codified legislation material rather than a new rule or consultation.",function_off_matrix; class_disagrees_with_registry; models_disagree,,,,
1211,hmt:policy_papers#1211,"Joint statement from the Specialised Committee on Financial Provisions, 26 October 2023",HMT,policy_papers,https://www.gov.uk/government/publications/joint-statement-from-the-specialised-committee-on-financial-provisions-26-october-2023,2023-10-26,train,rule_final,A2,A11,high,P3,,HMT published a joint statement with the European Commission noting progress at the eighth meeting of the Specialised Committee on Financial Provisions. It is an informational policy paper about workstreams on invoices the EU sends to the UK under the Financial Settlement; it does not create new requirements.,no_primary_function; class_disagrees_with_registry,,,,
1210,hmt:policy_papers#1210,Economic Crime and Corporate Transparency Act 2023: ECHR memoranda,HMT,policy_papers,https://www.gov.uk/government/publications/economic-crime-and-corporate-transparency-bill-2022-echr-memoranda,2023-10-26,train,rule_final,A2,A11,high,P3,,This is an HMT policy paper publishing ECHR memoranda for the Economic Crime and Corporate Transparency Act 2023. It explains the human-rights compatibility statements for the Act and notes the Bill received Royal Assent on 26 October 2023. It does not itself create new operational requirements.,function_off_matrix; no_primary_function; class_disagrees_with_registry; models_disagree,,,,
1213,hmt:policy_papers#1213,HM Treasury and Financial Conduct Authority Regulatory Perimeter Meeting – July 2023,HMT,policy_papers,https://www.gov.uk/government/publications/hm-treasury-and-financial-conduct-authority-regulatory-perimeter-meeting-july-2023,2023-10-26,train,rule_final,A2,A11,high,P3,,"Record of a July 2023 meeting between HM Treasury and the FCA on the FCA’s Perimeter Report and the financial services regulatory perimeter. It is a discussion record only and does not create new rules, deadlines or obligations for firms.",function_off_matrix; no_primary_function; class_disagrees_with_registry,,,,
1209,hmt:policy_papers#1209,Update on plans for the regulation of fiat-backed stablecoins,HMT,policy_papers,https://www.gov.uk/government/publications/update-on-plans-for-the-regulation-of-fiat-backed-stablecoins,2023-10-30,train,rule_final,A2,A3,high,P2,Regulatory change; Product,"HM Treasury sets out its planned approach to regulate fiat-backed stablecoins used in UK payment chains. It says secondary legislation is expected as soon as possible and by early 2024, to bring issuance, custody and payment-chain activities into the UK regulatory perimeter and enable FCA regulation, with separate powers for systemic payment systems.",function_off_matrix; class_disagrees_with_registry,,,,
1208,hmt:policy_papers#1208,Extending the transitional period for third country benchmarks in the UK,HMT,policy_papers,https://www.gov.uk/government/publications/extending-the-transitional-period-for-third-country-benchmarks-in-the-uk,2023-11-08,train,rule_final,A2,A1,high,P1,Regulatory change; Legal; Prudential,HM Treasury has laid a statutory instrument extending the UK Benchmarks Regulation transitional period for third-country benchmarks from 31 December 2025 to 31 December 2030. The change comes into force on 1 January 2024 and affects firms using or referencing third-country benchmarks.,class_disagrees_with_registry,,,,
1207,hmt:policy_papers#1207,International Joint Statement on the Crypto-Asset Reporting Framework,HMT,policy_papers,https://www.gov.uk/government/publications/international-joint-statement-on-the-crypto-asset-reporting-framework,2023-11-10,train,rule_final,A2,A11,high,P3,,"HMT published a joint policy statement saying the UK and other jurisdictions intend to implement the OECD Crypto-Asset Reporting Framework and related CRS amendments, with exchanges expected to begin by 2027. It is an announcement of future implementation intentions, not the rules themselves.",function_off_matrix; no_primary_function; class_disagrees_with_registry; models_disagree,,,,
1206,hmt:policy_papers#1206,Treasury Minutes – November 2023,HMT,policy_papers,https://www.gov.uk/government/publications/treasury-minutes-november-2023,2023-11-13,train,rule_final,A2,A11,high,P3,Board,"HM Treasury issued its November 2023 Treasury Minutes, responding to Public Accounts Committee reports on COVID support schemes, fraud and corruption, digital transformation, and resetting government programmes. It explains the government’s position on controls, accountability and spending frameworks, but does not create new requirements for regulated firms.",function_off_matrix; class_disagrees_with_registry; models_disagree,,,,
1205,hmt:policy_papers#1205,Pro-innovation Regulation of Technologies Review: Advanced Manufacturing,HMT,policy_papers,https://www.gov.uk/government/publications/pro-innovation-regulation-of-technologies-review-advanced-manufacturing,2023-11-17,train,rule_final,A2,A11,high,P3,,"HMT published an intelligence report on pro-innovation regulation for advanced manufacturing. It discusses regulatory and standards opportunities across robotics, automation, clean transport, hydrogen, recycling and building materials, and makes recommendations for government and regulators. It is not a binding rule or supervisory notice, and no firm-specific deadline is created.",no_primary_function; class_disagrees_with_registry; models_disagree,,,,
1198,hmt:policy_papers#1198,UK Retail Disclosure Framework – Draft SI and Policy Note,HMT,policy_papers,https://www.gov.uk/government/publications/uk-retail-disclosure-framework-draft-si-and-policy-note,2023-11-22,train,rule_final,A2,A1,high,P2,Regulatory change; Legal; Compliance,"HM Treasury has published a near-final draft statutory instrument and policy note for a new UK retail disclosure framework for Consumer Composite Investments, replacing retained EU PRIIPs law. It invites technical comments by 2024-01-10. The draft sets the scope, key definitions and FCA rule-making powers, and is part of the wider Smarter Regulatory Framework under FSMA 2023.",function_off_matrix; class_disagrees_with_registry; models_disagree,,,,
1200,hmt:policy_papers#1200,Short Selling Regulations 2024,HMT,policy_papers,https://www.gov.uk/government/publications/short-selling-regulations-2024,2023-11-22,train,rule_final,A2,A1,high,P1,Regulatory change; Legal,"HM Treasury has laid draft Short Selling Regulations 2024 before Parliament. The draft designates short selling activities and sets the framework for FCA rules on settlement arrangements and notifications of significant net short positions, including a 0.2% threshold. It applies to shares and related instruments admitted to trading on UK trading venues. The regulations are a draft statutory instrument and will take effect only once made and brought into force.",class_disagrees_with_registry,,,,
1199,hmt:policy_papers#1199,Government response to the 2023 Fiscal Risks and Sustainability Report,HMT,policy_papers,https://www.gov.uk/government/publications/government-response-to-the-2023-fiscal-risks-and-sustainability-report,2023-11-22,train,rule_final,A2,A11,high,P3,,"HM Treasury’s response to the OBR’s 2023 Fiscal Risks and Sustainability Report explains the government’s fiscal risk management approach and related policy actions. It discusses public finances, labour inactivity, energy resilience and debt sustainability, but does not create or change requirements for firms. Published on 2023-11-22.",no_primary_function; class_disagrees_with_registry; models_disagree,,,,
1204,hmt:policy_papers#1204,Shared Outcomes Fund Round Three,HMT,policy_papers,https://www.gov.uk/government/publications/shared-outcomes-fund-round-three,2023-11-22,train,rule_final,A2,A11,high,P3,,"HMT published a Shared Outcomes Fund Round 3 paper summarising pilot projects funded across government for 2023-24 and 2024-25. It describes the aims, partner departments and funding for each pilot, including a net zero blended finance project, but it does not set rules or obligations for firms.",no_primary_function; class_disagrees_with_registry; models_disagree,,,,
1201,hmt:policy_papers#1201,Pro-innovation Regulation of Technologies Review: Cross-Cutting,HMT,policy_papers,https://www.gov.uk/government/publications/pro-innovation-regulation-of-technologies-review-cross-cutting,2023-11-22,train,rule_final,A2,A11,high,P3,,"HM Treasury’s review sets out recommendations for government and regulators to support pro-innovation regulation of emerging technologies. It is a policy paper and review, not a binding rule or supervisory notice. It may be of interest to firms involved in technology, innovation or regulated products, but it does not itself create new obligations or deadlines.",no_primary_function; class_disagrees_with_registry; models_disagree,,,,
1202,hmt:policy_papers#1202,Government response to the National Infrastructure Commission report on improving nationally significant infrastructure planning,HMT,policy_papers,https://www.gov.uk/government/publications/government-response-to-the-national-infrastructure-commission-report-on-improving-nationally-significant-infrastructure-planning,2023-11-22,train,rule_final,A2,A11,high,P3,,The government publishes a policy paper responding to the National Infrastructure Commission’s recommendations on improving nationally significant infrastructure planning in England. It sets out the government’s position on six recommendations and future reform direction over the next five years. No direct compliance action or binding requirement is created by this document.,no_primary_function; class_disagrees_with_registry; models_disagree,,,,
1203,hmt:policy_papers#1203,Autumn Statement 2023: National Insurance Factsheet,HMT,policy_papers,https://www.gov.uk/government/publications/autumn-statement-2023-national-insurance-factsheet,2023-11-22,train,rule_final,A2,A11,high,P3,,"HM Treasury published a factsheet on Autumn Statement 2023 changes cutting the main rates of National Insurance for employees and the self-employed and abolishing Class 2 NICs. It is an informational policy paper, not a rule, and does not set firm-specific compliance actions or deadlines.",no_primary_function; class_disagrees_with_registry; models_disagree,,,,
1196,hmt:policy_papers#1196,The mortgage guarantee scheme,HMT,policy_papers,https://www.gov.uk/government/publications/the-mortgage-guarantee-scheme,2023-11-23,train,rule_final,A2,A11,high,P3,,"HMT publishes an outline of the mortgage guarantee scheme, explaining its policy intent and high-level design to support high loan-to-value mortgage lending and home ownership. It is informational and does not itself impose requirements on lenders. The document is dated March 2021, though the publication metadata shows 2023-11-23.",no_primary_function; class_disagrees_with_registry; models_disagree,,,,
1195,hmt:policy_papers#1195,The Harrington Review of Foreign Direct Investment,HMT,policy_papers,https://www.gov.uk/government/publications/the-harrington-review-of-foreign-direct-investment,2023-11-23,train,rule_final,A2,A11,high,P3,,"HMT published the Harrington Review of Foreign Direct Investment, an independent review setting out recommendations to improve the UK’s FDI offer and government machinery. It is an intelligence/reporting document, not a rule, guidance, or enforcement notice. No direct obligations are created for firms.",no_primary_function; class_disagrees_with_registry; models_disagree,,,,
1194,hmt:policy_papers#1194,UK-Japan Financial Dialogue and Financial Regulatory Forum joint statement,HMT,policy_papers,https://www.gov.uk/government/publications/uk-japan-financial-dialogue-and-financial-regulatory-forum-joint-statement,2023-11-27,train,rule_final,A2,A11,high,P3,,"HMT published a UK-Japan Financial Dialogue and Financial Regulatory Forum joint statement recording discussions held in Tokyo on 27 November 2023. It is a public record of bilateral regulatory dialogue, with no new rules, obligations, or deadlines for firms.",no_primary_function; class_disagrees_with_registry,,,,
1193,hmt:policy_papers#1193,Specialised Committee on Participation in Union Programmes Provisional Agenda: 21 December 2021,HMT,policy_papers,https://www.gov.uk/government/publications/specialised-committee-on-participation-in-union-programmes-provisional-agenda-21-december-2021,2023-11-28,train,rule_final,A2,A11,high,P3,,"This is a provisional agenda for the first meeting of the EU-UK Specialised Committee on Participation in Union Programmes. It is an informational meeting notice only, with no rule changes, obligations, or deadlines for firms.",function_off_matrix; no_primary_function; class_disagrees_with_registry,,,,
1192,hmt:policy_papers#1192,Specialised Committee on Participation in Union Programmes Provisional Agenda: 22 September 2022,HMT,policy_papers,https://www.gov.uk/government/publications/specialised-committee-on-participation-in-union-programmes-provisional-agenda-22-september-2022,2023-11-28,train,rule_final,A2,A11,high,P3,,"This is a provisional agenda for a UK-EU committee meeting under the Trade and Cooperation Agreement. It lists discussion items, including a UK request about association to EU programmes, but it does not set rules, deadlines, or obligations.",function_off_matrix; no_primary_function; class_disagrees_with_registry; models_disagree,,,,
1191,hmt:policy_papers#1191,Autumn Statement 2023,HMT,policy_papers,https://www.gov.uk/government/publications/autumn-statement-2023,2023-11-30,train,rule_final,A2,A11,high,P3,,"HMT’s Autumn Statement 2023 is a budget-style policy paper summarising the Chancellor’s fiscal and economic measures, including tax, spending, business and energy announcements. It is a government publication rather than a binding financial-services rule or supervisory notice. It is mainly for awareness, with some measures potentially relevant to firms once implemented through later legislation or rules.",function_off_matrix; no_primary_function; class_disagrees_with_registry; models_disagree,,,,
1189,hmt:policy_papers#1189,Specialised Committee on Participation in Union Programmes Provisional Agenda: 4 December 2023,HMT,policy_papers,https://www.gov.uk/government/publications/specialised-committee-on-participation-in-union-programmes-provisional-agenda-4-december-2023,2023-12-01,train,rule_final,A2,A11,high,P3,,HMT published a provisional agenda for the 4 December 2023 meeting of the UK-EU Specialised Committee on Participation in Union Programmes under the Trade and Cooperation Agreement. It is a meeting agenda only and does not itself change rules or create obligations for firms.,function_off_matrix; no_primary_function; class_disagrees_with_registry,,,,
1188,hmt:policy_papers#1188,Further detail on HMT analysis of borrowing and interest rates,HMT,policy_papers,https://www.gov.uk/government/publications/further-detail-on-hmt-analysis-of-borrowing-and-interest-rates,2023-12-01,train,rule_final,A2,A11,high,P3,,HM Treasury published a policy paper giving extra methodological detail and supporting data on how it estimates the impact of additional government borrowing on interest rates. It is background analysis only and does not create requirements for firms.,no_primary_function; class_disagrees_with_registry,,,,
1190,hmt:policy_papers#1190,Specialised Committee on Participation in Union Programmes Minutes: 22 September 2022,HMT,policy_papers,https://www.gov.uk/government/publications/specialised-committee-on-participation-in-union-programmes-minutes-22-september-2022,2023-12-01,train,rule_final,A2,A11,high,P3,,"Minutes of the second meeting of the UK-EU Specialised Committee on Participation in Union Programmes, held on 22 September 2022. It is an informational record of discussions under the Trade and Cooperation Agreement and does not introduce any new rules or deadlines.",no_primary_function; class_disagrees_with_registry,,,,
1187,hmt:policy_papers#1187,Treasury Minutes progress report – December 2023,HMT,policy_papers,https://www.gov.uk/government/publications/treasury-minutes-progress-report-december-2023,2023-12-04,train,rule_final,A2,A11,high,P3,,"This Treasury Minutes progress report updates Parliament on the Government’s progress implementing accepted Public Accounts Committee recommendations across many past reports and sessions. It is a status update, not a new rule, consultation, or supervisory requirement. No direct obligations are created for firms.",no_primary_function; class_disagrees_with_registry; models_disagree,,,,
1185,hmt:policy_papers#1185,The Financial Services and Markets Act 2000 (The Ombudsman Scheme) Regulations 2024 – Draft SI and Policy Note,HMT,policy_papers,https://www.gov.uk/government/publications/the-financial-services-and-markets-act-2000-the-ombudsman-scheme-regulations-2024-draft-si-and-policy-note,2023-12-05,train,rule_final,A2,A3,high,P2,Regulatory change; Product; Legal,"HM Treasury has published a draft statutory instrument and policy note on changing who the Financial Ombudsman Service can charge case fees to. It would let the FOS charge claims management companies and other relevant professional representatives, alongside a consultation on FOS Plans and Budget 2024-25. Responses to the FOS consultation close on 30 January 2024; HM Treasury says it expects FOS to start charging by end-September 2024.",function_off_matrix; class_disagrees_with_registry,,,,
1186,hmt:policy_papers#1186,Decision No 1/2023 of the Specialised Committee on Participation in Union Programmes under the Trade and Cooperation Agreement adopting Protocols I and II and amending Annex 47 to the Trade and Cooperation Agreement,HMT,policy_papers,https://www.gov.uk/government/publications/draft-decision-no-12023-of-the-specialised-committee-on-participation-in-union-programmes-under-the-trade-and-cooperation-agreement-adopting-protocol,2023-12-05,train,rule_final,A2,A1,medium,P1,Regulatory change; Legal; Prudential,"This Decision under the UK-EU Trade and Cooperation Agreement adopts Protocols I and II and amends Annex 47 on UK participation in certain EU programmes. It takes effect on adoption and applies from 1 January 2024. The text sets the framework for UK entities’ participation and contributions to named Union programmes, including Horizon Europe-related arrangements.",class_disagrees_with_registry; models_disagree,,,,
1184,hmt:policy_papers#1184,Money Market Funds – Draft SI and Policy Note,HMT,policy_papers,https://www.gov.uk/government/publications/money-market-funds-draft-si-and-policy-note,2023-12-06,train,rule_final,A2,A1,high,P1,Regulatory change; Legal; Compliance; Product,"HMT has published a near-final draft statutory instrument and policy note that will replace retained EU law on money market funds with a new UK framework. It deletes certain passporting provisions, keeps the requirement for MMFs to be authorised or approved, and leaves detailed firm-facing rules to the FCA. Technical comments are invited by 2024-01-24.",function_off_matrix; class_disagrees_with_registry; models_disagree,,,,
1182,hmt:policy_papers#1182,Welsh Rates of Income Tax outturn reconciliation for 2021-22,HMT,policy_papers,https://www.gov.uk/government/publications/welsh-rates-of-income-tax-outturn-reconciliation-for-2021-22,2023-12-07,train,rule_final,A2,A11,high,P3,,"HM Treasury published an explanatory policy paper on the 2021-22 Welsh Rates of Income Tax outturn reconciliation. It explains how HMRC outturn data and revised ONS population estimates update the Welsh Government’s funding, with effects on 2024-25 funding. This is informational only and creates no direct obligations for firms.",no_primary_function; class_disagrees_with_registry; models_disagree,,,,
1183,hmt:policy_papers#1183,Customs simplification measures: December 2023,HMT,policy_papers,https://www.gov.uk/government/publications/customs-simplification-measures-december-2023,2023-12-07,train,rule_final,A2,A11,high,P3,,HMRC/HMT published a policy paper summarising next steps for measures to simplify customs import and export processes for traders. It is informational only and does not create new obligations or set a compliance date.,function_off_matrix; no_primary_function; class_disagrees_with_registry; models_disagree,,,,
1181,hmt:policy_papers#1181,EM about an amendment to EU decision 2021/512 (COM(2023)704),HMT,policy_papers,https://www.gov.uk/government/publications/em-about-an-amendment-to-eu-decision-2021512-com2023704,2023-12-12,train,rule_final,A2,A1,high,P1,Legal; Regulatory change; Prudential,"HM Treasury explains a proposal to extend the UK’s Northern Ireland VAT fuel derogation under the VAT Directive until 31 December 2026. It would let businesses continue using a flat-rate charge for private fuel use instead of detailed mileage records, reducing admin burdens. This is an EU/UK legislative step rather than a UK banking rule change.",class_disagrees_with_registry,,,,
1180,hmt:policy_papers#1180,Thematic review of performance reporting,HMT,policy_papers,https://www.gov.uk/government/publications/thematic-review-of-performance-reporting,2023-12-14,train,rule_final,A2,A12,high,P2,Regulatory change; Compliance; Product,"HMT’s thematic review of performance reporting proposes changes to the Financial Reporting Manual (FReM) and related Annual Report and Accounts guidance for central government bodies. It recommends removing some paragraphs, encouraging signposting to other sources, improving balanced reporting, and publishing training and best-practice materials. No fixed compliance date is stated, but departments and preparers are expected to adapt once the guidance is updated.",function_off_matrix; class_disagrees_with_registry; models_disagree,,,,
1179,hmt:policy_papers#1179,Women in Finance Charter: Treasury Progress Update 2023,HMT,policy_papers,https://www.gov.uk/government/publications/women-in-finance-charter-treasury-progress-update-2023,2023-12-15,train,rule_final,A2,A11,high,P3,,"HM Treasury published a progress update on its Women in Finance Charter commitments, including that female representation in senior management rose to 50% by March 2023. It is an informational update on the Treasury’s own internal progress and future priorities, with no new obligations for firms.",function_off_matrix; no_primary_function; class_disagrees_with_registry,,,,
1176,hmt:policy_papers#1176,Response to the VRP Working Group’s Blueprint for non-sweeping VRPs,HMT,policy_papers,https://www.gov.uk/government/publications/response-to-the-vrp-working-groups-blueprint-for-non-sweeping-vrps,2023-12-18,train,rule_final,A2,A11,high,P3,,"HMT, via the JROC, published its response to the VRP Working Group’s blueprint for phased rollout of non-sweeping variable recurring payments. It supports progressing initial use cases such as regulated utilities, regulated financial services, and payments to government, with a target third-quarter 2024 rollout discussed in the paper. This is an update on policy direction and industry planning, not a rule change.",function_off_matrix; no_primary_function; class_disagrees_with_registry; models_disagree,,,,
1177,hmt:policy_papers#1177,Joint Regulatory Oversight Committee update on actions to enable the next phase of open banking in the UK,HMT,policy_papers,https://www.gov.uk/government/publications/joint-regulatory-oversight-committee-update-on-actions-to-enable-the-next-phase-of-open-banking-in-the-uk,2023-12-18,train,rule_final,A2,A11,high,P3,Product,"The Joint Regulatory Oversight Committee gives a progress update on work to move UK open banking to its next phase, including the future entity, governance, funding and rollout of new services. It is an update on ongoing ecosystem work, not a new rule or consultation. The document says the Committee will publish a decision on the future entity early next year and mentions further work on open banking in Q1 next year.",function_off_matrix; class_disagrees_with_registry; models_disagree,,,,
1178,hmt:policy_papers#1178,Technical note: Electricity Generator Levy – new investment exemption,HMT,policy_papers,https://www.gov.uk/government/publications/technical-note-electricity-generator-levy-new-investment-exemption,2023-12-18,train,rule_final,A2,A1,high,P1,Regulatory change; Legal; Prudential,"HMT published a technical note on the Electricity Generator Levy new investment exemption. It explains that from 22 November 2023, receipts from qualifying new generating stations or capacity expansions decided after that date will not be subject to EGL. The note is informational only and says formal HMRC guidance will follow. The levy itself remains in force until 31 March 2028.",class_disagrees_with_registry; models_disagree,,,,
1175,hmt:policy_papers#1175,Group of Creditors to Ukraine: Statement on extending the debt deferral for Ukraine,HMT,policy_papers,https://www.gov.uk/government/publications/group-of-creditors-to-ukraine-statement-on-extending-the-debt-deferral-for-ukraine,2024-01-09,train,rule_final,A2,A11,high,P3,,"The UK, as part of Ukraine’s bilateral creditor group, issued a statement extending debt deferral for Ukraine. This is an informational government announcement with no direct requirements for firms. No action or deadline is imposed on regulated entities.",no_primary_function; class_disagrees_with_registry,,,,
1171,hmt:policy_papers#1171,Policy Design Document,HMT,policy_papers,https://www.gov.uk/government/publications/policy-design-document,2024-01-09,train,rule_final,A2,A11,high,P3,,"HM Treasury sets out the design of the new UK Infrastructure Bank, including its mission, operating principles, capital structure, headquarters in Leeds, and intended UK-wide scope. It also says legislation will be brought forward later to put the bank on a statutory footing and that a framework document will follow ahead of launch. This is policy design and planning, not a rule or obligation for firms.",function_off_matrix; no_primary_function; class_disagrees_with_registry; models_disagree,,,,
1173,hmt:policy_papers#1173,Keepwell Agreement,HMT,policy_papers,https://www.gov.uk/government/publications/keepwell-agreement,2024-01-09,train,rule_final,A2,A11,medium,P3,Legal,"HMT and UK Infrastructure Bank have amended and restated a keep well agreement. The deed confirms HMT’s funding support arrangements for UKIB, including a £22 billion funding cap, and replaces the prior agreement. It is a published agreement rather than a new rule or consultation.",function_off_matrix; class_disagrees_with_registry; models_disagree,,,,
1174,hmt:policy_papers#1174,User and Preparer Advisory Group Minutes: March 2023,HMT,policy_papers,https://www.gov.uk/government/publications/user-and-preparer-advisory-group-minutes-march-2023,2024-01-09,train,rule_final,A2,A11,high,P3,,"Minutes of the HMT User and Preparer Advisory Group meeting held on 8 March 2023, covering updates on performance reporting, local government, Whole of Government Accounts and sustainability reporting. This is a record of discussion only and does not set new requirements or deadlines.",no_primary_function; class_disagrees_with_registry,,,,
1172,hmt:policy_papers#1172,UKIB Framework Document,HMT,policy_papers,https://www.gov.uk/government/publications/ukib-framework-document,2024-01-09,train,rule_final,A2,A11,medium,P3,,"HMT published the UK Infrastructure Bank Framework Document, which sets the governance, accountability and operating framework between HMT, UKGI and UKIB. It explains the bank’s mission, investment principles, legal powers and board/governance arrangements, but it does not itself create regulatory requirements for regulated firms. The document may be updated and is to be reviewed within 12 months of launch.",function_off_matrix; no_primary_function; class_disagrees_with_registry; models_disagree,,,,
1170,hmt:policy_papers#1170,Central Counterparties Special Resolution Regime Code of Practice,HMT,policy_papers,https://www.gov.uk/government/publications/central-counterparties-special-resolution-regime-code-of-practice,2024-01-10,train,rule_final,A2,A12,high,P1,Regulatory change; Legal; Compliance,"HM Treasury has published a Code of Practice for the Central Counterparties Special Resolution Regime under FSMA 2023 Schedule 11. It explains how the Bank of England and Treasury may use CCP resolution powers and what they must have regard to. The code is issued now and will be updated periodically after consultation with the Bank, PRA and FCA.",function_off_matrix; class_disagrees_with_registry; models_disagree,,,,
1169,hmt:policy_papers#1169,Third Trade Specialised Committee on Customs Cooperation and Rules of Origin Minutes,HMT,policy_papers,https://www.gov.uk/government/publications/third-trade-specialised-committee-on-customs-cooperation-and-rules-of-origin-minutes,2024-01-11,train,rule_final,A2,A11,high,P3,,"HM Treasury published minutes of the third UK-EU Trade Specialised Committee on Customs Cooperation and Rules of Origin under the Trade and Cooperation Agreement. It is an informational policy paper about customs cooperation, rules of origin and related trade facilitation topics, with no new requirements or deadlines stated.",function_off_matrix; no_primary_function; class_disagrees_with_registry,,,,
1168,hmt:policy_papers#1168,Sovereign Infrastructure Guarantee,HMT,policy_papers,https://www.gov.uk/government/publications/sovereign-infrastructure-guarantee,2024-01-11,train,rule_final,A2,A9,high,P3,Prudential,"HMT published an amendment and restatement agreement for the Sovereign Infrastructure Guarantee between HMT and the UK Infrastructure Bank. It updates the terms of an existing government guarantee arrangement, effective on the date of the agreement. No new sector-wide regulatory obligations are set out for firms.",function_off_matrix; class_disagrees_with_registry; models_disagree,,,,
1167,hmt:policy_papers#1167,Treasury Minutes – January 2024,HMT,policy_papers,https://www.gov.uk/government/publications/treasury-minutes-january-2024,2024-01-15,train,rule_final,A2,A11,high,P3,,"HM Treasury’s January 2024 Treasury Minutes is the government’s response to PAC reports on issues including smart meters, urgent care, Bulb Energy and active travel. It records whether recommendations are accepted or rejected and describes progress, but it does not itself create new regulatory requirements for firms. No direct compliance action or deadline is set for banks.",function_off_matrix; no_primary_function; class_disagrees_with_registry; models_disagree,,,,
1166,hmt:policy_papers#1166,Report on the annual review of National Insurance contributions,HMT,policy_papers,https://www.gov.uk/government/publications/report-on-the-annual-review-of-national-insurance-contributions,2024-01-19,train,rule_final,A2,A11,high,P3,,"HM Treasury published a policy paper explaining why it did not lay a draft order to change certain National Insurance contribution rates and thresholds for 2024/25. It notes that Class 2 and Class 3 rates, the Small Profits Threshold, and Class 4 profit limits remain unchanged for 2024/25, while earlier NIC reductions were already legislated separately.",no_primary_function; class_disagrees_with_registry; models_disagree,,,,
1164,hmt:policy_papers#1164,Public service pensions increase: 2024,HMT,policy_papers,https://www.gov.uk/government/publications/public-service-pensions-increase-2024,2024-01-25,train,rule_final,A2,A1,medium,P1,Prudential; Ops,"HM Treasury publishes 2024 public service pensions increase multiplier tables and note. Public service pensions in payment for a year will rise by 6.7% from 8 April 2024, with shorter-payment pensions receiving a pro rata increase. Scheme administrators should use the tables to apply the annual increase correctly.",function_off_matrix; class_disagrees_with_registry; models_disagree,,,,
1163,hmt:policy_papers#1163,The Digital Pound Taskforce and Forums,HMT,policy_papers,https://www.gov.uk/government/publications/terms-of-central-bank-digital-currency-taskforce-terms-of-reference,2024-01-25,train,rule_final,A2,A11,high,P3,,"HM Treasury publishes updated terms of reference for the Digital Pound Taskforce, explaining its role in overseeing the design phase of a possible UK retail CBDC. It is governance and strategy information only; no digital pound is being introduced yet and no firm obligations are created.",no_primary_function; class_disagrees_with_registry; models_disagree,,,,
1162,hmt:policy_papers#1162,National Infrastructure and Construction Pipeline 2023,HMT,policy_papers,https://www.gov.uk/government/publications/national-infrastructure-and-construction-pipeline-2023,2024-02-02,train,rule_final,A2,A11,high,P3,,"HMT and the Infrastructure and Projects Authority publish the 2023 National Infrastructure and Construction Pipeline, setting out planned and projected UK public and private infrastructure investment over the next 10 years, including procurement volumes, regional split, funding mix and MMC use. It is an informational pipeline update for the market and government, with no new rules, deadlines or obligations for firms.",function_off_matrix; no_primary_function; class_disagrees_with_registry; models_disagree,,,,
1161,hmt:policy_papers#1161,Specialised Committee on Participation in Union Programmes Minutes: 4 December 2023,HMT,policy_papers,https://www.gov.uk/government/publications/specialised-committee-on-participation-in-union-programmes-minutes-4-december-2023,2024-02-02,train,rule_final,A2,A11,high,P3,,"Minutes of the UK-EU Specialised Committee on Participation in Union Programmes meeting held on 4 December 2023. It is an informational policy paper about the committee’s discussions and has no direct regulatory change, deadline, or obligation for firms.",no_primary_function; class_disagrees_with_registry,,,,
1160,hmt:policy_papers#1160,Joint statement on the UK-U.S. Financial Regulatory Working Group meeting - January 2024,HMT,policy_papers,https://www.gov.uk/government/publications/joint-statement-on-the-uk-us-financial-regulatory-working-group-meeting-january-2024,2024-02-05,train,rule_final,A2,A11,high,P3,,"HM Treasury and US Treasury published a joint statement summarising the ninth UK-US Financial Regulatory Working Group meeting held on 31 January 2024. It is a public record of discussions and outcomes only; it does not set new rules, deadlines or obligations for firms.",no_primary_function; class_disagrees_with_registry,,,,
1159,hmt:policy_papers#1159,Treasury Minutes – February 2024,HMT,policy_papers,https://www.gov.uk/government/publications/treasury-minutes-february-2024,2024-02-15,train,rule_final,A2,A11,high,P3,,"HMT’s Treasury Minutes is a government response to the Public Accounts Committee on several departments’ reports, including Making Tax Digital. It summarises HMRC’s planned rollout of Making Tax Digital for Income Tax Self Assessment and other public-sector issues, but it does not itself create or change rules for firms.",no_primary_function; class_disagrees_with_registry; models_disagree,,,,
1158,hmt:policy_papers#1158,Update to the Transition from Existing Digital Services Taxes to Pillar 1,HMT,policy_papers,https://www.gov.uk/government/publications/update-to-the-transition-from-existing-digital-services-taxes-to-pillar-1,2024-02-15,train,rule_final,A2,A11,high,P3,,"HMT published a policy paper updating the political compromise on the transition from existing digital services taxes to Pillar 1. The UK and several other countries agreed to extend the compromise through 30 June 2024 while multilateral negotiations continue. This is an informational update for firms with cross-border tax exposure, not a binding rule change.",function_off_matrix; no_primary_function; class_disagrees_with_registry; models_disagree,,,,
1157,hmt:policy_papers#1157,Joint Statement: UK – U.S. Covered Agreement. Third meeting of the Joint Committee,HMT,policy_papers,https://www.gov.uk/government/publications/joint-statement-uk-us-covered-agreement-third-meeting-of-the-joint-committee,2024-02-21,train,rule_final,A2,A11,high,P3,,"HM Treasury and US Treasury issued a joint statement recording the third Joint Committee meeting under the UK-U.S. Covered Agreement on prudential measures for insurance and reinsurance. It summarises what was discussed and any outcomes from the meeting held on 20 February 2024. No new rules, deadlines or obligations are created.",function_off_matrix; no_primary_function; class_disagrees_with_registry,,,,
1156,hmt:policy_papers#1156,Economic Evidence to the Pay Review Bodies: February 2024,HMT,policy_papers,https://www.gov.uk/government/publications/economic-evidence-to-the-pay-review-bodies-february-2024,2024-02-29,train,rule_final,A2,A11,high,P3,,"HM Treasury publishes economic evidence for the 2024-25 Pay Review Bodies pay round. It sets out inflation, labour market and fiscal context for public sector pay recommendations, but does not create rules or obligations for financial firms. No action is required by a bank unless it is using this as macroeconomic background.",no_primary_function; class_disagrees_with_registry; models_disagree,,,,
1155,hmt:policy_papers#1155,Economic Crime and Corporate Transparency Act 2023: Factsheets,HMT,policy_papers,https://www.gov.uk/government/publications/economic-crime-and-corporate-transparency-act-2023-factsheets,2024-03-01,train,rule_final,A2,A11,high,P3,,"HMT and partner departments published factsheets explaining measures in the Economic Crime and Corporate Transparency Act 2023, including Companies House reform, beneficial ownership, identity verification, company names, limited partnerships, SLAPPs and cryptoassets. This is an informational package about the Act’s measures, not a new rule or consultation. It helps firms understand the regime but does not itself set a compliance date.",function_off_matrix; no_primary_function; class_disagrees_with_registry; models_disagree,,,,
1152,hmt:policy_papers#1152,Investment Zones update,HMT,policy_papers,https://www.gov.uk/government/publications/investment-zones-update,2024-03-06,train,rule_final,A2,A11,high,P3,,"The government published an update giving further details on six Investment Zones in England, including spending and tax interventions for five zones and location, sector and anchor investor information for Tees. It is informational and does not set out a new regulatory requirement for firms.",no_primary_function; class_disagrees_with_registry,,,,
1153,hmt:policy_papers#1153,Spring Budget 2024: Non-UK domiciled individuals - Policy Summary,HMT,policy_papers,https://www.gov.uk/government/publications/spring-budget-2024-non-uk-domiciled-individuals-policy-summary,2024-03-06,train,rule_final,A2,A11,high,P3,,"The UK government published a policy summary announcing that from April 2025 it will abolish the current tax regime for non-UK domiciled individuals and replace domicile with a residence-based tax regime. This is a policy announcement and summary, not the legislation itself.",function_off_matrix; no_primary_function; class_disagrees_with_registry; models_disagree,,,,
1154,hmt:policy_papers#1154,Spring Budget 2024: Personal Tax Factsheet,HMT,policy_papers,https://www.gov.uk/government/publications/spring-budget-2024-personal-tax-factsheet,2024-03-06,train,rule_final,A2,A1,medium,P1,Legal; Regulatory change,"HM Treasury published a Spring Budget 2024 personal tax factsheet describing changes to National Insurance and the High Income Child Benefit Charge. This is a government policy paper announcing tax changes, not a regulatory consultation or FCA/PRA rule. Firms should assess any payroll, benefits, and employer tax impacts once the underlying legislation or finance bill measures are available.",class_disagrees_with_registry; models_disagree,,,,
1150,hmt:policy_papers#1150,Spring Budget 2024,HMT,policy_papers,https://www.gov.uk/government/publications/spring-budget-2024,2024-03-06,train,rule_final,A2,A1,high,P1,Regulatory change; Legal; Prudential,"The Spring Budget 2024 announces tax changes, including cuts to employee and self-employed National Insurance from 6 April 2024. It is a government fiscal statement, not a financial-services rule, but it may affect payroll, tax, and financial planning for firms and staff once the changes take effect.",class_disagrees_with_registry,,,,
1151,hmt:policy_papers#1151,"Memorandum of Understanding for the ""Trailblazer"" Single Settlements for Greater Manchester and West Midlands Combined Authorities",HMT,policy_papers,https://www.gov.uk/government/publications/memorandum-of-understanding-for-the-trailblazer-single-settlements-for-greater-manchester-and-west-midlands-combined-authorities,2024-03-06,train,rule_final,A2,A11,high,P3,,"HM Treasury sets out a memorandum of understanding for single settlements with Greater Manchester and West Midlands combined authorities. It explains the funding scope, governance, risk management, accountability and next steps, including further annexes to be published by spring 2024. This is a policy/intelligence document about local government devolution, not a financial-services rule or supervisory notice.",function_off_matrix; no_primary_function; class_disagrees_with_registry; models_disagree,,,,
1149,hmt:policy_papers#1149,The Payment Services (Amendment) Regulations 2024 – policy note,HMT,policy_papers,https://www.gov.uk/government/publications/the-payment-services-amendment-regulations-2024-policy-note,2024-03-12,train,rule_final,A2,A1,high,P1,Legal; Regulatory change; Compliance; Financial crime; Ops,"HM Treasury’s policy note accompanies a near-final statutory instrument amending the Payment Services Regulations 2017. It would let payment service providers delay outbound payment execution by up to four business days where there are reasonable grounds to suspect fraud or dishonesty, to help tackle APP fraud. This is a draft near-final SI published for technical comments before it is laid before Parliament.",function_off_matrix; class_disagrees_with_registry; models_disagree,,,,
1148,hmt:policy_papers#1148,British Council framework document,HMT,policy_papers,https://www.gov.uk/government/publications/british-council-framework-document,2024-03-13,train,rule_final,A2,A12,high,P3,Legal; Regulatory change,"HMT has published the British Council framework document, which sets out the governance, accountability and working relationship between the FCDO and the British Council. It is a framework document for a public body, not a financial-services rule or supervisory notice, and it does not impose compliance deadlines on firms.",function_off_matrix; class_disagrees_with_registry; models_disagree,,,,
1147,hmt:policy_papers#1147,Payment service contract termination rule changes – Draft SI and Policy Note,HMT,policy_papers,https://www.gov.uk/government/publications/payment-service-contract-termination-rule-changes-draft-si-and-policy-note,2024-03-14,train,rule_final,A2,A1,high,P1,Regulatory change; Legal; Compliance; Product,"HM Treasury has published a draft Statutory Instrument and policy note to change payment service contract termination rules under the Payment Services Regulations 2017. The reforms would apply to providers of payment services and to indefinite framework contracts entered into on or after commencement, with targeted exceptions for intermediated business models. This is a near-final draft for technical checking before being laid before Parliament.",function_off_matrix; class_disagrees_with_registry,,,,
1146,hmt:policy_papers#1146,Communiqués from the Finance: Interministerial Standing Committee,HMT,policy_papers,https://www.gov.uk/government/publications/communiques-from-the-finance-interministerial-standing-committee,2024-03-21,train,rule_final,A2,A11,high,P3,,"A policy paper publishing communiqués from the Finance: Interministerial Standing Committee, which records meetings between the UK Government Chief Secretary to the Treasury and devolved finance ministers. It is an informational record of discussions on economic and finance matters and does not set rules or deadlines for firms.",no_primary_function; class_disagrees_with_registry,,,,
1143,hmt:policy_papers#1143,Building a Smarter Financial Services Regulatory Framework: Next Phase,HMT,policy_papers,https://www.gov.uk/government/publications/building-a-smarter-financial-services-regulatory-framework-next-phase,2024-03-21,train,rule_final,A2,A12,high,P1,Regulatory change; Compliance; Legal; Prudential; Product,"HM Treasury’s March 2024 policy paper updates progress on the Smarter Financial Services Regulatory Framework and explains the next phase of replacing assimilated law with UK rules. It highlights completed and expected statutory changes across insurer capital, prospectuses, market data reporting, securitisation and payment services. The paper is informational, but it signals further legislative and rulemaking work for affected firms.",function_off_matrix; class_disagrees_with_registry; models_disagree,,,,
1145,hmt:policy_papers#1145,Public Service Pensions and Judicial Offices Act 2022: Treasury Directions - December 2022 to March 2024,HMT,policy_papers,https://www.gov.uk/government/publications/public-service-pensions-and-judicial-offices-act-2022-treasury-directions-december-2022-march-2024,2024-03-21,train,rule_final,A2,A1,high,P1,Legal; Regulatory change; Prudential,"The Treasury made and brought into force amendments to directions under the Public Service Pensions and Judicial Offices Act 2022 on 21 March 2024. The changes update pension scheme transfer, compensation and interest calculation rules for Chapter 1 schemes, judicial schemes and local government schemes, including references to tax penalties and NS&I-linked interest rates.",class_disagrees_with_registry,,,,
1142,hmt:policy_papers#1142,Sovereign Grant Act 2011: report of the Royal Trustees on the Sovereign Grant for 2024-25,HMT,policy_papers,https://www.gov.uk/government/publications/sovereign-grant-act-2011-report-of-the-royal-trustees-on-the-sovereign-grant-for-2024-25,2024-03-25,train,rule_final,A2,A1,medium,P1,Legal; Regulatory change,"This HMT report sets out the Sovereign Grant 2024-25 calculation and records that £86.3 million will be paid to the Royal Household. It also reflects the amended statutory formula under the Sovereign Grant Act 2011 and SI 2024/52, which changed the step 1 percentage to 12%.",class_disagrees_with_registry,,,,
1140,hmt:policy_papers#1140,Accelerated Settlement Taskforce,HMT,policy_papers,https://www.gov.uk/government/publications/accelerated-settlement-taskforce,2024-03-28,train,rule_final,A2,A11,high,P3,,"HMT published the Accelerated Settlement Taskforce report and government response. The government accepted the recommendations to move UK securities settlement to T+1 no later than 31 December 2027 and to create a Technical Group to work through implementation, including a 2025 date for mandated technical and operational changes. This is policy/market direction rather than a binding rule.",function_off_matrix; no_primary_function; class_disagrees_with_registry; models_disagree,,,,
1141,hmt:policy_papers#1141,Treasury Minutes – March 2024,HMT,policy_papers,https://www.gov.uk/government/publications/treasury-minutes-march-2024,2024-03-28,train,rule_final,A2,A11,high,P3,,"HM Treasury’s March 2024 Treasury Minutes set out the government’s responses to Public Accounts Committee reports on flooding, defence inventory management, whole of government accounts, HS2/Euston, and reducing illegal drugs harm. It is a parliamentary response document and does not itself create new rules or obligations for firms. The only date-specific commitments are government implementation targets for its own actions, including end-2024 and end-2025 milestones.",no_primary_function; class_disagrees_with_registry; models_disagree,,,,
1139,hmt:policy_papers#1139,Seizing the Opportunity: Delivering Efficiency for the Public,HMT,policy_papers,https://www.gov.uk/government/publications/seizing-the-opportunity-delivering-efficiency-for-the-public,2024-04-03,train,rule_final,A2,A11,high,P3,,"HM Treasury published a policy paper setting out the government’s plan to improve efficiency across public services, including procurement, fraud reduction, major projects, asset management and digital transformation. It is an overview of intended government activity and savings ambitions, not a rule, consultation or supervisory notice for firms. No direct obligations or firm-specific deadlines are stated.",function_off_matrix; no_primary_function; class_disagrees_with_registry; models_disagree,,,,
1138,hmt:policy_papers#1138,UK Independent Film Tax Credit,HMT,policy_papers,https://www.gov.uk/government/publications/uk-independent-film-tax-credit,2024-04-12,train,rule_final,A2,A11,high,P3,,"HM Treasury and HMRC published a policy note giving extra detail on the UK Independent Film Tax Credit, including eligibility criteria and how the credit will be calculated. It explains the measure announced at Spring Budget 2024 but does not itself create or change obligations for banks.",function_off_matrix; no_primary_function; class_disagrees_with_registry; models_disagree,,,,
1137,hmt:policy_papers#1137,Memorandum of understanding: between the Financial Conduct Authority and the Bank of England (exercising its prudential regulation functions),HMT,policy_papers,https://www.gov.uk/government/publications/memorandum-of-understanding-between-the-financial-conduct-authority-and-the-prudential-regulation-authority,2024-04-18,train,rule_final,A2,A12,high,P3,Regulatory change; Compliance; Legal,"The FCA and the Bank of England (acting as PRA) have updated their Memorandum of Understanding on coordination and cooperation, replacing the 2019 version. It sets out each regulator’s roles and information-sharing arrangements across FSMA and related legislation. This is a framework document rather than a new rule, and it does not itself create new obligations for firms.",function_off_matrix; class_disagrees_with_registry; models_disagree,,,,
1136,hmt:policy_papers#1136,Proposals for the design of the future entity for UK Open Banking,HMT,policy_papers,https://www.gov.uk/government/publications/proposals-for-the-design-of-the-future-entity-for-uk-open-banking,2024-04-19,train,rule_final,A2,A3,high,P2,Product; Regulatory change,"HMT-led JROC published consultation proposals on the design of the future entity for UK open banking and the interim entity. It asks for comments by 20 May 2024 on governance, funding, scope and transition arrangements for the body that will replace Open Banking Limited and may extend beyond current CMA Order activities.",function_off_matrix; class_disagrees_with_registry,,,,
1135,hmt:policy_papers#1135,Changes to the taxation of non-UK domiciled individuals,HMT,policy_papers,https://www.gov.uk/government/publications/changes-to-the-taxation-of-non-uk-domiciled-individuals,2024-04-23,train,rule_final,A2,A11,high,P3,Legal; Prudential,"HMT published a technical policy note on planned changes to the taxation of non-UK domiciled individuals, describing main changes applying from 6 April 2025. It is aimed at affected individuals and practitioners and says further updates and draft legislation will follow later in the year. No direct obligations are created by this note itself.",function_off_matrix; class_disagrees_with_registry; models_disagree,,,,
1134,hmt:policy_papers#1134,World Bank 109th Development Committee Meeting: UK Governor's statement,HMT,policy_papers,https://www.gov.uk/government/publications/world-bank-109th-development-committee-meeting-uk-governors-statement,2024-04-23,train,rule_final,A2,A11,high,P3,,"UK ministers’ statement at the World Bank Development Committee meeting calls on the World Bank Group, IMF and international community to increase development financing and ambition, including a strong 21st replenishment of the International Development Association. It is an international policy statement, not a UK regulatory change or obligation for firms.",no_primary_function; class_disagrees_with_registry,,,,
1133,hmt:policy_papers#1133,"Joint statement from the Specialised Committee on Financial Provisions, 24 April 2024",HMT,policy_papers,https://www.gov.uk/government/publications/joint-statement-from-the-specialised-committee-on-financial-provisions-24-april-2024,2024-04-24,train,rule_final,A2,A11,high,P3,,"HMT published a joint statement with the European Commission noting good progress on work streams around invoices the EU sends to the UK under the Financial Settlement. It is an informational policy paper with no new rules, deadlines or obligations for firms.",no_primary_function; class_disagrees_with_registry,,,,
1132,hmt:policy_papers#1132,Basic bank accounts: July 2022 to June 2023,HMT,policy_papers,https://www.gov.uk/government/publications/basic-bank-accounts-july-2022-to-june-2023,2024-04-25,train,rule_final,A2,A8,high,P3,Prudential; Ops,"HM Treasury publishes annual data on basic bank accounts held by the nine designated PCA providers for July 2022 to June 2023. It also explains the current PARs framework and notes planned future changes to refusal and termination rules for basic bank accounts, but this document itself does not change the rules. No immediate action date is set in the publication.",function_off_matrix; class_disagrees_with_registry; models_disagree,,,,
1131,hmt:policy_papers#1131,Anti-money laundering and countering the financing of terrorism: Supervision Report 2022-23,HMT,policy_papers,https://www.gov.uk/government/publications/anti-money-laundering-and-countering-the-financing-of-terrorism-supervision-report-2022-23,2024-05-01,train,rule_final,A2,A11,high,P3,Financial crime,"HM Treasury published its 2022-23 AML/CTF Supervision Report, summarising how UK AML supervisors performed over the year and highlighting supervisory strengths and weaknesses across sectors. It also notes ongoing government work on wider AML/CTF supervision reforms and updates to the Money Laundering Regulations, but the report itself does not create new requirements.",class_disagrees_with_registry; models_disagree,,,,
1130,hmt:policy_papers#1130,Anti-money laundering and countering the financing of terrorism: Supervision Report 2020-22,HMT,policy_papers,https://www.gov.uk/government/publications/anti-money-laundering-and-countering-the-financing-of-terrorism-supervision-report-2020-22,2024-05-01,train,rule_final,A2,A11,high,P3,,"HM Treasury’s AML/CFT Supervision Report 2020-22 reviews supervisory and enforcement activity by UK AML/CFT supervisors over 6 April 2020 to 5 April 2022. It highlights weaknesses and improvements in supervision, notes recent enforcement examples, and says Treasury will consult on reforms to the supervisory landscape. It is a report and policy update, not a rule change.",function_off_matrix; no_primary_function; class_disagrees_with_registry; models_disagree,,,,
1129,hmt:policy_papers#1129,Record of Financial Stability Report meetings: December 2020 to April 2024,HMT,policy_papers,https://www.gov.uk/government/publications/record-of-financial-stability-report-meeting-december-2020,2024-05-03,train,rule_final,A2,A11,high,P3,,HMT published a record of Chancellor–Governor meetings on the Bank of England’s Financial Stability Report covering December 2020 to April 2024. It is an informational policy paper and does not impose new requirements or deadlines on firms.,no_primary_function; class_disagrees_with_registry; models_disagree,,,,
1128,hmt:policy_papers#1128,UK and Singapore strengthen collaboration in sustainable finance and FinTech,HMT,policy_papers,https://www.gov.uk/government/publications/uk-and-singapore-strengthen-collaboration-in-sustainable-finance-and-fintech,2024-05-08,train,rule_final,A2,A11,high,P3,,HM Treasury and the Monetary Authority of Singapore issued a joint statement recording discussions at the ninth UK-Singapore Financial Dialogue on collaboration in sustainable finance and fintech. It is informational only and does not impose any new requirements or deadlines.,no_primary_function; class_disagrees_with_registry,,,,
1127,hmt:policy_papers#1127,Sustainability Disclosure Requirements: Implementation Update 2024,HMT,policy_papers,https://www.gov.uk/government/publications/sustainability-disclosure-requirements-implementation-update-2024,2024-05-15,train,rule_final,A2,A11,medium,P3,Regulatory change,"HMT updates its sustainability disclosure roadmap and next steps for UK-endorsed ISSB standards, transition plan disclosures and possible future requirements for UK-listed and other UK companies. It says UK-endorsed standards are expected in Q1 2025, with any new government requirements no earlier than accounting periods beginning on or after 2026-01-01. Future FCA and government action will follow consultation.",function_off_matrix; class_disagrees_with_registry; models_disagree,,,,
1126,hmt:policy_papers#1126,Privacy policy for the Green Book Network,HMT,policy_papers,https://www.gov.uk/government/publications/privacy-policy-for-the-green-book-network,2024-05-16,train,rule_final,A2,A11,high,P3,,"HM Treasury published a privacy notice for the Green Book Network mailing list. It explains what personal data is collected, the lawful basis for processing, who may access it, retention, and how individuals can exercise UK GDPR rights or complain. No new regulatory requirements are created for firms.",function_off_matrix; no_primary_function; class_disagrees_with_registry; models_disagree,,,,
1125,hmt:policy_papers#1125,Northern Ireland Executive’s Interim Fiscal Framework,HMT,policy_papers,https://www.gov.uk/government/publications/northern-ireland-executives-interim-fiscal-framework,2024-05-21,train,rule_final,A2,A11,high,P3,,"HM Treasury and the Northern Ireland Executive published an interim Fiscal Framework setting out agreed funding principles, including a 24% needs-based factor in the Barnett formula from 2024-25, higher capital borrowing from 2024-25, and further work towards a final fiscal framework. It is a policy agreement and update on devolved funding arrangements, not a financial-services rule or supervisory notice.",no_primary_function; class_disagrees_with_registry; models_disagree,,,,
1124,hmt:policy_papers#1124,"Joint Statement: EU-UK Financial Regulatory Forum, May 2024",HMT,policy_papers,https://www.gov.uk/government/publications/joint-statement-eu-uk-financial-regulatory-forum-may-2024,2024-05-24,train,rule_final,A2,A11,high,P3,,"HM Treasury and the European Commission published a joint statement recording topics discussed at the second EU-UK Financial Regulatory Forum on 24 May 2024. It is a public record of the meeting, not a rule, consultation or supervisory notice, and creates no direct compliance deadline.",function_off_matrix; no_primary_function; class_disagrees_with_registry,,,,
1123,hmt:policy_papers#1123,Treasury Minutes progress report – May 2024,HMT,policy_papers,https://www.gov.uk/government/publications/treasury-minutes-progress-report-may-2024,2024-05-29,train,rule_final,A2,A11,high,P3,,"The Treasury published a progress report updating Parliament on how government departments are implementing accepted Public Accounts Committee recommendations across multiple sessions. It is an accountability/status document, not a new rule, consultation, or supervisory requirement. No direct obligations for firms are created.",no_primary_function; class_disagrees_with_registry; models_disagree,,,,
1122,hmt:policy_papers#1122,Government Action on Fraud in Covid Support Schemes,HMT,policy_papers,https://www.gov.uk/government/publications/government-action-on-fraud-in-covid-support-schemes,2024-05-29,train,rule_final,A2,A11,high,P3,,"The government published a policy paper on action to tackle fraud in Covid support schemes and recover taxpayer money. It is an update on enforcement and recovery efforts, not a new rule or obligation. No compliance date or sector-specific requirement is stated.",function_off_matrix; no_primary_function; class_disagrees_with_registry; models_disagree,,,,
1121,hmt:policy_papers#1121,Policy statement on onshore wind,HMT,policy_papers,https://www.gov.uk/government/publications/policy-statement-on-onshore-wind,2024-07-07,train,rule_final,A2,A11,high,P3,,"The government published a policy statement revising planning policy so onshore wind is treated the same as other energy development in the National Planning Policy Framework. It is a general policy announcement, not a financial-services rule or supervisory notice.",no_primary_function; class_disagrees_with_registry; models_disagree,,,,
1120,hmt:policy_papers#1120,Draft Charter for Budget Responsibility text on the fiscal lock,HMT,policy_papers,https://www.gov.uk/government/publications/draft-charter-for-budget-responsibility-text-on-the-fiscal-lock,2024-07-18,train,rule_final,A2,A1,medium,P1,Legal; Regulatory change; Prudential,"HM Treasury published draft Charter for Budget Responsibility text on the new fiscal lock, tied to the Budget Responsibility Bill. The draft explains how fiscally significant government announcements will be subject to independent OBR assessment and will be incorporated into the Charter in due course. No firm-specific action is set out, but it signals an imminent legislative change affecting the fiscal framework.",class_disagrees_with_registry; models_disagree,,,,
7323,cma:publications#7323,Four major high street banks broke CMA rules,CMA,publications,https://www.gov.uk/government/news/four-major-high-street-banks-broke-cma-rules,2024-07-25,train,rule_final,MIXED,A1,high,P1,Regulatory change; Legal,"The CMA has published the Retail Banking Market Investigation Order 2017, which imposes binding remedies on retail banks and related providers of personal current accounts, business current accounts and SME banking. It sets staggered commencement dates for different articles, including some starting the day after the Order is made and others within 3, 6, 12 or 15 months. Firms in scope need to assess which remedies apply and when.",function_off_matrix; models_disagree,,,,
1119,hmt:policy_papers#1119,Changes to the Energy (Oil and Gas) Profits Levy,HMT,policy_papers,https://www.gov.uk/government/publications/july-statement-2024-changes-to-the-energy-oil-and-gas-profits-levy,2024-07-28,train,rule_final,A2,A1,high,P1,Prudential; Legal; Regulatory change,"The government announced changes to the Energy (Oil and Gas) Profits Levy. The levy rate rises to 38% from 1 November 2024, the levy is extended to 31 March 2030, and key investment allowances are being removed or reduced for qualifying expenditure on or after 1 November 2024. This affects upstream oil and gas activities.",class_disagrees_with_registry; models_disagree,,,,
1118,hmt:policy_papers#1118,Fixing the foundations: public spending audit 2024-25,HMT,policy_papers,https://www.gov.uk/government/publications/fixing-the-foundations-public-spending-audit-2024-25,2024-08-02,train,rule_final,A2,A11,high,P3,,"HM Treasury’s public spending audit sets out the government’s spending pressures, immediate savings, and the timetable for further decisions in the Budget on 30 October and the Spending Review. It is a policy document and correction slip, not a rule, guidance, or legal notice. No direct obligations are created for firms, though the document references wider tax and spending reforms.",no_primary_function; class_disagrees_with_registry; models_disagree,,,,
1117,hmt:policy_papers#1117,2024: Non-UK domiciled individuals- Policy Summary,HMT,policy_papers,https://www.gov.uk/government/publications/2024-non-uk-domiciled-individuals-policy-summary,2024-08-08,train,rule_final,A2,A11,high,P3,,"HM Treasury published a policy summary on planned tax changes for non-UK domiciled individuals. It says the government will remove domicile status from the tax system and introduce a new residence-based regime from 6 April 2025. The document is informational and invites further technical comments, but it does not itself create rules for firms.",function_off_matrix; no_primary_function; class_disagrees_with_registry; models_disagree,,,,
1116,hmt:policy_papers#1116,User and Preparer Advisory Group Minutes: October 2023,HMT,policy_papers,https://www.gov.uk/government/publications/user-and-preparer-advisory-group-minutes-october-2023,2024-08-20,train,rule_final,A2,A11,high,P3,,"Minutes of the Government Financial Reporting User and Preparer Advisory Group meeting on 10 October 2023. The paper records discussion updates on local government, a performance report thematic review, ICAEW matters, GFR review progress and future thematic reviews, and notes the group’s terms of reference. It does not impose any requirements or set deadlines for firms.",no_primary_function; class_disagrees_with_registry,,,,
7286,cma:publications#7286,CMA letter to Starling Bank about breaching Part 3 of the Retail Banking Order,CMA,publications,https://www.gov.uk/government/publications/cma-letter-to-starling-bank-about-breaching-part-3-of-the-retail-banking-order,2024-09-03,train,rule_final,MIXED,A12,high,P1,Compliance; Legal; Regulatory change,"The CMA wrote to Starling Bank about a breach of Part 3 of the Retail Banking Market Investigation Order 2017, relating to the Business Current Account service quality survey. Starling must report any non-compliance within 14 days once aware, and the letter notes remediation already underway. The CMA will monitor the survey boost and future compliance; the public letter was copied to the FCA.",function_off_matrix; models_disagree,,,,
1115,hmt:policy_papers#1115,Treasury Minutes – September 2024,HMT,policy_papers,https://www.gov.uk/government/publications/treasury-minutes-september-2024,2024-09-05,train,rule_final,A2,A11,high,P3,,"This Treasury Minutes document is the government’s response to Committee of Public Accounts reports on a range of topics, including BBC reform, government resilience, student loans, Universal Credit, legal aid, asylum accommodation, mobile connectivity, whistleblowing, home heating and rail reform. It records ministerial responses to parliamentary recommendations but does not itself set regulatory rules or obligations for firms.",function_off_matrix; no_primary_function; class_disagrees_with_registry; models_disagree,,,,
1114,hmt:policy_papers#1114,Joint statement on the UK-U.S. Financial Regulatory Working Group meeting - September 2024,HMT,policy_papers,https://www.gov.uk/government/publications/joint-statement-on-the-uk-us-financial-regulatory-working-group-meeting-september-2024,2024-09-10,train,rule_final,A2,A11,high,P3,,"HM Treasury and US Treasury published a joint statement recording the tenth meeting of the UK-US Financial Regulatory Working Group on 3 September 2024. It summarises discussions and outcomes only; it does not set new requirements, deadlines, or guidance for firms.",no_primary_function; class_disagrees_with_registry,,,,
1113,hmt:policy_papers#1113,Government financial reporting review: Best practice examples from 2018-19,HMT,policy_papers,https://www.gov.uk/government/publications/the-government-financial-reporting-review,2024-09-27,train,rule_final,A2,A8,high,P2,Prudential; Ops; Regulatory change,"HM Treasury publishes best-practice examples for central government annual reports and accounts, focused on performance reporting, accountability and financial information. It reinforces expectations under the FReM for clearer narrative, trend data and accessible presentation. It is aimed at departments and other bodies preparing ARAs, with the examples intended to inform future reporting practice.",function_off_matrix; class_disagrees_with_registry; models_disagree,,,,
1112,hmt:policy_papers#1112,The Payment Services (Amendment) Regulations 2024,HMT,policy_papers,https://www.gov.uk/government/publications/the-payment-services-amendment-regulations-2024,2024-10-03,train,rule_final,A2,A1,high,P1,Regulatory change; Legal; Product; Ops,HM Treasury has drafted amendments to the Payment Services Regulations 2017 to let a payer’s PSP delay executing certain payment orders where it suspects fraud or dishonesty by a third party. The PSP must notify the payer promptly and the delay cannot exceed the specified time limit. The instrument also makes the PSP liable for charges and interest caused by the delay. Commencement is stated as to be set.,function_off_matrix; class_disagrees_with_registry,,,,
1111,hmt:policy_papers#1111,Welsh Rates of Income Tax outturn reconciliation for 2022-23,HMT,policy_papers,https://www.gov.uk/government/publications/welsh-rates-of-income-tax-outturn-reconciliation-for-2022-23,2024-10-03,train,rule_final,A2,A11,high,P3,,"HMT publishes an explanatory policy note on the 2022-23 Welsh Rates of Income Tax outturn reconciliation. It explains that HMRC’s actual income tax data updates the Welsh Government’s funding, increasing overall funding for 2025-26 by £53 million. No action is required from regulated firms.",no_primary_function; class_disagrees_with_registry; models_disagree,,,,
1109,hmt:policy_papers#1109,National Wealth Fund: Mobilising Private Investment,HMT,policy_papers,https://www.gov.uk/government/publications/national-wealth-fund-mobilising-private-investment,2024-10-13,train,rule_final,A2,A11,high,P3,,"HMT sets out the policy rationale and intended operating model for the new National Wealth Fund, replacing UKIB’s role with a broader mandate to mobilise private investment into clean energy and wider industrial strategy priorities. It describes funding, governance and investment approach, but does not impose immediate requirements on firms. No deadline or consultation close date is stated.",no_primary_function; class_disagrees_with_registry; models_disagree,,,,
1108,hmt:policy_papers#1108,Finance: Interministerial Standing Committee - 3 October 2024,HMT,policy_papers,https://www.gov.uk/government/publications/communique-from-the-finance-interministerial-standing-committee-3-october-2024,2024-10-14,train,rule_final,A2,A11,high,P3,,"HMT published a communiqué from the Finance: Interministerial Standing Committee meeting held on 3 October 2024. It is an informational policy paper describing regular ministerial discussion of economic and finance matters affecting the UK, with no new requirements or deadlines.",function_off_matrix; no_primary_function; class_disagrees_with_registry,,,,
1107,hmt:policy_papers#1107,Financial Services Policy Update,HMT,policy_papers,https://www.gov.uk/government/publications/financial-services-policy-update,2024-10-15,train,rule_final,A2,A11,high,P3,,"HM Treasury’s Financial Services Policy Update says the government supports the Bank of England’s consultation on changes to MREL setting for banks and plans draft updates to the Special Resolution Regime Code of Practice. It also notes that some proposals will need secondary legislation and further industry engagement, but no immediate rule change is made here.",function_off_matrix; no_primary_function; class_disagrees_with_registry; models_disagree,,,,
1106,hmt:policy_papers#1106,UK Government Green Financing: Allocation Report 2024,HMT,policy_papers,https://www.gov.uk/government/publications/uk-government-green-financing-allocation-report-2024,2024-10-16,train,rule_final,A2,A11,high,P3,,"HM Treasury’s annual UK Green Financing Allocation Report 2024 sets out how £10.9 billion raised in 2023-24 through green gilts and Green Savings Bonds was allocated to eligible green expenditures. It also updates cumulative programme issuance and notes the next impact report is due in autumn 2025. This is reporting and transparency information only, with no new obligations for firms.",no_primary_function; class_disagrees_with_registry; models_disagree,,,,
1105,hmt:policy_papers#1105,Treasury Minutes – October 2024,HMT,policy_papers,https://www.gov.uk/government/publications/treasury-minutes-october-2024,2024-10-24,train,rule_final,A2,A11,high,P3,,"HM Treasury’s October 2024 Treasury Minutes sets out the government’s responses to several Public Accounts Committee reports on public spending, BBC performance, non-executive appointments and major projects. It is an accountability and response document, not a rule, consultation or enforcement notice, and it creates no direct obligations for firms.",no_primary_function; class_disagrees_with_registry; models_disagree,,,,
1103,hmt:policy_papers#1103,World Bank 110th Development Committee meeting 2024: UK Governor's statement,HMT,policy_papers,https://www.gov.uk/government/publications/world-bank-110th-development-committee-meeting-2024-uk-governors-statement,2024-10-25,train,rule_final,A2,A11,high,P3,,"UK ministers’ statement to the World Bank Development Committee sets out the UK’s view on global financial system reform, support for fragile states, and a larger IDA replenishment. It is a policy/political statement with no direct FCA/PRA rule changes, deadlines, or obligations for firms.",function_off_matrix; no_primary_function; class_disagrees_with_registry,,,,
1104,hmt:policy_papers#1104,"Joint statement from the Specialised Committee on Financial Provisions, 25 October 2024",HMT,policy_papers,https://www.gov.uk/government/publications/joint-statement-from-the-specialised-committee-on-financial-provisions-25-october-2024,2024-10-25,train,rule_final,A2,A11,high,P3,,"The UK government and European Commission issued a joint statement noting progress at the tenth meeting of the Specialised Committee on Financial Provisions. It is an informational policy paper about the Financial Settlement workstreams, with no new requirements or deadlines for firms.",function_off_matrix; no_primary_function; class_disagrees_with_registry,,,,
1092,hmt:policy_papers#1092,Post-implementation review of the Bank Referral Scheme,HMT,policy_papers,https://www.gov.uk/government/publications/post-implementation-review-of-the-bank-referral-scheme,2024-10-30,train,rule_final,A2,A1,high,P1,Regulatory change; Legal; Product,"HM Treasury has published a statutory post-implementation review of the Bank Referral Scheme under the Small and Medium Sized Business (Finance Platforms) Regulations 2015. It concludes the scheme still meets its objectives but identifies frictions and data-quality issues, and says a future consultation will consider possible changes to the statutory and operational design. The review notes the next PIR is due by 2025-10-14.",function_off_matrix; class_disagrees_with_registry; models_disagree,,,,
1095,hmt:policy_papers#1095,Tackling offshore tax non-compliance,HMT,policy_papers,https://www.gov.uk/government/publications/tackling-offshore-tax-non-compliance,2024-10-30,train,rule_final,A2,A11,high,P3,Financial crime; Legal,"HMT publishes a policy paper on the government’s approach to offshore tax non-compliance, describing HMRC’s strategy to help taxpayers get tax right and take robust enforcement action. It notes additional resources announced at Autumn Budget 2024 to support HMRC’s work. This is an informational statement only and does not create new requirements for firms.",function_off_matrix; class_disagrees_with_registry; models_disagree,,,,
1097,hmt:policy_papers#1097,Corporate Tax Roadmap 2024,HMT,policy_papers,https://www.gov.uk/government/publications/corporate-tax-roadmap-2024,2024-10-30,train,rule_final,A2,A11,high,P3,,"HM Treasury sets out a Corporate Tax Roadmap for the rest of Parliament, describing intended stability in corporation tax, capital allowances, R&D reliefs, intangible assets and territorial taxation. It also signals future consultations and improved guidance, but this is a policy paper rather than a binding rule or consultation. No immediate compliance date is created for firms.",function_off_matrix; no_primary_function; class_disagrees_with_registry; models_disagree,,,,
1096,hmt:policy_papers#1096,Response to the OBR review of the March 2024 forecast for departmental expenditure limits,HMT,policy_papers,https://www.gov.uk/government/publications/response-to-the-obr-review-of-the-march-2024-forecast-for-departmental-expenditure-limits,2024-10-30,train,rule_final,A2,A11,high,P3,,"HM Treasury published a government response to the OBR review of the March 2024 departmental expenditure limits forecast. It explains evidence given to the OBR, updates on spending pressures and reserve management, and the Treasury’s response to the review. It is informational and does not create regulatory obligations for firms.",no_primary_function; class_disagrees_with_registry; models_disagree,,,,
1089,hmt:policy_papers#1089,Government financial reporting review: Best practice examples from 2022-23,HMT,policy_papers,https://www.gov.uk/government/publications/government-financial-reporting-review-best-practice-examples-from-2022-23,2024-10-30,train,rule_final,A2,A11,high,P3,,"HM Treasury published a best-practice review for 2022-23 government annual reports and accounts. It gives illustrative examples and criteria for clearer narrative, performance, accountability and financial reporting, aimed at central government accounts preparers. It is guidance and exemplars only, with no new requirements or deadline.",no_primary_function; class_disagrees_with_registry; models_disagree,,,,
1101,hmt:policy_papers#1101,Transforming business rates,HMT,policy_papers,https://www.gov.uk/government/publications/transforming-business-rates,2024-10-30,train,rule_final,A2,A3,high,P2,Regulatory change; Product,"HM Treasury has published a policy paper on reforming business rates in England, setting out priorities and inviting views from businesses and other stakeholders. It signals intended changes such as lower multipliers for retail, hospitality and leisure properties from 2026-27, but does not itself make rules. No immediate compliance action is required beyond monitoring and engaging in the reform process.",function_off_matrix; class_disagrees_with_registry,,,,
1090,hmt:policy_papers#1090,Terms of reference for the review of technology adoption,HMT,policy_papers,https://www.gov.uk/government/publications/terms-of-reference-for-the-review-of-technology-adoption,2024-10-30,train,rule_final,A2,A11,high,P3,,HM Treasury published terms of reference for a cross-government review of barriers businesses face when adopting established and novel technologies. The review will be led by the Government Chief Scientific Adviser and National Technology Adviser and its recommendations will inform the industrial strategy and sector plans to be published alongside the spring Spending Review.,no_primary_function; class_disagrees_with_registry; models_disagree,,,,
1102,hmt:policy_papers#1102,Autumn Budget 2024,HMT,policy_papers,https://www.gov.uk/government/publications/autumn-budget-2024,2024-10-30,train,rule_final,A2,A1,low,P1,Regulatory change; Legal,"The Autumn Budget 2024 sets out the UK government’s fiscal framework, tax, spending and welfare plans, including new fiscal rules and a new Charter for Budget Responsibility. It is a government Budget laid before Parliament, not a regulator rule or supervisory notice. Where later Finance Bill or statutory instrument measures affect financial firms, those will be the binding follow-on steps.",function_off_matrix; class_disagrees_with_registry; low_confidence; models_disagree,,,,
1093,hmt:policy_papers#1093,Reforming the taxation of non-UK domiciled individuals,HMT,policy_papers,https://www.gov.uk/government/publications/reforming-the-taxation-of-non-uk-domiciled-individuals,2024-10-30,train,rule_final,A2,A1,high,P1,Regulatory change; Legal; Prudential,"HMT sets out draft legislation to replace the non-domicile tax regime from 6 April 2025 with a residence-based system, including a 4-year foreign income and gains regime, new inheritance tax rules, temporary repatriation facility, and changes to overseas workday relief and anti-avoidance rules. It is aimed at affected individuals and advisers, but will also matter to firms with internationally mobile clients and payroll/trust exposure.",function_off_matrix; class_disagrees_with_registry; models_disagree,,,,
1100,hmt:policy_papers#1100,Post-implementation review of the Commercial Credit Data Sharing scheme,HMT,policy_papers,https://www.gov.uk/government/publications/post-implementation-review-of-the-commercial-credit-data-sharing-scheme,2024-10-30,train,rule_final,A2,A11,medium,P3,,"HM Treasury published a post-implementation review of the Commercial Credit Data Sharing scheme under the 2015 Regulations. It says CCDS has had a positive impact but identifies issues with data quality and market effects, and says HM Treasury intends to explore enhancements through a consultation. No immediate rule change or compliance deadline is set in this review.",function_off_matrix; no_primary_function; class_disagrees_with_registry; models_disagree,,,,
1099,hmt:policy_papers#1099,A strong fiscal framework,HMT,policy_papers,https://www.gov.uk/government/publications/a-strong-fiscal-framework,2024-10-30,train,rule_final,A2,A11,high,P3,,"HMT published a policy paper explaining the government’s new fiscal framework and fiscal rules in Autumn Budget 2024. It is an informational document about public finance policy, not a binding rule for firms. No direct compliance deadline or firm-level obligation is set out.",function_off_matrix; no_primary_function; class_disagrees_with_registry; models_disagree,,,,
1094,hmt:policy_papers#1094,Agricultural property relief and business property relief reforms,HMT,policy_papers,https://www.gov.uk/government/publications/agricultural-property-relief-and-business-property-relief-reforms,2024-10-30,train,rule_final,A2,A11,high,P3,Legal; Compliance,"HM Treasury published a policy paper summarising planned reforms to agricultural property relief and business property relief, with changes due from 6 April 2026. It also says agricultural property relief will be extended to certain environmental land management agreements from 6 April 2025. This is informational rather than a rule change notice for financial firms.",function_off_matrix; class_disagrees_with_registry; models_disagree,,,,
1098,hmt:policy_papers#1098,Soft Drinks Industry Levy review,HMT,policy_papers,https://www.gov.uk/government/publications/soft-drinks-industry-levy-review,2024-10-30,train,rule_final,A2,A11,high,P3,,HM Treasury/HMRC has published a policy paper announcing a review of the Soft Drinks Industry Levy’s sugar thresholds and exemptions for milk-based and milk substitute drinks. It says the review has concluded with a formal consultation open for responses until 21 July 2025. This is an awareness item rather than the consultation itself.,function_off_matrix; no_primary_function; class_disagrees_with_registry; models_disagree,,,,
1088,hmt:policy_papers#1088,National Insurance Fund Investment Account Report & Accounts 2023 to 2024,HMT,policy_papers,https://www.gov.uk/government/publications/national-insurance-fund-investment-account-report-accounts-2023-to-2024,2024-11-06,train,rule_final,A2,A11,high,P3,,"HM Treasury’s National Insurance Fund Investment Account annual report and accounts for 2023-24 set out how the fund was invested, its performance, governance and audit information for the year ended 31 March 2024. It is an annual statutory account laid before Parliament, not a rule change or supervisory notice. No new requirements are created for firms.",no_primary_function; class_disagrees_with_registry; models_disagree,,,,
1087,hmt:policy_papers#1087,"Memorandum of Understanding between the Bank of England, FCA and PRA",HMT,policy_papers,https://www.gov.uk/government/publications/memorandum-of-understanding-between-the-bank-of-england-fca-and-pra,2024-11-12,train,rule_final,A2,A12,high,P1,Regulatory change; Compliance; Legal,"The FCA, PRA and Bank of England have published a Memorandum of Understanding on how they will coordinate their functions under the CTP regime in FSMA Chapter 3C. It sets out shared objectives, operating principles and the new CTP Consultation and Coordination Forum. No firm deadline is set, but it frames how future CTP-related decisions and consultations will be handled.",function_off_matrix; class_disagrees_with_registry; models_disagree,,,,
1085,hmt:policy_papers#1085,Next steps for reforming the UK Markets in Financial Instruments Directive,HMT,policy_papers,https://www.gov.uk/government/publications/next-steps-for-reforming-the-uk-markets-in-financial-instruments-directive,2024-11-14,train,rule_final,A2,A11,medium,P3,Regulatory change; Legal,"HM Treasury has published a policy paper setting out its intention to make technical changes to the UK MiFID framework, including FCA powers over off-exchange commodity derivatives, revocation of some detailed investment firm rules, and transaction reporting changes. The changes require legislation, and revocations will only start when replacement rules are ready to take effect.",function_off_matrix; class_disagrees_with_registry; models_disagree,,,,
1086,hmt:policy_papers#1086,Pensions Investment Review: interim report,HMT,policy_papers,https://www.gov.uk/government/publications/pensions-investment-review-interim-report,2024-11-14,train,rule_final,A2,A11,high,P3,,"HMT’s interim Pensions Investment Review sets out the government’s long-term vision for consolidation and scale in workplace defined contribution pensions and for reform of the LGPS to support higher returns and more UK investment. It is an interim policy paper and accompanying consultation context, not a final rule or binding change. The text says further proposals and a consultation will follow.",no_primary_function; class_disagrees_with_registry; models_disagree,,,,
7207,cma:publications#7207,Home Credit Market Investigation Order,CMA,publications,https://www.gov.uk/government/publications/home-credit-market-investigation-order,2024-11-20,train,rule_final,MIXED,A12,high,P1,Compliance; Legal; Regulatory change,"The CMA has made the Home Credit Market Investigation Order 2007 Variation Order 2024, in force on 20 November 2024. It updates and trims the 2007 home credit market remedies, including replacing references to the CMA, removing certain website publication requirements, and revising information that must be disclosed for agreements.",function_off_matrix; models_disagree,,,,
1084,hmt:policy_papers#1084,Meeting minutes – October 2024,HMT,policy_papers,https://www.gov.uk/government/publications/meeting-minutes-october-2024,2024-11-21,train,rule_final,A2,A12,medium,P3,Regulatory change; Legal,"HMT published meeting minutes for the Chancellor’s October 2024 discussion with the Bank of England Governor after the latest Financial Stability Report. The note records a statutory meeting required by the Bank of England Act 1998, but it does not itself change rules or create new obligations.",function_off_matrix; class_disagrees_with_registry; models_disagree,,,,
1082,hmt:policy_papers#1082,Specialised Committee on Participation in Union Programmes Provisional Agenda: 11 December 2024,HMT,policy_papers,https://www.gov.uk/government/publications/specialised-committee-on-participation-in-union-programmes-provisional-agenda-11-december-2024,2024-12-10,train,rule_final,A2,A11,high,P3,,HMT published a provisional agenda for the 11 December 2024 meeting of the UK-EU Specialised Committee on Participation in Union Programmes. It is a meeting notice for a joint forum under the Trade and Cooperation Agreement and does not itself create or change requirements for firms.,function_off_matrix; no_primary_function; class_disagrees_with_registry,,,,
1083,hmt:policy_papers#1083,Economic Evidence to the Pay Review Bodies: 2025-26 Pay Round,HMT,policy_papers,https://www.gov.uk/government/publications/economic-evidence-to-the-pay-review-bodies-2025-26-pay-round,2024-12-10,train,rule_final,A2,A11,high,P3,,"HMT published economic evidence for the 2025-26 public sector pay round, setting out inflation, productivity, labour market and fiscal context for the Pay Review Bodies. It is background material to support government pay decisions, not a rule, consultation or supervisory notice. No direct action or compliance deadline is created for banks.",no_primary_function; class_disagrees_with_registry; models_disagree,,,,
7180,cma:publications#7180,New rules and guidance for water references,CMA,publications,https://www.gov.uk/government/publications/new-rules-and-guidance-for-water-references,2024-12-10,train,rule_final,MIXED,A12,high,P1,Legal; Regulatory change,"The CMA has issued new rules for water references under the Water Industry Act 1991, effective from 10 December 2024. They replace the relevant parts of CMA17 for redetermination references involving appointed water undertakers/sewerage undertakers in England and Wales. Firms involved in these references should use the new procedure set out in CMA204 from the effective date.",function_off_matrix; models_disagree,,,,
1081,hmt:policy_papers#1081,India-UK 3rd Financial Markets Dialogue: Joint Statement,HMT,policy_papers,https://www.gov.uk/government/publications/india-uk-3rd-financial-markets-dialogue-joint-statement,2024-12-13,train,rule_final,A2,A11,high,P3,,"HM Treasury published a joint statement on the third India-UK Financial Markets Dialogue. It says UK and Indian governments and regulators discussed cooperation on capital markets, insurance, pensions, fintech, financial data and sustainable finance to support growth and investment. No specific obligations, deadlines or rule changes are set out.",no_primary_function; class_disagrees_with_registry,,,,
7151,cma:publications#7151,Private Motor Insurance Market Investigation Order 2015,CMA,publications,https://www.gov.uk/government/publications/private-motor-insurance-market-investigation-order-2015,2024-12-24,train,rule_final,MIXED,A12,high,P1,Compliance; Legal,"The CMA published the Private Motor Insurance Market Investigation Order 2015, which sets binding requirements for the private motor insurance market and related price comparison websites in the UK. It includes compliance statements and NCB protection information, with Article 3’s implementation date moved to 1 August 2016. The Order applies to affected PMI insurers, brokers, providers and PCWs.",function_off_matrix; models_disagree,,,,
7145,cma:publications#7145,Energy network mergers: CMA190,CMA,publications,https://www.gov.uk/government/publications/energy-network-mergers-cma190,2025-01-02,train,rule_final,MIXED,A12,high,P1,Regulatory change; Legal; Compliance,"CMA guidance sets out the special merger regime for energy network enterprises under the Energy Act 2023 as applied in the Enterprise Act 2002. It explains how the CMA will assess and process qualifying mergers in Great Britain, including investigation steps, analytical approach and remedies. It is relevant immediately for merger activity involving energy network enterprises.",function_off_matrix; models_disagree,,,,
7148,cma:publications#7148,"Rules of procedure for merger, market and special reference groups: CMA17",CMA,publications,https://www.gov.uk/government/publications/cma-rules-of-procedure-for-merger-market-and-special-reference-groups,2025-01-02,train,rule_final,MIXED,A12,high,P1,Legal; Compliance; Regulatory change,"The CMA has republished its procedural rules for merger, market and special reference groups (CMA17), replacing the March 2014 version and reflecting the DMCC Act 2024. The rules apply from 1 January 2025 and are binding on CMA chairs, groups and panel members. This is mainly relevant where the firm is involved in a CMA merger or market reference.",function_off_matrix; models_disagree,,,,
7146,cma:publications#7146,Mergers exceptions to the duty to refer and undertakings in lieu,CMA,publications,https://www.gov.uk/government/publications/mergers-exceptions-to-the-duty-to-refer-and-undertakings-in-lieu,2025-01-02,train,rule_final,MIXED,A12,high,P1,Regulatory change; Legal; Compliance,"The CMA has updated its guidance on when it may decide not to refer a merger for a phase 2 investigation, including the ‘de minimis’ exception, insufficiently advanced transactions, and relevant customer benefits. It replaces the 2018 version and reflects current CMA practice under the Enterprise Act 2002, with the updated guidance published on 2 January 2025.",function_off_matrix; models_disagree,,,,
1080,hmt:policy_papers#1080,2025 UK-China Economic and Financial Dialogue: policy outcomes,HMT,policy_papers,https://www.gov.uk/government/publications/2025-uk-china-economic-and-financial-dialogue-policy-outcomes,2025-01-11,train,rule_final,A2,A11,high,P3,,"HMT published a policy paper and fact sheet on the outcomes of the 2025 UK-China Economic and Financial Dialogue, concluded on 11 January 2025 by the UK Chancellor and Chinese Vice Premier. It is an informational publication describing bilateral discussion outcomes, not a rule, supervisory notice, or legal change for firms.",no_primary_function; class_disagrees_with_registry,,,,
7131,cma:publications#7131,Further updated rules and guide for energy code modification appeals,CMA,publications,https://www.gov.uk/government/consultations/further-updated-rules-and-guide-for-energy-code-modification-appeals,2025-01-15,train,rule_final,MIXED,A12,high,P1,Legal; Regulatory change,"The CMA has published updated Energy Code Modification Appeals Rules (CMA196), made under the Energy Act 2004 and effective from 15 January 2024. The rules set the procedure for appeals under section 173, including applications, responses, interventions, hearings and document production. They replace the previous CC10 rules.",function_off_matrix; models_disagree,,,,
1079,hmt:policy_papers#1079,Scottish Income Tax outturn reconciliation for 2022-23,HMT,policy_papers,https://www.gov.uk/government/publications/scottish-income-tax-outturn-reconciliation-for-2022-23,2025-01-15,train,rule_final,A2,A11,high,P3,,"HMT explains the 2022-23 Scottish Income Tax outturn reconciliation and its effect on Scottish Government funding. It states that updated HMRC and population data increase self-funding by £1,498 million, reduce block grant funding by £1,048 million, and lift overall 2025-26 funding by £451 million. It is informational only and creates no obligations for firms.",no_primary_function; class_disagrees_with_registry; models_disagree,,,,
7129,cma:publications#7129,Working with the Funerals Market Investigation Order,CMA,publications,https://www.gov.uk/government/publications/working-with-the-funerals-market-investigation-order,2025-01-21,train,rule_final,MIXED,A12,high,P1,Compliance; Legal,The CMA published guidance to help funeral directors and crematorium operators comply with the Funeral Market Investigation Order and related compliance checklist. It explains how affected firms should understand their legal obligations and submit financial information and compliance statements online.,function_off_matrix; models_disagree,,,,
1078,hmt:policy_papers#1078,Charter for Budget Responsibility: Autumn 2024,HMT,policy_papers,https://www.gov.uk/government/publications/draft-charter-for-budget-responsibility-autumn-2024,2025-01-22,train,rule_final,A2,A12,high,P1,Regulatory change; Legal,"HM Treasury has updated and republished the Charter for Budget Responsibility for autumn 2024, setting out the government’s fiscal policy framework, debt management approach and guidance to the OBR. It is laid before Parliament under the Budget Responsibility and National Audit Act 2011 and includes statutory provisions affecting fiscal policy governance, with the updated charter presented in January 2025.",function_off_matrix; class_disagrees_with_registry; models_disagree,,,,
1077,hmt:policy_papers#1077,UK-Japan Financial Regulatory Forum Joint Statement,HMT,policy_papers,https://www.gov.uk/government/publications/uk-japan-financial-regulatory-forum-joint-statement,2025-01-31,train,rule_final,A2,A11,high,P3,,HM Treasury and the Japan Financial Services Agency published a joint statement recording the third UK-Japan Financial Regulatory Forum meeting and the topics discussed. It is a public record of the meeting outcomes and does not set new requirements or deadlines.,no_primary_function; class_disagrees_with_registry,,,,
7112,cma:publications#7112,Payment Protection Insurance Market Investigation Order 2011: Directions to Cardif Pinnacle,CMA,publications,https://www.gov.uk/government/publications/payment-protection-insurance-market-investigation-order-2011-directions-to-cardif-pinnacle,2025-01-31,train,rule_final,MIXED,A12,high,P1,Regulatory change; Compliance; Legal,The CMA has issued directions to Cardif Pinnacle under the Payment Protection Insurance Market Investigation Order 2011 after finding four breaches in annual review statements sent to PPI customers. The directions relate to correcting and preventing inaccurate Annual Reviews and updating the CMA on progress. The order already applies to PPI providers; no new publication date for compliance action is stated in the excerpt.,function_off_matrix; models_disagree,,,,
1076,hmt:policy_papers#1076,2025 Retrocession Agreement between HM Treasury and Pool Re,HMT,policy_papers,https://www.gov.uk/government/publications/2025-retrocession-agreement-between-hm-treasury-and-pool-re,2025-02-10,train,rule_final,A2,A12,high,P1,Legal; Regulatory change; Compliance,"HM Treasury has published the 2025 Retrocession Agreement between HM Treasury and Pool Re, which sets the contractual terms for government retrocession protection for terrorism reinsurance business. It replaces the prior 2022 arrangement for new and renewed relevant instruments from 1 April 2025, and terminates the 1993, 2015 and 2019 retrocession agreements. The document is presented to Parliament and contains the operative terms of the arrangement.",function_off_matrix; class_disagrees_with_registry; models_disagree,,,,
1075,hmt:policy_papers#1075,Public service pensions increase: 2025,HMT,policy_papers,https://www.gov.uk/government/publications/public-service-pensions-increase-2025,2025-02-11,train,rule_final,A2,A11,high,P3,,"HM Treasury published the 2025 public service pensions increase note and multiplier tables. It says public service pensions in payment for a year will rise by 1.7% from 7 April 2025, with shorter-duration pensions increased proportionately. This is a general information/publishing notice for scheme administrators, not a new financial-services rule for firms.",function_off_matrix; no_primary_function; class_disagrees_with_registry; models_disagree,,,,
1074,hmt:policy_papers#1074,UK CBAM International Group,HMT,policy_papers,https://www.gov.uk/government/publications/uk-cbam-international-group,2025-02-11,train,rule_final,A2,A11,medium,P3,,"HM Treasury has published terms of reference for a UK CBAM International Group to share updates on UK CBAM policy design and gather feedback from international stakeholders. Countries can apply for membership by email, and the group will meet at least annually, with extra meetings if needed. No firm obligations or implementation dates are set out.",function_off_matrix; no_primary_function; class_disagrees_with_registry; models_disagree,,,,
1073,hmt:policy_papers#1073,NS&I main estimates memorandum 2024 to 2025 (July 2024),HMT,policy_papers,https://www.gov.uk/government/publications/nsi-main-estimates-memorandum-2024-to-2025-july-2024,2025-02-12,train,rule_final,A2,A9,medium,P3,Prudential; Ops,"HMT publishes NS&I’s 2024-25 main estimates memorandum, setting out spending controls, budget totals, and drivers of change for the year. It explains NS&I’s objectives, funding, efficiency plans and cash requirement, but does not create new regulatory obligations for firms. The document is informational and targeted at Parliament and public accountability rather than market participants.",function_off_matrix; class_disagrees_with_registry; models_disagree,,,,
1071,hmt:policy_papers#1071,"Joint Statement: EU-UK Financial Regulatory Forum, February 2025",HMT,policy_papers,https://www.gov.uk/government/publications/joint-statement-eu-uk-financial-regulatory-forum-february-2025,2025-02-13,train,rule_final,A2,A11,high,P3,,"HM Treasury and the European Commission published a joint statement recording topics covered at the third EU-UK Financial Regulatory Forum on 12 February 2025. It is a record of discussions under the UK-EU Memorandum of Understanding on Financial Services Cooperation, not a rule, consultation or supervisory requirement.",no_primary_function; class_disagrees_with_registry,,,,
1072,hmt:policy_papers#1072,Memorandum of Understanding Between HM Treasury and the Bank of England 2025,HMT,policy_papers,https://www.gov.uk/government/publications/memorandum-of-understanding-between-hm-treasury-and-the-bank-of-england-2025,2025-02-13,train,rule_final,A2,A12,high,P1,Prudential; Legal; Regulatory change,"HM Treasury and the Bank of England have updated their Memorandum of Understanding after a 5-year review of the Bank’s capital framework parameters. The review says the existing capital target, floor and ceiling remain adequate and that the financial arrangements support the Bank’s transition to a demand-driven repo-backed operating framework. This is relevant to firms that interface with the Bank’s balance sheet and reserve operations, with no specific firm deadline stated.",function_off_matrix; class_disagrees_with_registry; models_disagree,,,,
1070,hmt:policy_papers#1070,Meeting minutes – January 2025,HMT,policy_papers,https://www.gov.uk/government/publications/meeting-minutes-january-2025,2025-02-24,train,rule_final,A2,A1,high,P3,Legal; Regulatory change,"These are January 2025 meeting minutes between the Chancellor and the Bank of England Governor about the latest Financial Stability Report. The minutes note the statutory duty to meet after each FSR publication and discuss the report and wider financial stability matters. No new rules, deadlines or obligations are created.",class_disagrees_with_registry,,,,
1069,hmt:policy_papers#1069,Finance: Interministerial Standing Committee - 27 February 2025,HMT,policy_papers,https://www.gov.uk/government/publications/finance-interministerial-standing-committee-27-february-2025,2025-02-27,train,rule_final,A2,A11,high,P3,,"This is a government communiqué from the Finance Interministerial Standing Committee summarising a ministerial meeting on economic and finance matters. It does not set out any new rules, consultations, deadlines or supervisory expectations for firms.",no_primary_function; class_disagrees_with_registry,,,,
1068,hmt:policy_papers#1068,Fourth Trade Specialised Committee on Customs Cooperation and Rules of Origin Minutes,HMT,policy_papers,https://www.gov.uk/government/publications/fourth-trade-specialised-committee-on-customs-cooperation-and-rules-of-origin-minutes,2025-03-03,train,rule_final,A2,A11,high,P3,,"HM Treasury published minutes of the fourth UK-EU Trade Specialised Committee on Customs Cooperation and Rules of Origin. The paper records discussions under the UK-EU Trade and Cooperation Agreement on customs cooperation, rules of origin and related trade facilitation topics. It is informational only and does not create new requirements or deadlines.",no_primary_function; class_disagrees_with_registry,,,,
1067,hmt:policy_papers#1067,Chancellor meeting with Gilt-edged Market Makers: Minutes,HMT,policy_papers,https://www.gov.uk/government/publications/chancellor-meeting-with-gilt-edged-market-makers-minutes,2025-03-07,train,rule_final,A2,A11,high,P3,,"HM Treasury published summary minutes of the Chancellor’s meeting with primary dealer firms in the gilt market (GEMMs) on 6 March 2025. It is an inaugural engagement in a twice-yearly series and discusses views on global and UK economic prospects. No rule changes, deadlines, or obligations are set out.",no_primary_function; class_disagrees_with_registry,,,,
1066,hmt:policy_papers#1066,Women in Finance Charter: Treasury Progress Update 2024,HMT,policy_papers,https://www.gov.uk/government/publications/women-in-finance-charter-treasury-progress-update-2024,2025-03-11,train,rule_final,A2,A11,high,P3,,"HM Treasury publishes a progress update on its own Women in Finance Charter commitments, including an increase in female senior management representation to 50% by March 2024. It is an informational progress report, not a new rule or consultation, and does not create obligations for firms.",function_off_matrix; no_primary_function; class_disagrees_with_registry,,,,
1065,hmt:policy_papers#1065,Performance Review of Digital Spend,HMT,policy_papers,https://www.gov.uk/government/publications/performance-review-of-digital-spend,2025-03-12,train,rule_final,A2,A11,high,P3,,"HMT published a review of digital spend across government, setting out findings and recommendations to improve how DDaT investment is funded, governed and evaluated. It proposes pathfinders, targeted training, updated Green Book guidance and better outcome metrics to inform SR25/SR27 decisions. This is an intelligence paper for government departments, not a binding rule for firms.",function_off_matrix; no_primary_function; class_disagrees_with_registry; models_disagree,,,,
1064,hmt:policy_papers#1064,Anti-money laundering and countering the financing of terrorism: Supervision Report 2023-24,HMT,policy_papers,https://www.gov.uk/government/publications/anti-money-laundering-and-countering-the-financing-of-terrorism-supervision-report-2023-24,2025-03-13,train,rule_final,A2,A11,high,P3,Financial crime,"HM Treasury published its 2023-24 AML/CTF Supervision Report, describing how UK AML supervisors registered firms, assessed risk, monitored compliance and used enforcement during the year. It also highlights supervisory collaboration, guidance and planned improvements to the AML/CTF regime, but does not itself change rules or set a compliance deadline.",function_off_matrix; class_disagrees_with_registry; models_disagree,,,,
1063,hmt:policy_papers#1063,Markets in Financial Instruments Directive Organisational Regulation – Draft Statutory Instrument and Policy Note,HMT,policy_papers,https://www.gov.uk/government/publications/markets-in-financial-instruments-directive-organisational-regulation-draft-statutory-instrument-and-policy-note,2025-03-18,train,rule_final,A2,A1,high,P1,Regulatory change; Legal; Compliance,"This draft Statutory Instrument amends FSMA 2000 and related secondary legislation on MiFID organisational and market-structure provisions. It sets out changes on suspension/removal from trading, position reporting, order execution and related definitions, and will come into force when the FSMA 2023 revocation of retained MiFID organisational rules takes effect. Parliament has already approved the draft; firms in scope should prepare for the new regime.",class_disagrees_with_registry,,,,
1062,hmt:policy_papers#1062,Announcement of Preliminary Market Engagement Exercise for the Digital Gilt Instrument (DIGIT) Pilot,HMT,policy_papers,https://www.gov.uk/government/publications/announcement-of-preliminary-market-engagement-exercise-for-the-digital-gilt-instrument-digit-pilot,2025-03-18,train,rule_final,A2,A11,high,P3,,"HM Treasury and the DMO launched preliminary market engagement for the DIGIT pilot, asking potential suppliers and market participants for views to shape the design and delivery of a digital gilt issuance. Responses to the engagement notice are requested by 11:59pm on 13 April 2025.",function_off_matrix; no_primary_function; class_disagrees_with_registry; models_disagree,,,,
1060,hmt:policy_papers#1060,Statement of Strategic Priorities to the National Wealth Fund,HMT,policy_papers,https://www.gov.uk/government/publications/statement-of-strategic-priorities-to-the-national-wealth-fund,2025-03-19,train,rule_final,A2,A11,high,P3,Board,"HM Treasury issued a statement of strategic priorities to the National Wealth Fund for this Parliament. It sets the government’s growth and clean energy expectations for the NWF and asks it to produce a new Strategic Plan reflecting those priorities. The paper also says legislation will be introduced later to broaden the NWF’s mandate beyond infrastructure, when parliamentary time allows.",class_disagrees_with_registry; models_disagree,,,,
1061,hmt:policy_papers#1061,Launch of the UK Strategic Public Investment Forum,HMT,policy_papers,https://www.gov.uk/government/publications/launch-of-the-uk-strategic-public-investment-forum,2025-03-19,train,rule_final,A2,A11,high,P3,,"HM Treasury published a policy paper on the UK public financial institutions landscape and announced a new CEO-level Forum to improve strategic alignment and cooperation between public financial organisations and government. It is a high-level information piece, with no new rules, deadlines or compliance requirements for banks.",no_primary_function; class_disagrees_with_registry,,,,
1059,hmt:policy_papers#1059,Sovereign Grant Act 2011: report of the Royal Trustees on the Sovereign Grant Review 2025-26,HMT,policy_papers,https://www.gov.uk/government/publications/report-of-the-royal-trustees-on-the-sovereign-grant-review-2025-26,2025-03-20,train,rule_final,A2,A1,medium,P1,Legal; Regulatory change,This is a statutory report under the Sovereign Grant Act 2011 setting the Sovereign Grant for 2025-26 and explaining how it was calculated. It is addressed to Parliament and uses the Act’s formula; it does not create new obligations for regulated firms. No action date applies to a bank unless it has a specific public-sector dependency or interest.,class_disagrees_with_registry,,,,
1058,hmt:policy_papers#1058,Spring Statement 2025 document,HMT,policy_papers,https://www.gov.uk/government/publications/spring-statement-2025-document,2025-03-26,train,rule_final,A2,A11,high,P3,,"The Chancellor’s Spring Statement 2025 sets out the government’s fiscal and spending plans, including defence spending, planning reform, public service reform and growth measures. It is a policy/political statement rather than a regulatory rule, so it does not itself create compliance deadlines for firms. Financial-services teams should monitor for later legislation, consultations or rule changes that follow from it.",function_off_matrix; no_primary_function; class_disagrees_with_registry; models_disagree,,,,
1057,hmt:policy_papers#1057,Treasury Minutes progress report – March 2025,HMT,policy_papers,https://www.gov.uk/government/publications/treasury-minutes-progress-report-march-2025,2025-03-28,train,rule_final,A2,A11,high,P3,,"HMT published its March 2025 Treasury Minutes progress report, a record of government progress on implementing Committee of Public Accounts recommendations across multiple parliamentary sessions. It is a parliamentary update with references to various departmental actions and no direct regulatory requirements for firms.",function_off_matrix; no_primary_function; class_disagrees_with_registry; models_disagree,,,,
1056,hmt:policy_papers#1056,Debt management report 2025-26,HMT,policy_papers,https://www.gov.uk/government/publications/debt-management-report-2025-26,2025-04-02,train,rule_final,A2,A11,medium,P3,Prudential,"HM Treasury’s annual Debt Management Report 2025-26 sets out the government’s borrowing plans, debt management policy and remit for the DMO, NS&I and Exchequer cash management for 2025-26. It includes the planned size and maturity structure of gilt issuance and NS&I net financing targets, but does not itself create obligations for firms. It is mainly background and market information.",class_disagrees_with_registry; models_disagree,,,,
1055,hmt:policy_papers#1055,Supporting documents for Spring Statement 2025,HMT,policy_papers,https://www.gov.uk/government/publications/supporting-documents-for-spring-statement-2025,2025-04-02,train,rule_final,A2,A11,high,P3,,"HM Treasury published supporting analysis for Spring Statement 2025 showing the estimated household income impacts of tax, welfare and public service spending decisions. It is an informational distributional report, not a rule, consultation or supervisory notice. No direct actions or compliance deadlines are created for firms.",function_off_matrix; no_primary_function; class_disagrees_with_registry; models_disagree,,,,
1054,hmt:policy_papers#1054,Treasury Minutes – April 2025,HMT,policy_papers,https://www.gov.uk/government/publications/treasury-minutes-april-2025,2025-04-03,train,rule_final,A2,A11,high,P3,,"HM Treasury’s April 2025 Treasury Minutes set out the government’s responses to Public Accounts Committee reports across several departments, including HMRC, DfE, DWP, Home Office and others. It is a parliamentary response document summarising agreed actions and target implementation dates where relevant, not a rule, notice or enforcement instrument. No direct obligations are created for banks.",function_off_matrix; no_primary_function; class_disagrees_with_registry; models_disagree,,,,
1053,hmt:policy_papers#1053,UK-India 13th Economic and Financial Dialogue: Joint Statement,HMT,policy_papers,https://www.gov.uk/government/publications/uk-india-13th-economic-and-financial-dialogue-joint-statement,2025-04-08,train,rule_final,A2,A11,high,P3,,"HMT and India’s finance ministry issued a joint statement on the 13th Economic and Financial Dialogue, highlighting continued cooperation on trade, financial services, capital markets, listings, pensions, insurance and rupee internationalisation. It also notes plans for future dialogue and an FCA-IFSCA exchange of letters to support regulatory cooperation. No direct requirements are imposed on firms in this statement.",no_primary_function; class_disagrees_with_registry,,,,
1051,hmt:policy_papers#1051,HM Treasury and Financial Conduct Authority Regulatory Perimeter Meeting – March 2025,HMT,policy_papers,https://www.gov.uk/government/publications/hm-treasury-and-financial-conduct-authority-regulatory-perimeter-meeting-march-2025,2025-04-10,train,rule_final,A2,A11,high,P3,,This is a record of a meeting between HMT and the FCA about the FCA’s Perimeter Report and the financial services regulatory perimeter. It does not set new rules or deadlines; it simply summarises the discussion on 24 March 2025.,function_off_matrix; no_primary_function; class_disagrees_with_registry,,,,
1052,hmt:policy_papers#1052,Memorandum of Understanding between the OBR and HMT – macroeconomic models,HMT,policy_papers,https://www.gov.uk/government/publications/memorandum-of-understanding-between-the-obr-and-hmt-macroeconomic-models,2025-04-10,train,rule_final,A2,A11,high,P3,,"HM Treasury and the OBR published a non-binding memorandum of understanding on joint governance, maintenance and development of shared macroeconomic models. It covers several named models and sets expectations for collaboration, record-keeping, quality assurance and review arrangements. It is an internal/public administration agreement rather than a rule, consultation or supervisory notice, and creates no direct obligations for regulated firms.",no_primary_function; class_disagrees_with_registry; models_disagree,,,,
1050,hmt:policy_papers#1050,Reappointment of Financial Conduct Authority Chief Executive Officer,HMT,policy_papers,https://www.gov.uk/government/publications/reappointment-of-financial-conduct-authority-chief-executive-officer,2025-04-11,train,rule_final,A2,A11,high,P3,,"HM Treasury announces the reappointment of the FCA Chief Executive for a second five-year term and sets out ministerial expectations for the FCA to support growth, competitiveness and informed risk-taking. It is an intelligence-style letter, not a rule, consultation or supervisory notice, and it creates no direct obligations for firms.",no_primary_function; class_disagrees_with_registry,,,,
1048,hmt:policy_papers#1048,Economic Crime Levy Report 2023-24,HMT,policy_papers,https://www.gov.uk/government/publications/economic-crime-levy-report-2023-24,2025-05-09,train,rule_final,A2,A11,high,P3,,"HM Treasury published an annual report on the Economic Crime Levy for 2023-24. It explains how levy receipts were collected and allocated to anti-money laundering and economic crime activity, including funding for investigators, intelligence teams and AML supervision reform. It is informational only and does not set new requirements for firms.",no_primary_function; class_disagrees_with_registry; models_disagree,,,,
1047,hmt:policy_papers#1047,"Sanctions implementation and enforcement: cross-government review, May 2025",HMT,policy_papers,https://www.gov.uk/government/publications/sanctions-implementation-and-enforcement-cross-government-review-may-2025,2025-05-14,train,rule_final,A2,A11,high,P3,,"HMT and other government bodies published a policy paper setting out conclusions from a cross-government review of UK sanctions implementation and enforcement. It provides background, objectives, strategic context and summary engagement, but does not itself change sanctions rules or impose new obligations.",function_off_matrix; no_primary_function; class_disagrees_with_registry; models_disagree,,,,
1046,hmt:policy_papers#1046,Treasury Minutes – May 2025,HMT,policy_papers,https://www.gov.uk/government/publications/treasury-minutes-may-2025,2025-05-15,train,rule_final,A2,A11,high,P3,,"HM Treasury published its May 2025 Treasury Minutes, which are the government’s responses to Public Accounts Committee reports across several departments, including an NHS financial sustainability report. The document sets out government agreement or disagreement with recommendations and target implementation dates where relevant, but it does not itself create new regulatory requirements for firms.",function_off_matrix; no_primary_function; class_disagrees_with_registry; models_disagree,,,,
1045,hmt:policy_papers#1045,Pensions Investment Review: Final Report,HMT,policy_papers,https://www.gov.uk/government/publications/pensions-investment-review-final-report,2025-05-30,train,rule_final,A2,A1,medium,P1,Regulatory change; Legal; Prudential,"HMT’s final report on the Pensions Investment Review sets out the government’s conclusions and intended reforms for defined contribution pensions and the Local Government Pension Scheme, including planned legislation to support larger, more consolidated schemes and a shift toward value over cost. It also outlines future work on the investment pipeline and a forthcoming pensions roadmap. No immediate compliance deadline is stated in the excerpt.",function_off_matrix; class_disagrees_with_registry; models_disagree,,,,
1044,hmt:policy_papers#1044,Specialised Committee on Participation in Union Programmes Minutes: 11 December 2024,HMT,policy_papers,https://www.gov.uk/government/publications/specialised-committee-on-participation-in-union-programmes-minutes-11-december-2024,2025-06-05,train,rule_final,A2,A11,high,P3,,"HMT published minutes of the 11 December 2024 UK-EU Specialised Committee on Participation in Union Programmes. The discussion covers UK association to Horizon Europe and Copernicus, participation trends, exclusion issues, future framework programme plans, and visa/health surcharge costs for researchers. It is informational only and does not create any new requirements.",no_primary_function; class_disagrees_with_registry; models_disagree,,,,
1043,hmt:policy_papers#1043,Green Book Review 2025: Findings and actions,HMT,policy_papers,https://www.gov.uk/government/publications/green-book-review-2025-findings-and-actions,2025-06-10,train,rule_final,A2,A11,high,P3,,"HM Treasury published a review of the Green Book and set out actions to simplify appraisal guidance, clarify business case expectations, improve place-based assessment, and publish business cases for major projects and programmes. It is aimed at government departments and public-sector decision makers, not regulated firms. No compliance deadline or direct obligation for banks is created.",function_off_matrix; no_primary_function; class_disagrees_with_registry; models_disagree,,,,
1041,hmt:policy_papers#1041,Government Response to the 2024 Fiscal Risks and Sustainability Report,HMT,policy_papers,https://www.gov.uk/government/publications/government-response-to-the-2024-fiscal-risks-and-sustainability-report,2025-06-11,train,rule_final,A2,A11,high,P3,,"HM Treasury’s response explains the government’s fiscal framework reforms and how they relate to the 2024 Fiscal Risks and Sustainability Report. It discusses spending, debt sustainability, welfare controls, OBR reporting and related fiscal-policy commitments, but does not create new regulatory requirements for firms.",no_primary_function; class_disagrees_with_registry; models_disagree,,,,
1040,hmt:policy_papers#1040,Northern Ireland Interim Fiscal Framework Implementation Update: Relative Funding Methodology,HMT,policy_papers,https://www.gov.uk/government/publications/northern-ireland-interim-fiscal-framework-implementation-update-relative-funding-methodology,2025-06-11,train,rule_final,A2,A12,medium,P3,Regulatory change; Compliance; Legal,"HMT publishes an implementation update setting out the agreed relative funding methodology for assessing Northern Ireland Executive funding against comparable UK Government funding. It explains how the 124% threshold, transitional factor, tax devolution adjustments, non-domestic rates and population data are used in the calculation. No direct compliance action or deadline is created for firms.",function_off_matrix; class_disagrees_with_registry; models_disagree,,,,
1042,hmt:policy_papers#1042,Departmental Efficiency Delivery Plans,HMT,policy_papers,https://www.gov.uk/government/publications/departmental-efficiency-delivery-plans,2025-06-11,train,rule_final,A2,A11,high,P3,,"HMT publishes government departmental efficiency plans for Spending Review 2025, setting out non-binding efficiency targets and delivery themes across departments through 2028-29. It is an informational policy paper for public transparency, not a financial-services rule or supervisory action. No direct obligations are created for banks or other regulated firms.",function_off_matrix; no_primary_function; class_disagrees_with_registry; models_disagree,,,,
1039,hmt:policy_papers#1039,Tax Policy Making Principles,HMT,policy_papers,https://www.gov.uk/government/publications/tax-policy-making-principles,2025-06-12,train,rule_final,A2,A11,high,P3,,"HMT has published a policy paper setting out high-level principles for how it will make tax policy, including a single major fiscal event cycle, more targeted consultation, and greater transparency. It does not create any firm obligations or set a compliance date.",function_off_matrix; no_primary_function; class_disagrees_with_registry; models_disagree,,,,
1037,hmt:policy_papers#1037,"Update: domestic premises suppliers and Buy-Now, Pay-Later (BNPL)",HMT,policy_papers,https://www.gov.uk/government/publications/update-domestic-premises-suppliers-and-buy-now-pay-later-bnpl,2025-06-16,train,rule_final,A2,A1,high,P1,Regulatory change; Legal; Product,"The government will lay a negative statutory instrument to exempt domestic premises suppliers from needing credit broking permissions to offer BNPL as a payment option. This affects firms using BNPL in domestic premises sales. No implementation date is stated in the text, but the measure is intended to take effect through secondary legislation.",function_off_matrix; class_disagrees_with_registry,,,,
1038,hmt:policy_papers#1038,Treasury Minutes – June 2025,HMT,policy_papers,https://www.gov.uk/government/publications/treasury-minutes-june-2025,2025-06-16,train,rule_final,A2,A11,high,P3,,"HM Treasury’s Treasury Minutes is the government’s response to Committee of Public Accounts reports, including recommendations on AI in government, energy bills support, NHS dentistry, and biomass. It sets out departmental responses and target implementation dates for some actions, but it does not create financial-services obligations for firms.",no_primary_function; class_disagrees_with_registry; models_disagree,,,,
1034,hmt:policy_papers#1034,User and Preparer Advisory Group Minutes: March 2025,HMT,policy_papers,https://www.gov.uk/government/publications/user-and-preparer-advisory-group-minutes-march-2025,2025-06-17,train,rule_final,A2,A11,high,P3,,"HM Treasury published minutes and agenda papers for the User and Preparer Advisory Group meeting held on 5 March 2025. The papers discuss IFRS 18/19, Whole of Government Accounts, local government updates, and proposed changes to the Financial Reporting Manual for non-investment assets, including valuation and intangible asset guidance from 1 April 2025.",no_primary_function; class_disagrees_with_registry; models_disagree,,,,
1035,hmt:policy_papers#1035,User and Preparer Advisory Group Minutes: October 2024,HMT,policy_papers,https://www.gov.uk/government/publications/user-and-preparer-advisory-group-minutes-october-2024,2025-06-17,train,rule_final,A2,A11,high,P3,,"Minutes of HM Treasury’s User and Preparer Advisory Group meeting on 10 October 2024. The agenda covered IFRS 18 and 19, a thematic review update on non-investment assets, Whole of Government Accounts, local government updates, and GFR review progress. This is a record of discussion only and does not set new requirements or deadlines for firms.",function_off_matrix; no_primary_function; class_disagrees_with_registry,,,,
1036,hmt:policy_papers#1036,User and Preparer Advisory Group Minutes: April 2024,HMT,policy_papers,https://www.gov.uk/government/publications/user-and-preparer-advisory-group-minutes-april-2024,2025-06-17,train,rule_final,A2,A11,high,P3,,"HM Treasury published minutes from the User and Preparer Advisory Group meeting held on 11 April 2024. The papers and discussion cover public-sector financial reporting topics including local government updates, the performance report thematic review, FReM changes, SOPS reporting, sustainability reporting and NAO updates. This is an informational meeting record; it does not itself create new obligations.",no_primary_function; class_disagrees_with_registry; models_disagree,,,,
1033,hmt:policy_papers#1033,UK Infrastructure: A 10 Year Strategy,HMT,policy_papers,https://www.gov.uk/government/publications/uk-infrastructure-a-10-year-strategy,2025-06-18,train,rule_final,A2,A11,high,P3,,"HM Treasury sets out a 10-year UK infrastructure strategy covering economic, housing and social infrastructure, with NISTA overseeing implementation and progress reporting. It is a policy paper and strategic statement, not a rule, consultation or enforcement notice. No direct regulatory obligations are created for firms in the publication itself.",function_off_matrix; no_primary_function; class_disagrees_with_registry; models_disagree,,,,
1032,hmt:policy_papers#1032,UK-U.S. Financial Regulatory Working Group June 2025: Joint Statement,HMT,policy_papers,https://www.gov.uk/government/publications/uk-us-financial-regulatory-working-group-june-2025-joint-statement,2025-06-24,train,rule_final,A2,A11,high,P3,,HM Treasury and the U.S. Treasury published a joint statement recording the 11th UK-U.S. Financial Regulatory Working Group meeting and summarising topics discussed and outcomes. It is informational only and does not set new requirements or deadlines for firms.,function_off_matrix; no_primary_function; class_disagrees_with_registry,,,,
1031,hmt:policy_papers#1031,"Joint statement from the Specialised Committee on Financial Provisions, 25 June 2025",HMT,policy_papers,https://www.gov.uk/government/publications/joint-statement-from-the-specialised-committee-on-financial-provisions-25-june-2025,2025-06-25,train,rule_final,A2,A11,high,P3,,"HMT and the European Commission issued a joint statement noting progress at the Specialised Committee on Financial Provisions. It is a policy paper about workstreams on invoices the EU sends to the UK under the Financial Settlement, with no firm-facing obligations or deadlines.",function_off_matrix; no_primary_function; class_disagrees_with_registry; models_disagree,,,,
1030,hmt:policy_papers#1030,Finance: Interministerial Standing Committee – 26 June 2025,HMT,policy_papers,https://www.gov.uk/government/publications/finance-interministerial-standing-committee-26-june-2025,2025-06-26,train,rule_final,A2,A11,high,P3,,"This is a UK government communiqué from a Finance: Interministerial Standing Committee meeting on 26 June 2025. It is an informational policy paper about discussions between UK and devolved finance ministers, with no specific regulatory rule, consultation, or requirement for firms.",function_off_matrix; no_primary_function; class_disagrees_with_registry,,,,
1029,hmt:policy_papers#1029,Supporting documents for Spending Review 2025,HMT,policy_papers,https://www.gov.uk/government/publications/supporting-documents-for-spending-review-2025,2025-06-26,train,rule_final,A2,A11,high,P3,,"HM Treasury published an analytical paper on the distributional impact of tax, welfare and public service spending decisions for Spending Review 2025. It models household impacts in 2028-29 and explains the data and methodology used. The document is informational only and does not create or change requirements for firms.",no_primary_function; class_disagrees_with_registry; models_disagree,,,,
1028,hmt:policy_papers#1028,10 Year Infrastructure Strategy Working Paper,HMT,policy_papers,https://www.gov.uk/government/publications/10-year-infrastructure-strategy-working-paper,2025-06-27,train,rule_final,A2,A11,high,P3,,"HMT has published a working paper on a 10-year infrastructure strategy for the UK. It sets out high-level principles, objectives and next steps for developing a cross-government plan covering economic, housing and social infrastructure, with consultation continuing and publication planned for June alongside the spending review.",no_primary_function; class_disagrees_with_registry; models_disagree,,,,
1027,hmt:policy_papers#1027,Spending Review 2025 document,HMT,policy_papers,https://www.gov.uk/government/publications/spending-review-2025-document,2025-06-30,train,rule_final,A2,A11,high,P3,,"HM Treasury has published the full Spending Review 2025 document and a correction slip. It is a government policy paper setting out spending plans, not a financial-services rule, supervisory notice, or obligation for firms.",no_primary_function; class_disagrees_with_registry; models_disagree,,,,
1026,hmt:policy_papers#1026,Ancillary Activities Exemption – Draft Legislation,HMT,policy_papers,https://www.gov.uk/government/publications/ancillary-activities-exemption-draft-legislation,2025-07-02,train,rule_final,A2,A3,high,P2,Regulatory change; Product; Legal,"HMT has published near-final draft legislation to replace the current ancillary activities test with a new, simpler regime and give the FCA rulemaking powers. It affects firms using the ancillary activities exemption for commodity derivatives, emissions allowances or related derivatives. The new regime is due to come into force on 1 January 2027, and technical comments on the draft SI are requested by 28 August 2025.",class_disagrees_with_registry,,,,
1025,hmt:policy_papers#1025,10th UK-Singapore Financial Dialogue July 2025: Joint Statement,HMT,policy_papers,https://www.gov.uk/government/publications/10th-uk-singapore-financial-dialogue-july-2025-joint-statement,2025-07-03,train,rule_final,A2,A11,high,P3,,HM Treasury and the Monetary Authority of Singapore published a joint statement recording discussions and outcomes from the 10th UK-Singapore Financial Dialogue held on 2 July 2025. It is a record of the meeting and does not set new rules or deadlines.,function_off_matrix; no_primary_function; class_disagrees_with_registry,,,,
1024,hmt:policy_papers#1024,FSCS Annual Report and Class Statements 2024/25,HMT,policy_papers,https://www.gov.uk/government/publications/fscs-annual-report-and-class-statements-202425,2025-07-03,train,rule_final,A2,A11,high,P3,,"FSCS’s 2024/25 annual report and accounts summarises activity, finances, governance and strategy for the year ended 31 March 2025. It highlights compensation paid, recoveries from failed firms, customer outcomes and future priorities, including preparations for any outcome of the deposit protection limit consultation. No new binding requirements are created by the report itself.",function_off_matrix; no_primary_function; class_disagrees_with_registry; models_disagree,,,,
1023,hmt:policy_papers#1023,Thematic Review of Sustainability Reporting,HMT,policy_papers,https://www.gov.uk/government/publications/thematic-review-on-sustainability-reporting,2025-07-07,train,rule_final,A2,A11,high,P3,,"HM Treasury’s thematic review assesses central government sustainability reporting and says it will decouple Sustainability Reporting Guidance from Greening Government Commitments, remove some mandatory environmental metrics, keep TCFD-aligned disclosures and key GGC metrics, and develop further principles-based guidance. HMT plans to set out a proposal for FRAB in November 2025.",no_primary_function; class_disagrees_with_registry; models_disagree,,,,
1022,hmt:policy_papers#1022,Post Implementation Review of IFRS 16,HMT,policy_papers,https://www.gov.uk/government/publications/post-implementation-review-of-ifrs-16,2025-07-08,train,rule_final,A2,A10,high,P2,Prudential,"HMT published a post-implementation review of IFRS 16 Leases in central government financial reporting. It summarises feedback from preparers, users and FRAB on the 2022-23 implementation process and disclosure quality, and says lessons will inform future standards including IFRS 17, IFRS 18 and IFRS 19. No new compliance date or rule change is set out.",function_off_matrix; class_disagrees_with_registry,,,,
1020,hmt:policy_papers#1020,Updating the UK’s regulatory framework for central counterparties,HMT,policy_papers,https://www.gov.uk/government/publications/updating-the-uks-regulatory-framework-for-central-counterparties,2025-07-14,train,rule_final,A2,A1,high,P1,Regulatory change; Legal; Prudential,HMT publishes a policy note on draft statutory instruments to replace the CCP framework in assimilated law with a new UK regime under FSMA 2023. It explains how the Central Counterparties (Amendment) Regulations 2025 and related overseas CCP rules will take effect when the relevant UK EMIR provisions are revoked. The paper is for technical comment; the new Bank rulebook is expected to be published for consultation on 18 July 2025.,function_off_matrix; class_disagrees_with_registry; models_disagree,,,,
1021,hmt:policy_papers#1021,Memorandum of Understanding: Overseas Recognition Regimes,HMT,policy_papers,https://www.gov.uk/government/publications/memorandum-of-understanding-overseas-recognition-regimes,2025-07-14,train,rule_final,A2,A11,medium,P3,,"HM Treasury, the Bank of England, PRA and FCA published a memorandum of understanding on how they will coordinate on Overseas Recognition Regimes. It explains the process for assessing overseas jurisdictions, seeking regulator advice, and monitoring existing designations. It does not itself change rules or impose a compliance deadline.",function_off_matrix; no_primary_function; class_disagrees_with_registry; models_disagree,,,,
1019,hmt:policy_papers#1019,Overseas Recognition Regimes Guidance Document,HMT,policy_papers,https://www.gov.uk/government/publications/overseas-recognition-regimes-guidance-document,2025-07-14,train,rule_final,A2,A11,medium,P3,,"HM Treasury published guidance on Overseas Recognition Regimes, explaining how it will assess, designate and review overseas jurisdictions whose regulatory frameworks produce similar outcomes to the UK’s. It describes the recognition framework, the factors Treasury may consider, and how monitoring and reviews work. It is informational and does not itself create new obligations.",function_off_matrix; no_primary_function; class_disagrees_with_registry; models_disagree,,,,
1018,hmt:policy_papers#1018,Digital Gilt Instrument (DIGIT) Pilot Update,HMT,policy_papers,https://www.gov.uk/government/publications/digital-gilt-instrument-digit-pilot-update,2025-07-15,train,rule_final,A2,A3,high,P2,Prudential; Operational resilience,HM Treasury sets out additional features to be tested in the Digital Gilt Instrument (DIGIT) pilot after reviewing responses to the earlier procurement process. This is an update on the pilot design for potential suppliers and the wider financial services sector; no binding rule changes are made and no dates are stated.,class_disagrees_with_registry,,,,
1017,hmt:policy_papers#1017,Wholesale Financial Markets Digital Strategy,HMT,policy_papers,https://www.gov.uk/government/publications/wholesale-financial-markets-digital-strategy,2025-07-15,train,rule_final,A2,A11,high,P3,,"HMT published a policy paper setting out the government’s strategy for digitalising UK wholesale financial markets, including use of distributed ledger technology and coordination with regulators and industry via a Digital Markets Champion. It is an agenda-setting document rather than a binding rule or consultation, and it names no compliance deadline.",function_off_matrix; no_primary_function; class_disagrees_with_registry; models_disagree,,,,
1016,hmt:policy_papers#1016,Reclaim Fund Ltd Annual Report and Accounts 2024/25,HMT,policy_papers,https://www.gov.uk/government/publications/reclaim-fund-ltd-annual-report-and-accounts-202425,2025-07-16,train,rule_final,A2,A11,high,P3,,"Reclaim Fund Ltd’s annual report and accounts for 2024/25 describes the Dormant Assets Scheme’s activity, governance and financial results, including distributions to good causes and participating financial institutions. It is an informational annual report laid before Parliament, not a new rule or supervisory action.",no_primary_function; class_disagrees_with_registry; models_disagree,,,,
1014,hmt:policy_papers#1014,Financial Services Regulators Complaints Commissioner Annual Report and Accounts 2024-25 and regulator responses,HMT,policy_papers,https://www.gov.uk/government/publications/financial-services-regulators-complaints-commissioner-annual-report-and-accounts-2024-25-and-regulator-responses,2025-07-17,train,rule_final,A2,A11,high,P3,,"HMT published the Financial Services Regulators Complaints Commissioner’s Annual Report and Accounts for 2024-25. It reviews complaint handling by the FCA, PRA and PSR over the year ended 31 March 2025 and discusses themes such as P2P lending and SIPPs. It is an informational report with no new obligations or deadlines for firms.",no_primary_function; class_disagrees_with_registry; models_disagree,,,,
1015,hmt:policy_papers#1015,Treasury Minutes – July 2025,HMT,policy_papers,https://www.gov.uk/government/publications/treasury-minutes-july-2025,2025-07-17,train,rule_final,A2,A11,high,P3,,"Treasury Minutes is HM Treasury’s response to Public Accounts Committee reports on HMRC, government cyber resilience, DHSC accounts and tackling violence against women and girls. It records agreed recommendations and target implementation dates for HMRC, including a summer 2025 Transformation Roadmap, but does not itself create binding requirements for firms.",no_primary_function; class_disagrees_with_registry; models_disagree,,,,
1013,hmt:policy_papers#1013,National risk assessment of money laundering and terrorist financing 2025,HMT,policy_papers,https://www.gov.uk/government/publications/national-risk-assessment-of-money-laundering-and-terrorist-financing-2025,2025-07-17,train,rule_final,A2,A11,medium,P3,,"HMT published the 2025 National Risk Assessment of money laundering and terrorist financing. It sets out UK ML/TF risks, including sector-specific risks and cross-cutting issues such as cryptoassets and AI, and is intended to inform future policy, regulatory and operational priorities. No immediate rule changes or deadlines are created in the publication itself.",no_primary_function; class_disagrees_with_registry; models_disagree,,,,
1012,hmt:policy_papers#1012,Digitisation Taskforce - July 2025,HMT,policy_papers,https://www.gov.uk/government/publications/digitisation-taskforce-july-2025,2025-07-25,train,rule_final,A2,A11,high,P3,,"HMT’s Digitisation Taskforce final report sets out recommendations to modernise UK shareholding by moving away from paper share certificates and improving the intermediated system. It discusses an implementation timetable, possible legislative and regulatory changes, and protections for investors. It is a policy/intelligence document, not a binding rule or consultation with a closing date.",function_off_matrix; no_primary_function; class_disagrees_with_registry; models_disagree,,,,
1008,hmt:policy_papers#1008,Treasury Minutes – August 2025,HMT,policy_papers,https://www.gov.uk/government/publications/treasury-minutes-august-2025,2025-08-21,train,rule_final,A2,A11,high,P3,,"HM Treasury’s August 2025 Treasury Minutes sets out the government’s responses to Public Accounts Committee reports across several departments. It is primarily an informational government response document, summarising agreed recommendations and implementation status, including digital procurement changes and other departmental matters. No direct regulatory obligations for banks or firms are created.",no_primary_function; class_disagrees_with_registry; models_disagree,,,,
1010,hmt:policy_papers#1010,Welsh Rates of Income Tax outturn reconciliation for 2023-24,HMT,policy_papers,https://www.gov.uk/government/publications/welsh-rates-of-income-tax-outturn-reconciliation-for-2023-24,2025-08-21,train,rule_final,A2,A11,high,P3,,"HMT published an explanatory policy paper on the 2023-24 Welsh Rates of Income Tax outturn reconciliation. It explains how HMRC outturn data updates Welsh Government funding, with a net £53 million increase to overall funding for 2026-27. No action is required for firms and no regulatory obligations are created.",no_primary_function; class_disagrees_with_registry; models_disagree,,,,
1009,hmt:policy_papers#1009,Scottish Income Tax outturn reconciliation for 2023-24,HMT,policy_papers,https://www.gov.uk/government/publications/scottish-income-tax-outturn-reconciliation-for-2023-24,2025-08-21,train,rule_final,A2,A11,high,P3,,"HMT published an explanatory policy paper on the 2023-24 Scottish Income Tax outturn reconciliation. It updates how HMRC outturn data and revised population estimates affect the Scottish Government’s funding for 2026-27, increasing overall funding by £406 million. This is informational and does not create obligations for firms.",no_primary_function; class_disagrees_with_registry; models_disagree,,,,
1007,hmt:policy_papers#1007,Memorandum of Understanding on financial crisis management,HMT,policy_papers,https://www.gov.uk/government/publications/memorandum-of-understanding-on-financial-crisis-management,2025-09-01,train,rule_final,A2,A11,high,P3,Board; Regulatory change; Compliance; Prudential; Risk,"HMT published a policy paper setting out the Memorandum of Understanding between the Treasury, Bank of England and PRA on resolution planning and financial crisis management. It explains how the authorities will coordinate to manage potential financial crises; it does not itself impose new firm obligations or set a compliance date.",function_off_matrix; class_disagrees_with_registry; models_disagree,,,,
1005,hmt:policy_papers#1005,Proposed amendments to the Money Laundering Regulations - draft SI and policy note,HMT,policy_papers,https://www.gov.uk/government/publications/proposed-amendments-to-the-money-laundering-regulations-draft-si-and-policy-note,2025-09-02,train,rule_final,A2,A1,high,P1,Regulatory change; Legal; Compliance; Financial crime,"HM Treasury publishes a draft statutory instrument and policy note amending the Money Laundering Regulations and related legislation. It is a four-week technical consultation closing on 2025-09-30. The final instrument is expected in early 2026 and to commence 21 days after being made, with some cryptoasset provisions tied to the FSMA cryptoasset perimeter.",function_off_matrix; class_disagrees_with_registry; models_disagree,,,,
1006,hmt:policy_papers#1006,Get Britain Working White Paper,HMT,policy_papers,https://www.gov.uk/government/publications/get-britain-working-white-paper,2025-09-02,train,rule_final,A2,A11,high,P3,,"This is a government policy paper setting out proposed reforms to employment, health and skills support to reduce economic inactivity and improve labour market participation. It is not a regulatory rule, supervisory notice, or binding requirement for firms. No direct compliance deadline or obligation is created for financial firms.",function_off_matrix; no_primary_function; class_disagrees_with_registry; models_disagree,,,,
1003,hmt:policy_papers#1003,EM on EU excise duty applied to tobacco products COM(2025)581),HMT,policy_papers,https://www.gov.uk/government/publications/em-on-eu-excise-duty-applied-to-tobacco-products-com2025581,2025-09-09,train,rule_final,A2,A11,high,P3,,"HMT has submitted an explanatory memorandum on EU proposals to recast tobacco excise duty rules and amend excise movement arrangements. The paper explains the likely Northern Ireland and policy implications, but notes the EU measures are still under consideration and may change or not be adopted. The proposals are expected to start from 2028, with a four-year transition for some rate increases if enacted.",function_off_matrix; no_primary_function; class_disagrees_with_registry; models_disagree,,,,
1002,hmt:policy_papers#1002,Business rates: forward look,HMT,policy_papers,https://www.gov.uk/government/publications/business-rates-forward-look,2025-09-11,train,rule_final,A2,A11,high,P3,,"HMT has published a policy paper giving a high-level forward look at planned business rates reforms. It says the government intends to work with stakeholders over this Parliament, alongside 2026 and 2029 revaluations, and recalls the Autumn Budget 2024 plan for two lower multipliers for Retail, Hospitality and Leisure properties below £500,000 rateable value.",no_primary_function; class_disagrees_with_registry; models_disagree,,,,
1001,hmt:policy_papers#1001,Transforming Business Rates: Interim Report,HMT,policy_papers,https://www.gov.uk/government/publications/transforming-business-rates-interim-report,2025-09-17,train,rule_final,A2,A11,high,P3,,"HM Treasury’s interim report on business rates summarises stakeholder feedback and signals further engagement on possible reforms, including a move from a “slab” to “slice” tax structure, changes to Small Business Rates Relief, Improvement Relief, valuation methodology and VOA/HMRC administrative changes. It is not a policy statement and does not itself change rules. A further update is promised at Autumn Budget 2025; one tax rate change for retail, hospitality and leisure properties was previously announced for April 2026.",function_off_matrix; no_primary_function; class_disagrees_with_registry; models_disagree,,,,
1000,hmt:policy_papers#1000,Treasury Minutes – September 2025,HMT,policy_papers,https://www.gov.uk/government/publications/treasury-minutes-september-2025,2025-09-22,train,rule_final,A2,A11,high,P3,,"Treasury Minutes sets out the government’s responses to Public Accounts Committee reports across several departments, including education, immigration, tax, research and water regulation. It is a parliamentary response document, not a rule, consultation, supervisory notice or enforcement action. No direct obligations are created for firms, though the paper contains policy updates and planned departmental actions.",no_primary_function; class_disagrees_with_registry; models_disagree,,,,
999,hmt:policy_papers#999,Chancellor meeting with Gilt-edged Market Makers: Minutes - September 2025,HMT,policy_papers,https://www.gov.uk/government/publications/chancellor-meeting-with-gilt-edged-market-makers-minutes-september-2025,2025-09-23,train,rule_final,A2,A11,high,P3,,HM Treasury published summary minutes of the Chancellor’s meeting with gilt-edged market makers on 22 September 2025. It is an informational record of discussions on global and UK economic prospects and creates no new requirements or deadlines for firms.,no_primary_function; class_disagrees_with_registry,,,,
998,hmt:policy_papers#998,UK-Australia Financial Regulatory Forum September 2025: Joint Statement,HMT,policy_papers,https://www.gov.uk/government/publications/uk-australia-financial-regulatory-forum-september-2025-joint-statement,2025-09-25,train,rule_final,A2,A11,high,P3,,"HM Treasury and the Australian Treasury published a joint statement recording the first UK-Australia Financial Regulatory Forum held on 24 September 2025. It summarises what was discussed and the key outcomes, but does not set out new rules, obligations or deadlines for firms.",no_primary_function; class_disagrees_with_registry,,,,
6917,cma:publications#6917,Rules for the digital markets competition regime levy (SMS Levy),CMA,publications,https://www.gov.uk/government/publications/rules-for-the-digital-markets-competition-regime-levy-sms-levy,2025-09-25,train,rule_final,MIXED,A12,high,P1,Regulatory change; Legal,"The CMA has made binding rules setting how the SMS Levy is calculated, invoiced and paid for firms with strategic market status under the DMCC Act. The rules apply from the chargeable year starting 1 April 2025 and cover the inaugural 2025-26 year and later years unless amended or replaced.",function_off_matrix; models_disagree,,,,
997,hmt:policy_papers#997,Joint Statement: EU-UK Financial Regulatory Forum- October 2025,HMT,policy_papers,https://www.gov.uk/government/publications/joint-statement-eu-uk-financial-regulatory-forum-october-2025--2,2025-10-02,train,rule_final,A2,A11,high,P3,,HM Treasury and the European Commission published a joint statement recording what was discussed at the fourth EU-UK Financial Regulatory Forum on 1 October 2025. It is a public record and does not set new requirements or deadlines.,function_off_matrix; no_primary_function; class_disagrees_with_registry,,,,
996,hmt:policy_papers#996,G7 Cyber Expert Group Statement on AI and Cybersecurity,HMT,policy_papers,https://www.gov.uk/government/publications/g7-cyber-expert-group-statement-on-ai-and-cybersecurity,2025-10-06,train,rule_final,A2,A11,high,P3,,"The G7 Cyber Expert Group issued a statement on AI and cybersecurity, encouraging jurisdictions to monitor AI developments, promote collaboration, and address emerging cyber risks from AI. It is an informational policy statement with no direct UK firm obligations or deadlines.",function_off_matrix; no_primary_function; class_disagrees_with_registry,,,,
995,hmt:policy_papers#995,Block Grant Transparency: October 2025,HMT,policy_papers,https://www.gov.uk/government/publications/block-grant-transparency-october-2025,2025-10-09,train,rule_final,A2,A11,high,P3,,"HM Treasury published the seventh Block Grant Transparency update and explanatory note, showing how block grants for the Scottish Government, Welsh Government and Northern Ireland Executive are calculated. It is an informational policy paper with no new regulatory requirements for financial firms.",no_primary_function; class_disagrees_with_registry; models_disagree,,,,
994,hmt:policy_papers#994,Reclaim Fund Limited – Framework Document 2025,HMT,policy_papers,https://www.gov.uk/government/publications/reclaim-fund-limited-framework-document-2025,2025-10-16,train,rule_final,A2,A12,high,P3,Legal; Regulatory change,"HM Treasury published the 2025 Framework Document for Reclaim Fund Ltd, setting out its governance, accountability, reporting and risk arrangements. It confirms RFL’s status as a central government NDPB and its FCA regulation as a dormant account fund operator. The document is an updated governance framework for RFL rather than a new rule or supervisory action.",function_off_matrix; class_disagrees_with_registry; models_disagree,,,,
993,hmt:policy_papers#993,"World Bank Group and International Monetary Fund 2025 Annual Meetings, Development Committee: UK Governors' statement",HMT,policy_papers,https://www.gov.uk/government/publications/world-bank-group-and-international-monetary-fund-2025-annual-meetings-development-committee-uk-governors-statement,2025-10-20,train,rule_final,A2,A11,high,P3,,"UK ministers’ statement at the World Bank/IMF Development Committee meeting on 16 October 2025. It is a policy paper and speech-style publication with no new rules, deadlines or obligations for firms.",no_primary_function; class_disagrees_with_registry,,,,
992,hmt:policy_papers#992,An introduction to the UK public investment landscape,HMT,policy_papers,https://www.gov.uk/government/publications/an-introduction-to-the-uk-public-investment-landscape,2025-10-21,train,rule_final,A2,A11,high,P3,,"HMT published an explainer on the UK public investment landscape, describing the roles of bodies such as the British Business Bank, National Wealth Fund, Innovate UK, UK Export Finance, Homes England and devolved investment bodies. It highlights how they collaborate to crowd in private capital and support growth, clean energy, exports and regional development. No new rules, obligations or deadlines are created.",no_primary_function; class_disagrees_with_registry; models_disagree,,,,
991,hmt:policy_papers#991,Joint statement on regional investment from UK public investment bodies,HMT,policy_papers,https://www.gov.uk/government/publications/joint-statement-on-regional-investment-from-uk-public-investment-bodies,2025-10-21,train,rule_final,A2,A11,high,P3,,"UK public investment bodies’ CEOs issue a joint statement saying they will work with government and the private sector to support regional growth, Local Growth Plans and regional investment across the UK. It is a policy/intelligence statement with no new requirements or deadlines.",no_primary_function; class_disagrees_with_registry,,,,
990,hmt:policy_papers#990,Statement of strategic priorities to the British Business Bank,HMT,policy_papers,https://www.gov.uk/government/publications/statement-of-strategic-priorities-to-the-british-business-bank,2025-10-21,train,rule_final,A2,A11,high,P3,,"HMT and the Department for Business and Trade published a 5-year statement of strategic priorities for the British Business Bank. It sets the bank’s mission from April 2026, four priorities, and increases its economic capital limit to £25.6 billion. This is a government policy paper, not a rule or supervisory notice for regulated firms.",no_primary_function; class_disagrees_with_registry; models_disagree,,,,
989,hmt:policy_papers#989,Joint Exchequer Committee (Scotland) – 17 October 2025,HMT,policy_papers,https://www.gov.uk/government/publications/joint-exchequer-committee-scotland-17-october-2025,2025-10-24,train,rule_final,A2,A11,high,P3,,"This is a government communique reporting that the UK Chief Secretary to the Treasury and the Scottish Finance Secretary met to discuss Scotland’s Fiscal Framework. It does not announce any rule, guidance, consultation, or binding requirement for firms.",no_primary_function; class_disagrees_with_registry,,,,
988,hmt:policy_papers#988,Finance: Interministerial Standing Committee – 17 October 2025,HMT,policy_papers,https://www.gov.uk/government/publications/finance-interministerial-standing-committee-17-october-2025,2025-10-27,train,rule_final,A2,A11,high,P3,,"A Treasury policy paper publishes a communiqué from the Finance: Interministerial Standing Committee meeting held on 17 October 2025. It is an informational government update on finance matters affecting the UK, with no specific regulatory requirement, deadline, or firm action set out.",no_primary_function; class_disagrees_with_registry,,,,
987,hmt:policy_papers#987,Meeting minutes – July 2025,HMT,policy_papers,https://www.gov.uk/government/publications/meeting-minutes-july-2025,2025-10-30,train,rule_final,A2,A11,high,P3,,"HM Treasury published minutes of the Chancellor’s July 2025 meeting with the Bank of England Governor after the Financial Stability Report. The note records discussion of financial stability matters and the statutory meeting requirement, but it does not itself change any rules or impose new obligations.",function_off_matrix; no_primary_function; class_disagrees_with_registry; models_disagree,,,,
986,hmt:policy_papers#986,Social Impact Investment Advisory Group,HMT,policy_papers,https://www.gov.uk/government/publications/social-impact-investment-advisory-group,2025-11-03,train,rule_final,A2,A11,high,P3,,"HMT’s Social Impact Investment Advisory Group report sets out a non-binding roadmap for government to mobilise impact capital and the wider impact economy. It recommends stronger leadership, an Office for the Impact Economy, a mobilisation mindset in public-sector delivery, and targeted reforms on pensions, giving and philanthropy. No firm obligations or compliance dates are created for regulated firms.",function_off_matrix; no_primary_function; class_disagrees_with_registry; models_disagree,,,,
985,hmt:policy_papers#985,Financial Inclusion Strategy,HMT,policy_papers,https://www.gov.uk/government/publications/financial-inclusion-strategy,2025-11-05,train,rule_final,A2,A11,high,P3,,"HM Treasury has published a Financial Inclusion Strategy setting out a cross-government programme to improve access to banking, products and services for underserved groups. It signals future initiatives such as banking hubs, inclusive design work, payroll savings schemes and small-sum loans pilots, but does not itself create binding requirements for firms.",function_off_matrix; no_primary_function; class_disagrees_with_registry; models_disagree,,,,
984,hmt:policy_papers#984,Updating the UK’s exemption framework for intragroup Over the Counter Derivatives,HMT,policy_papers,https://www.gov.uk/government/publications/updating-the-uks-exemption-framework-for-intragroup-over-the-counter-derivatives,2025-11-05,train,rule_final,A2,A1,high,P1,Regulatory change; Legal,"Draft UK statutory regulations amend the EMIR intragroup exemption framework for OTC derivatives. They change the intragroup transaction definition and exemption conditions for UK and third-country counterparties, including FCA notification and non-objection mechanics. The draft is laid before Parliament and will come into force when the related revocation in FSMA 2023 commencement takes effect.",class_disagrees_with_registry,,,,
983,hmt:policy_papers#983,Strategy for future retail payments infrastructure,HMT,policy_papers,https://www.gov.uk/government/publications/strategy-for-future-retail-payments-infrastructure,2025-11-07,train,rule_final,A2,A11,high,P3,Board; Regulatory change; Product,"HM Treasury sets out its strategy for future UK retail payments infrastructure, following the National Payments Vision. It describes desired outcomes for the next-generation infrastructure, including innovation, competition, security and financial inclusion, and the role of the new governance model and future Retail Payments Infrastructure Board/Delivery Company. No binding requirements are created in this document.",class_disagrees_with_registry; models_disagree,,,,
982,hmt:policy_papers#982,Accelerated Settlement (T+1),HMT,policy_papers,https://www.gov.uk/government/publications/accelerated-settlement-t1,2025-11-20,train,rule_final,A2,A1,high,P1,Legal; Regulatory change; Prudential,"Draft regulations are laid before Parliament to shorten settlement for transferable securities executed on a UK trading venue from T+2 to T+1, with exemptions for certain trades. They come into force on 11 October 2027 and amend the settlement date rules in Regulation (EU) No 909/2014 as onshored/modified for the UK.",function_off_matrix; class_disagrees_with_registry,,,,
976,hmt:policy_papers#976,Entrepreneurship in the UK,HMT,policy_papers,https://www.gov.uk/government/publications/entrepreneurship-in-the-uk,2025-11-26,train,rule_final,A2,A11,high,P3,,"HMT has published a policy paper setting out its entrepreneurship agenda for the UK, including support for scale-ups, R&D, procurement reform, tax reliefs and public finance institutions. It also says it will publish a Call for Evidence on tax policies alongside the paper and indicates further work over the next year. This is strategic policy direction, not a binding rule change.",function_off_matrix; no_primary_function; class_disagrees_with_registry; models_disagree,,,,
975,hmt:policy_papers#975,"Effects of the business rates retail, hospitality and leisure multipliers and high-value multiplier",HMT,policy_papers,https://www.gov.uk/government/publications/effects-of-the-business-rates-retail-hospitality-and-leisure-multipliers-and-high-value-multiplier,2025-11-26,train,rule_final,A2,A11,high,P3,,"HMT published analysis of the business rates retail, hospitality and leisure multipliers and the higher multiplier for valuable properties in England. It explains the 2026-27 rates and scope by property type, but does not itself set the rules. The document is informational and supports changes announced in earlier legislation and budget measures.",no_primary_function; class_disagrees_with_registry; models_disagree,,,,
974,hmt:policy_papers#974,Independent Review of the Loan Charge,HMT,policy_papers,https://www.gov.uk/government/publications/independent-review-of-the-loan-charge,2025-11-26,train,rule_final,A2,A11,high,P3,,"HMT publishes an independent review of the Loan Charge, a tax-avoidance measure affecting individuals caught in disguised remuneration loan schemes. It recommends a new final settlement approach to bring outstanding cases to a close. This is an intelligence/reporting publication only; it does not itself change law or impose deadlines.",function_off_matrix; no_primary_function; class_disagrees_with_registry; models_disagree,,,,
977,hmt:policy_papers#977,Digital Services Tax Review,HMT,policy_papers,https://www.gov.uk/government/publications/digital-services-tax-review,2025-11-26,val,rule_final,A2,A11,high,P3,,"HMT has published a review of the Digital Services Tax, explaining its purpose, performance and administration since its introduction in April 2020. It is an informational report laid before Parliament and does not itself change tax law or impose new requirements. The review discusses the interim nature of DST pending a global tax solution and its impacts on digital businesses.",function_off_matrix; no_primary_function; class_disagrees_with_registry; models_disagree,,,,
978,hmt:policy_papers#978,Reforming the spending control and accountability framework,HMT,policy_papers,https://www.gov.uk/government/publications/reforming-the-spending-control-and-accountability-framework,2025-11-26,val,rule_final,A2,A11,high,P3,,"HM Treasury and the Office for Value for Money set out plans to reform central government spending controls, approvals and accountability. The paper proposes a phased update to rules and guidance, with departments expected to streamline internal approvals and improve transparency to Parliament. It is a policy paper only; no direct obligations are created for financial firms.",function_off_matrix; no_primary_function; class_disagrees_with_registry; models_disagree,,,,
979,hmt:policy_papers#979,Evaluation of the Office for Value for Money,HMT,policy_papers,https://www.gov.uk/government/publications/evaluation-of-the-office-for-value-for-money,2025-11-26,val,rule_final,A2,A11,high,P3,,"HM Treasury publishes an evaluation of the Office for Value for Money, a time-limited unit that closed alongside Budget 2025. The report assesses whether the OVfM met its remit, likely lasting impact and value for money, using interviews and document review. It is an informational evaluation only and does not create obligations for firms.",no_primary_function; class_disagrees_with_registry; models_disagree,,,,
980,hmt:policy_papers#980,10 Year Efficiency Projections,HMT,policy_papers,https://www.gov.uk/government/publications/10-year-efficiency-projections,2025-11-26,val,rule_final,A2,A11,high,P3,,HM Treasury published a policy paper setting out 10-year efficiency projections for selected government programmes funded at Spending Review 2025. It explains the prototype methodology and gives illustrative long-term value-for-money and efficiency forecasts for departments; it does not create rules or deadlines for regulated firms.,function_off_matrix; no_primary_function; class_disagrees_with_registry; models_disagree,,,,
981,hmt:policy_papers#981,Government Response to the 2025 Fiscal Risks and Sustainability Report,HMT,policy_papers,https://www.gov.uk/government/publications/government-response-to-the-2025-fiscal-risks-and-sustainability-report,2025-11-26,val,rule_final,A2,A11,high,P3,,"HM Treasury’s response to the OBR’s 2025 Fiscal Risks and Sustainability Report explains the government’s approach to long-term fiscal sustainability, debt reduction, and balance-sheet management. It discusses Budget 2025 measures, tax base changes, pensions, climate and financial-asset reforms, but does not set new requirements for firms in this document.",no_primary_function; class_disagrees_with_registry; models_disagree,,,,
973,hmt:policy_papers#973,Supporting documents for Budget 2025,HMT,policy_papers,https://www.gov.uk/government/publications/supporting-documents-for-budget-2025,2025-11-27,val,rule_final,A2,A11,high,P3,,"HM Treasury’s Budget 2025 supporting document provides distributional analysis of how tax, welfare and public spending decisions affect household incomes. It is an informational background paper accompanying the Budget, not a rule, consultation or supervisory notice. The document references policy measures with implementation dates, but it does not itself create obligations.",no_primary_function; class_disagrees_with_registry; models_disagree,,,,
972,hmt:policy_papers#972,Budget 2025 document,HMT,policy_papers,https://www.gov.uk/government/publications/budget-2025-document,2025-11-28,val,rule_final,A2,A11,high,P3,,"HMT has published the Budget 2025 document. This is an informational government budget paper rather than a regulatory rule, consultation or supervisory notice, so firms should review it for any relevant tax or policy announcements but there is no direct compliance action stated in this publication.",no_primary_function; class_disagrees_with_registry; models_disagree,,,,
971,hmt:policy_papers#971,G7 Fundamental Elements of Collective Cyber Incident Response and Recovery in the Financial Sector,HMT,policy_papers,https://www.gov.uk/government/publications/g7-fundamental-elements-of-collective-cyber-incident-response-and-recovery-in-the-financial-sector,2025-12-03,val,rule_final,A2,A11,high,P3,,"HMT publishes non-binding G7 principles for collective cyber incident response and recovery in the financial sector. The document sets out high-level elements for establishing, using, maintaining and testing collective response arrangements, but it does not create regulatory requirements or deadlines. It is aimed at financial authorities, financial entities and relevant third-party service providers.",no_primary_function; class_disagrees_with_registry; models_disagree,,,,
968,hmt:policy_papers#968,Creating a Provisional Licences Authorisation Regime: Policy Update 2025,HMT,policy_papers,https://www.gov.uk/government/publications/creating-a-provisional-licences-authorisation-regime-policy-update-2025,2025-12-04,val,rule_final,A2,A1,medium,P3,Regulatory change; Legal,"HM Treasury sets out a policy update on a proposed provisional licences regime that would need primary legislation before it can be created. The regime would let certain new FCA-authorised firms carry on limited regulated activities under time-limited, modified conditions while they work towards full authorisation. No immediate compliance date is set; the FCA will develop more detailed proposals later.",class_disagrees_with_registry,,,,
969,hmt:policy_papers#969,Treasury Minutes progress report – December 2025,HMT,policy_papers,https://www.gov.uk/government/publications/treasury-minutes-progress-report-december-2025,2025-12-04,val,rule_final,A2,A11,high,P3,,"This Treasury Minutes progress report records the government’s progress on implementing agreed recommendations from the Committee of Public Accounts across multiple sessions. It is a parliamentary update on outstanding and completed reports, not a rule, supervision document, or enforcement notice, and it does not create new obligations for firms.",function_off_matrix; no_primary_function; class_disagrees_with_registry; models_disagree,,,,
970,hmt:policy_papers#970,Joint Statement for the automatic exchange of information on immovable property,HMT,policy_papers,https://www.gov.uk/government/publications/joint-statement-for-the-automatic-exchange-of-information-on-immovable-property,2025-12-04,val,rule_final,A2,A11,high,P3,Financial crime,"HMT published a policy paper joint statement announcing the UK and 24 other jurisdictions aim to implement the OECD’s framework for automatic exchange of information on immovable property by 2029 or 2030. It is a transparency and anti-evasion initiative, but it does not itself create binding requirements for firms.",function_off_matrix; class_disagrees_with_registry; models_disagree,,,,
966,hmt:policy_papers#966,Targeted Support,HMT,policy_papers,https://www.gov.uk/government/publications/targeted-support,2025-12-11,val,rule_final,A2,A2,high,P1,Regulatory change; Compliance; Legal,"The government publishes a consultation response on the targeted support regime for pensions and investments. It confirms the policy direction, notes the final SI will be corrected, and says targeted support is expected to roll out from early April 2026, with the FCA authorisation gateway opening in March 2026. Firms wanting to provide targeted support should review the near-final FCA rules and prepare for permissions.",models_disagree,,,,
965,hmt:policy_papers#965,Specialised Committee on Participation in Union Programmes Provisional Agenda 15 December 2025,HMT,policy_papers,https://www.gov.uk/government/publications/specialised-committee-on-participation-in-union-programmes-provisional-agenda-15-december-2025,2025-12-12,val,rule_final,A2,A11,high,P3,,HMT published a provisional agenda for the UK-EU Specialised Committee on Participation in Union Programmes meeting on 15 December 2025. It is a meeting agenda only and does not create or change requirements for firms.,no_primary_function; class_disagrees_with_registry,,,,
963,hmt:policy_papers#963,Economic Evidence to the Pay Review Bodies: 2026-27 Pay Round,HMT,policy_papers,https://www.gov.uk/government/publications/economic-evidence-to-the-pay-review-bodies-2026-27-pay-round,2025-12-15,val,rule_final,A2,A11,high,P3,,"HM Treasury published economic evidence for the 2026-27 Pay Review Bodies pay round, setting the wider economic, labour market and fiscal context for independent recommendations. It is background policy material for public-sector pay setting, with no direct rule change or compliance deadline for firms.",no_primary_function; class_disagrees_with_registry; models_disagree,,,,
964,hmt:policy_papers#964,Treasury Minutes – December 2025,HMT,policy_papers,https://www.gov.uk/government/publications/treasury-minutes-december-2025,2025-12-15,val,rule_final,A2,A11,high,P3,,"This Treasury Minute is HMT’s government response to Public Accounts Committee reports on defence, justice, housing, civil service delivery and pensions. It records departmental answers and target implementation dates, including a March 2026 plan for MoD reserve-force reforms and legislative measures to remove barriers to movement between Regular and Reserve Service. It is informational rather than a regulatory change for financial firms.",function_off_matrix; no_primary_function; class_disagrees_with_registry; models_disagree,,,,
962,hmt:policy_papers#962,Regulatory regime for cryptoassets (regulated activities) – Draft SI and Policy Note,HMT,policy_papers,https://www.gov.uk/government/publications/regulatory-regime-for-cryptoassets-regulated-activities-draft-si-and-policy-note,2025-12-16,val,rule_final,A2,A1,high,P1,Regulatory change; Legal; Compliance; Prudential,"Draft statutory instrument and policy note to create a new UK regulated activities regime for cryptoassets, including qualifying stablecoins, trading platforms, dealing, safeguarding and staking, and related amendments to the FCA/PRA rulemaking and permission framework. It is laid before Parliament and would come into force in stages, including 21 days after made for preparatory FCA/PRA powers and applications, with full commencement on a date left blank.",function_off_matrix; class_disagrees_with_registry,,,,
961,hmt:policy_papers#961,NS&I Contingent Liabilities Arising from Transitioning to a Multi Supplier Model,HMT,policy_papers,https://www.gov.uk/government/publications/nsi-contingent-liabilities-arising-from-transitioning-to-a-multi-supplier-model,2025-12-17,val,rule_final,A2,A11,high,P3,,HMT published a policy paper/Departmental Minute explaining why NS&I took on operational and fraud loss liabilities when moving to a multi-supplier delivery model. It notes a combined potential exposure of £2m to 2029 and says assurance has been strengthened. This is informational only and does not set obligations for firms.,function_off_matrix; no_primary_function; class_disagrees_with_registry; models_disagree,,,,
6846,cma:publications#6846,Merger remedies,CMA,publications,https://www.gov.uk/government/publications/merger-remedies,2025-12-19,val,rule_final,MIXED,A12,high,P3,Legal; Compliance; Regulatory change,"The CMA has published an updated merger remedies guidance document (CMA87) setting out how it assesses and designs merger remedies, including divestitures, behavioural remedies, trustees and monitoring arrangements. It is guidance for merger parties and practitioners, not a new rule. No compliance date is stated and no direct obligations are created by the publication itself.",function_off_matrix; models_disagree,,,,
6837,cma:publications#6837,Public transport ticketing schemes block exemption guidance,CMA,publications,https://www.gov.uk/government/publications/public-transport-ticketing-schemes-block-exemption-guidance-cma53,2026-01-09,val,rule_final,MIXED,A12,high,P1,Legal; Compliance; Regulatory change; Product,"The CMA has published updated guidance on the Public Transport Ticketing Schemes Block Exemption (CMA53), explaining when multi-operator public transport ticketing schemes are exempt from the Chapter I prohibition under the Competition Act 1998. It applies to operators, local authorities and scheme administrators for public transport ticketing schemes, including existing and new schemes. The guidance references the amended block exemption order, which was most recently amended in 2025.",function_off_matrix; models_disagree,,,,
959,hmt:policy_papers#959,Advancing a Coordinated Roadmap for the Transition to Post-Quantum Cryptography in the Financial Sector,HMT,policy_papers,https://www.gov.uk/government/publications/advancing-a-coordinated-roadmap-for-the-transition-to-post-quantum-cryptography-in-the-financial-sector,2026-01-13,val,rule_final,A2,A11,high,P3,,"The G7 Cyber Expert Group published a non-binding roadmap encouraging financial authorities and financial entities to plan a coordinated transition to post-quantum cryptography. It gives high-level considerations on governance, risk-based planning, standards, metrics, and third-party coordination, but states it does not set guidance or regulatory expectations. No compliance date or mandatory requirement is set.",function_off_matrix; no_primary_function; class_disagrees_with_registry; models_disagree,,,,
958,hmt:policy_papers#958,Treasury Minutes – January 2026,HMT,policy_papers,https://www.gov.uk/government/publications/treasury-minutes-january-2026,2026-01-15,val,rule_final,A2,A11,high,P3,,"HM Treasury’s January 2026 Treasury Minutes set out the government’s responses to the Public Accounts Committee’s reports across several departments, including transport, defence, animal disease resilience, overseas estates, Afghanistan response, NHS waiting times and BBC accounts. It records agreed recommendations and target implementation dates for departmental follow-up, but does not itself create new regulatory requirements for firms.",function_off_matrix; no_primary_function; class_disagrees_with_registry; models_disagree,,,,
957,hmt:policy_papers#957,Women in Finance Charter: Treasury Progress Update 2025,HMT,policy_papers,https://www.gov.uk/government/publications/women-in-finance-charter-treasury-progress-update-2025,2026-01-29,val,rule_final,A2,A11,high,P3,,"HM Treasury publishes a progress update on its own Women in Finance Charter commitments, reporting senior female representation rose to 50% by March 2025. It is an update and future priorities note, not a new rule or obligation for firms.",function_off_matrix; no_primary_function; class_disagrees_with_registry,,,,
956,hmt:policy_papers#956,Joint readout of the first UK-China Financial Working Group,HMT,policy_papers,https://www.gov.uk/government/publications/joint-readout-of-the-first-uk-china-financial-working-group,2026-02-06,val,rule_final,A2,A11,high,P3,,"HMT and Chinese authorities issued a joint readout of the first UK-China Financial Working Group meeting in Beijing. It summarises discussions on financial stability, CCP supervision, crisis management, counterfeiting, AML/FATF cooperation, capital markets, RMB business, wealth management, pensions and green finance. It is informational only and sets no direct deadlines or new requirements.",function_off_matrix; no_primary_function; class_disagrees_with_registry,,,,
955,hmt:policy_papers#955,Budget Information Security Review,HMT,policy_papers,https://www.gov.uk/government/publications/budget-information-security-review,2026-02-09,val,rule_final,A2,A11,high,P3,,"HM Treasury’s review explains Budget information-security failures and sets out tighter controls for future Budget-related communications and sensitive fiscal information. It says a new 'BUDGET - MARKET-SENSITIVE' classification will be introduced, with fewer officials able to access sensitive material, and that the March 2026 EFO will be published on GOV.UK by HMT on the OBR’s behalf. The changes are aimed at government processes, not firms.",function_off_matrix; no_primary_function; class_disagrees_with_registry; models_disagree,,,,
954,hmt:policy_papers#954,Applying the FSMA 2000 model of regulation to the Capital Requirements Regulation,HMT,policy_papers,https://www.gov.uk/government/publications/applying-the-fsma-2000-model-of-regulation-to-the-capital-requirements-regulation,2026-02-19,val,rule_final,A2,A1,high,P1,Regulatory change; Prudential; Legal,"Draft Treasury regulations would create the Overseas Prudential Requirements Regime for credit institutions and investment firms, with a 1 January 2027 commencement date. They set how overseas jurisdictions may be designated and how exposures and capital instruments of overseas firms are treated for CRR firms and CRR consolidation entities. The instrument is laid before Parliament for approval.",class_disagrees_with_registry,,,,
951,hmt:policy_papers#951,Public service pensions increase: 2026,HMT,policy_papers,https://www.gov.uk/government/publications/public-service-pensions-increase-2026,2026-02-26,val,rule_final,A2,A1,medium,P1,Prudential; Legal,"HM Treasury published the 2026 public service pensions increase policy paper and multiplier tables. Public service pensions in payment for at least one year will rise by 3.8% from 6 April 2026, with proportionate increases for shorter periods in payment. Scheme administrators should use the tables to apply the annual uplift correctly.",function_off_matrix; class_disagrees_with_registry; models_disagree,,,,
952,hmt:policy_papers#952,Payments Forward Plan,HMT,policy_papers,https://www.gov.uk/government/publications/payments-forward-plan,2026-02-26,val,rule_final,A2,A3,high,P2,Regulatory change; Product,"HMT’s Payments Forward Plan sets out a three-year roadmap for payments regulation, including consultations and later rulemaking on consolidating the PSR into the FCA, reviewing assimilated payments law, Open Banking, stablecoins and related payments reforms. It is a planning document, not a rule or decision. Key milestones begin in 2026, with further consultations, responses and legislation expected through 2028.",function_off_matrix; class_disagrees_with_registry; models_disagree,,,,
950,hmt:policy_papers#950,Debt Management Report 2026-27,HMT,policy_papers,https://www.gov.uk/government/publications/debt-management-report-2026-27,2026-03-03,val,rule_final,A2,A2,high,P1,Prudential; Regulatory change,"HM Treasury’s annual Debt Management Report sets out the UK government’s borrowing and debt-management plans for 2026-27, including the financing remit for the DMO and NS&I and the Exchequer cash management remit. It explains the framework, objectives and planned issuance mix for the coming financial year. No direct obligations are imposed on firms, but it is relevant to banks active in gilt markets and government debt operations.",models_disagree,,,,
949,hmt:policy_papers#949,Treasury Minutes – March 2026,HMT,policy_papers,https://www.gov.uk/government/publications/treasury-minutes-march-2026,2026-03-05,val,rule_final,A2,A11,high,P3,,"HM Treasury’s Treasury Minutes responds to the Public Accounts Committee on government fees and charges, setting out planned improvements to oversight, guidance and good-practice sharing for fee-charging public bodies. It is a government response to parliamentary recommendations, with some actions targeted for Spring 2026, but it does not itself create binding requirements for regulated firms.",no_primary_function; class_disagrees_with_registry; models_disagree,,,,
947,hmt:policy_papers#947,"Joint Statement: EU-UK Financial Regulatory Forum, March 2026",HMT,policy_papers,https://www.gov.uk/government/publications/joint-statement-eu-uk-financial-regulatory-forum-march-2026,2026-03-12,val,rule_final,A2,A11,high,P3,,"HM Treasury and the European Commission published a joint statement recording discussion points from the fifth EU-UK Financial Regulatory Forum held on 11 March 2026. It is a record of the forum, not a rule, consultation or supervisory notice, and it creates no direct obligations.",no_primary_function; class_disagrees_with_registry,,,,
943,hmt:policy_papers#943,Fifth Trade Specialised Committee on Customs Cooperation and Rules of Origin Meeting Minutes,HMT,policy_papers,https://www.gov.uk/government/publications/fifth-trade-specialised-committee-on-customs-cooperation-and-rules-of-origin-meeting-minutes,2026-03-13,val,rule_final,A2,A11,high,P3,,"HM Treasury published minutes of the fifth UK-EU Trade Specialised Committee on Customs Cooperation and Rules of Origin meeting, held on 16 October 2025. The minutes describe discussions under the Trade and Cooperation Agreement on customs cooperation, rules of origin and related trade facilitation topics. No new obligations, deadlines or rule changes are set out.",function_off_matrix; no_primary_function; class_disagrees_with_registry,,,,
923,hmt:policy_papers#923,"UK-Japan Financial Regulatory Forum Joint Statement, March 2026",HMT,policy_papers,https://www.gov.uk/government/publications/uk-japan-financial-regulatory-forum-joint-statement-march-2026,2026-03-19,val,rule_final,A2,A11,high,P3,,"HM Treasury and Japan’s Financial Services Agency published a joint statement recording discussions at the fourth UK-Japan Financial Regulatory Forum. It is a public record of the meeting and does not set out new rules, guidance, deadlines, or obligations for firms.",no_primary_function; class_disagrees_with_registry,,,,
925,hmt:policy_papers#925,Northern Growth Strategy: Case for change,HMT,policy_papers,https://www.gov.uk/government/publications/northern-growth-strategy-case-for-change,2026-03-19,val,rule_final,A2,A11,high,P3,,"HM Treasury has published a policy paper setting out the next steps for its Northern Growth Strategy, focused on regional growth, transport, investment, skills and devolution. It is a government strategy and invitation to future engagement, not a binding regulatory change. No compliance deadline or obligation is created in the document.",function_off_matrix; no_primary_function; class_disagrees_with_registry; models_disagree,,,,
913,hmt:policy_papers#913,Sovereign Grant Act 2011: report of the Royal Trustees on the Sovereign Grant 2026-27,HMT,policy_papers,https://www.gov.uk/government/publications/sovereign-grant-act-2011-report-of-the-royal-trustees-on-the-sovereign-grant-2026-27,2026-03-24,val,rule_final,A2,A1,medium,P1,Legal; Regulatory change,"This is HMT’s statutory report to Parliament under the Sovereign Grant Act 2011 setting the Sovereign Grant for 2026-27 and explaining how it was calculated. It is part of the annual legislative machinery for the Royal Household funding, not a banking or FCA/PRA rule change. No action is required for financial firms unless they have a specific interest in public-sector legal updates.",class_disagrees_with_registry; models_disagree,,,,
915,hmt:policy_papers#915,Finance: Interministerial Standing Committee – 19 March 2026,HMT,policy_papers,https://www.gov.uk/government/publications/finance-interministerial-standing-committee-19-march-2026,2026-03-24,val,rule_final,A2,A11,high,P3,,"This is a communiqué from the Finance: Interministerial Standing Committee meeting of 19 March 2026. It is an informational government publication about discussions between UK and devolved finance ministers, with no stated rule changes, deadlines, or obligations for firms.",function_off_matrix; no_primary_function; class_disagrees_with_registry,,,,
916,hmt:policy_papers#916,Cabinet Office and HM Treasury small and medium-sized enterprise (SME) action plan: 2025 to 2028,HMT,policy_papers,https://www.gov.uk/government/publications/cabinet-office-and-hm-treasury-small-and-medium-sized-enterprise-sme-action-plan-2025-to-2028,2026-03-24,val,rule_final,A2,A11,high,P3,,Cabinet Office and HM Treasury published a policy paper setting out an SME action plan for 2025 to 2028. It describes government procurement spend targets and actions to reduce barriers and increase SME participation in public sector supply chains from April 2025 to March 2028.,function_off_matrix; no_primary_function; class_disagrees_with_registry; models_disagree,,,,
917,hmt:policy_papers#917,Chancellor meeting with Gilt-edged Market Makers: Minutes - March 2026,HMT,policy_papers,https://www.gov.uk/government/publications/chancellor-meeting-with-gilt-edged-market-makers-minutes-march-2026,2026-03-24,val,rule_final,A2,A11,high,P3,,HM Treasury published summary minutes of the Chancellor’s 23 March 2026 meeting with wholesale Gilt-edged Market Makers. The meeting discussed views on global and UK economic prospects. It is informational only and does not impose any requirements or deadlines.,no_primary_function; class_disagrees_with_registry,,,,
912,hmt:policy_papers#912,Joint Exchequer Committee (Scotland) - 19 March 2026,HMT,policy_papers,https://www.gov.uk/government/publications/joint-exchequer-committee-scotland-19-march-2026,2026-03-25,val,rule_final,A2,A11,high,P3,,This is a government policy paper/communique on the Joint Exchequer Committee (Scotland) discussing Scotland’s Fiscal Framework. It is informational only and does not set or change any regulatory requirements for firms.,function_off_matrix; no_primary_function; class_disagrees_with_registry,,,,
906,hmt:policy_papers#906,Mortgage Charter 2026,HMT,policy_papers,https://www.gov.uk/government/publications/mortgage-charter-2026,2026-03-26,val,rule_final,A2,A11,high,P3,,"HMT published a policy paper describing the 2026 Mortgage Charter. Lenders signing up to the charter will offer borrowers extra short-term flexibility if they are worried about mortgage payments, following discussions on mortgage rate pressures. No new legal requirement or implementation date is set out in the text.",no_primary_function; class_disagrees_with_registry; models_disagree,,,,
892,hmt:policy_papers#892,User and Preparer Advisory Group Minutes: November 2025,HMT,policy_papers,https://www.gov.uk/government/publications/user-and-preparer-advisory-group-minutes-november-2025,2026-04-02,val,rule_final,A2,A11,high,P3,,"Minutes/agenda for a government financial reporting advisory group meeting, listing discussion items and attendees. It is informational only and does not set or change any regulatory requirements for firms.",no_primary_function; class_disagrees_with_registry,,,,
894,hmt:policy_papers#894,Treasury Minutes – April 2026,HMT,policy_papers,https://www.gov.uk/government/publications/treasury-minutes-april-2026,2026-04-02,val,rule_final,A2,A11,high,P3,,"HM Treasury’s April 2026 Treasury Minutes responds to Committee of Public Accounts reports across several departments, including energy efficiency installations, police productivity, clinical negligence, probation, fraud and NS&I transformation. It sets out the government’s answers to PAC recommendations and mentions ongoing work, including on ECO/GBIS and an Autumn 2026 target implementation date in one area. It does not itself create binding requirements for firms.",function_off_matrix; no_primary_function; class_disagrees_with_registry; models_disagree,,,,
889,hmt:policy_papers#889,U.S. – UK Financial Regulatory Working Group Winter 2026: Joint Statement,HMT,policy_papers,https://www.gov.uk/government/publications/us-uk-financial-regulatory-working-group-winter-2026-joint-statement,2026-04-08,val,rule_final,A2,A11,high,P3,,"HM Treasury and the U.S. Treasury published a joint statement recording the discussions and outcomes of the 12th Financial Regulatory Working Group meeting held on 25 February 2026. It is a public record and does not create new rules, deadlines or obligations for firms.",no_primary_function; class_disagrees_with_registry,,,,
884,hmt:policy_papers#884,"Decision No 1/2026 of the Specialised Committee on Participation in Union Programmes under the Trade and Cooperation Agreement, amending Protocol I of the Trade and Cooperation Agreement",HMT,policy_papers,https://www.gov.uk/government/publications/decision-no-12026-of-the-specialised-committee-on-participation-in-union-programmes-under-the-trade-and-cooperation-agreement-amending-protocol-i-of-t,2026-04-15,val,rule_final,A2,A1,medium,P1,Legal; Regulatory change,"This Decision amends Protocol I to the UK-EU Trade and Cooperation Agreement to set the UK’s participation terms for Erasmus+ from 1 January 2027, including contribution, eligibility and governance requirements. It applies from 1 January 2027 and requires designation of a national authority, national agency and independent audit body for participation.",class_disagrees_with_registry; models_disagree,,,,
885,hmt:policy_papers#885,OFSI Strategy: 2026 - 2029,HMT,policy_papers,https://www.gov.uk/government/publications/ofsi-strategy-2026-2029,2026-04-15,val,rule_final,A2,A11,high,P3,Financial crime,"OFSI publishes its 2026-2029 strategy setting out how it will implement UK financial sanctions over the next three years. It highlights stronger enforcement, clearer expectations, faster support, and more use of data and AI, but it does not itself change rules or create new legal obligations.",function_off_matrix; class_disagrees_with_registry; models_disagree,,,,
886,hmt:policy_papers#886,EM on EU Decision on TCA Specialised Committee Erasmus+ position,HMT,policy_papers,https://www.gov.uk/government/publications/em-on-eu-decision-on-tca-specialised-committee-erasmus-position,2026-04-15,val,rule_final,A2,A1,medium,P1,Legal; Regulatory change; Prudential,"HM Treasury explains an EU Council Decision and related TCA amendments that would let the UK associate to Erasmus+ from 1 January 2027. It sets out the UK’s role, eligibility, financial contribution mechanics and review arrangements. No firm-facing compliance deadline is created for banks, but the decision becomes part of the TCA once adopted.",function_off_matrix; class_disagrees_with_registry; models_disagree,,,,
872,hmt:policy_papers#872,"World Bank Group and International Monetary Fund 2026 Spring Meetings, Development Committee: UK Governors' statement",HMT,policy_papers,https://www.gov.uk/government/publications/world-bank-group-and-international-monetary-fund-2026-spring-meetings-development-committee-uk-governors-statement,2026-04-21,val,rule_final,A2,A11,high,P3,,UK ministers’ statement at the World Bank Group and IMF Development Committee 2026 Spring Meetings. It is a policy speech/statement for awareness only and does not create or change any UK regulatory obligations for firms.,no_primary_function; class_disagrees_with_registry,,,,
874,hmt:policy_papers#874,Policy note: Draft statutory instrument amending the Cryptoasset Regulations,HMT,policy_papers,https://www.gov.uk/government/publications/policy-note-draft-statutory-instrument-amending-the-cryptoasset-regulations,2026-04-21,val,rule_final,A2,A3,high,P2,Regulatory change; Product; Legal,"HM Treasury has published a draft statutory instrument and policy note to amend the Cryptoassets Regulations 2026, mainly to carve UK-issued qualifying stablecoin payment activity out of the cryptoasset dealing and arranging perimeter ahead of wider payments reforms. It is seeking industry views during an informal consultation period and says it will consult more fully on payments services reforms soon. No final compliance date is set in this note.",function_off_matrix; class_disagrees_with_registry; models_disagree,,,,
862,hmt:policy_papers#862,HM Treasury and Financial Conduct Authority Performance Reviews,HMT,policy_papers,https://www.gov.uk/government/publications/hm-treasury-and-financial-conduct-authority-performance-reviews,2026-04-28,val,rule_final,A2,A11,high,P3,,HM Treasury has published records of six-monthly performance review meetings between the Economic Secretary to the Treasury and the FCA Chief Executive. The paper explains the government’s commitment to formalise regulator performance reviews and provides meeting minutes for February 2026 and July 2025. It is informational only and creates no direct obligations for firms.,no_primary_function; class_disagrees_with_registry,,,,
863,hmt:policy_papers#863,HM Treasury and Prudential Regulation Authority Performance Reviews,HMT,policy_papers,https://www.gov.uk/government/publications/hm-treasury-and-prudential-regulation-authority-performance-reviews,2026-04-28,val,rule_final,A2,A11,high,P3,,HM Treasury has published records of six-monthly performance review meetings between the Economic Secretary and the PRA Chief Executive. The document is informational and explains that these minutes relate to the regulator performance review process committed to in the March 2025 Regulation Action Plan.,function_off_matrix; no_primary_function; class_disagrees_with_registry,,,,
861,hmt:policy_papers#861,Changes to the Risk Transformation Regulations,HMT,policy_papers,https://www.gov.uk/government/publications/changes-to-the-risk-transformation-regulations,2026-04-29,val,rule_final,A2,A1,high,P1,Legal; Regulatory change,"HMT has published a consultation response on changes to the Risk Transformation Regulations. It will take forward reforms through primary and secondary legislation, including clearer funding expectations for transformer vehicles and a new power to let protected cell companies carry out insurance contracts. Further legislation will follow as Parliamentary time allows; regulators will then consider rule changes.",class_disagrees_with_registry; models_disagree,,,,
842,hmt:policy_papers#842,Oxford-Cambridge Growth Corridor Investment Prospectus,HMT,policy_papers,https://www.gov.uk/government/publications/oxford-cambridge-growth-corridor-investment-prospectus,2026-05-18,val,rule_final,A2,A11,high,P3,,"HMT published an investment prospectus promoting the Oxford-Cambridge Growth Corridor to investors, developers and businesses. It highlights regional opportunities, government support, infrastructure, tax and talent measures, and sector strengths, but does not create or change regulatory requirements. No action date is set.",no_primary_function; class_disagrees_with_registry; models_disagree,,,,
845,hmt:policy_papers#845,"Safeguarding Stability, Enabling Growth: The Ring-Fencing Review",HMT,policy_papers,https://www.gov.uk/government/publications/safeguarding-stability-enabling-growth-the-ring-fencing-review,2026-05-18,val,rule_final,A2,A11,high,P3,Regulatory change,"HM Treasury’s Ring-Fencing Review sets out a reform package for ring-fenced banks, including planned primary legislation, later secondary-legislation changes and future consultations on new flexibilities such as a New Growth Allowance and wider permitted products. It also signals reviews by the PRA, FPC and Bank of England on capital and resolution interactions. No immediate rule changes are made in this paper.",function_off_matrix; class_disagrees_with_registry; models_disagree,,,,
839,hmt:policy_papers#839,Public service pensions: 2024 valuations,HMT,policy_papers,https://www.gov.uk/government/publications/public-service-pensions-2024-valuations,2026-05-19,val,rule_final,A2,A1,high,P1,Prudential; Legal; Regulatory change,"HM Treasury has made the Public Service Pensions (Valuations and Employer Cost Cap) (Amendment) Directions 2026. The directions amend the valuation and employer cost cap framework for public service pension schemes, including updated assumptions, definitions and timing provisions. They take effect the day after signing and apply across England and Wales, Scotland and Northern Ireland.",class_disagrees_with_registry,,,,
832,hmt:policy_papers#832,Getting Britain Building: Reforming Judicial Review for Infrastructure,HMT,policy_papers,https://www.gov.uk/government/publications/getting-britain-building-reforming-judicial-review-for-infrastructure,2026-05-20,val,rule_final,A2,A3,high,P2,Regulatory change; Legal,"HMT is consulting on reforms to judicial review for major infrastructure, including a parliamentary authorisation route for critical energy projects and a structured challenge window for all NSIPs. The paper says these options would depend on detailed design and underpinning legislation, with further detail to follow before legislation is introduced. No immediate obligations arise from this paper.",function_off_matrix; class_disagrees_with_registry,,,,
825,hmt:policy_papers#825,Treasury Minutes – May 2026,HMT,policy_papers,https://www.gov.uk/government/publications/treasury-minutes-may-2026,2026-05-21,val,rule_final,A2,A11,high,P3,,"HM Treasury’s Treasury Minutes sets out the government’s responses to Committee of Public Accounts reports from Session 2024-26, including excess votes and other public-spending matters. It is a parliamentary response document, not a rule, guidance or enforcement notice. Some items mention actions already implemented in March 2026, but the publication itself creates no new obligations for firms.",function_off_matrix; no_primary_function; class_disagrees_with_registry; models_disagree,,,,
826,hmt:policy_papers#826,"Whole of Government Accounts, 2023-24",HMT,policy_papers,https://www.gov.uk/government/publications/whole-of-government-accounts-2023-24,2026-05-21,val,rule_final,A2,A11,high,P3,,"HM Treasury published the 2023-24 Whole of Government Accounts, a retrospective financial-reporting document on the UK public sector and local audit backlog. It includes commentary on missing and unaudited local authority data, fiscal risk management, long-term trends, and future developments for WGA. No direct obligations are created for regulated firms.",no_primary_function; class_disagrees_with_registry; models_disagree,,,,
814,hmt:policy_papers#814,National Wealth Fund Framework Document,HMT,policy_papers,https://www.gov.uk/government/publications/national-wealth-fund-framework-document,2026-05-28,val,rule_final,A2,A12,high,P3,Regulatory change; Legal; Board,"HMT has published the National Wealth Fund’s Framework Document, setting out its governance, accountability, reporting and financial control arrangements. It applies to the Fund, HMT and the Shareholder Representative, and is to be reviewed at least every 3 years, with the latest review date stated as April 2029. The document itself is not a rule change, but codifies the operating framework for the public body.",function_off_matrix; class_disagrees_with_registry; models_disagree,,,,
815,hmt:policy_papers#815,The National Wealth Fund and HM Treasury Keep Well Agreement,HMT,policy_papers,https://www.gov.uk/government/publications/the-national-wealth-fund-and-hm-treasury-keep-well-agreement,2026-05-28,val,rule_final,A2,A2,high,P1,Prudential; Legal; Regulatory change,"HMT and the National Wealth Fund have executed a new keep well agreement, replacing the prior one and increasing the funding cap to £27.8 billion. The agreement also extends support to Sizewell C-related commitments and other NWF liabilities, with HMT required to provide funds up to the total cap if NWF cannot meet payment obligations.",models_disagree,,,,
806,hmt:policy_papers#806,"Joint statement from the Specialised Committee on Financial Provisions, 4 June 2026",HMT,policy_papers,https://www.gov.uk/government/publications/joint-statement-from-the-specialised-committee-on-financial-provisions-4-june-2026,2026-06-04,val,rule_final,A2,A11,high,P3,,"HMT and the European Commission issued a joint statement on progress in Financial Provisions work streams, including invoices the EU sends to the UK under the Financial Settlement. It is informational only and does not set or change requirements for firms.",no_primary_function; class_disagrees_with_registry,,,,
807,hmt:policy_papers#807,Treasury Minutes progress report – June 2026,HMT,policy_papers,https://www.gov.uk/government/publications/treasury-minutes-progress-report-june-2026,2026-06-04,val,rule_final,A2,A11,high,P3,,Treasury Minutes Progress is a government progress report updating Parliament on implementation of Committee of Public Accounts recommendations across multiple sessions. It records status updates on public-sector recommendations and does not create or change requirements for financial firms. No direct action dates or obligations for banks are stated.,function_off_matrix; no_primary_function; class_disagrees_with_registry; models_disagree,,,,
801,hmt:policy_papers#801,Introducing the AI Economics Institute,HMT,policy_papers,https://www.gov.uk/government/publications/introducing-the-ai-economics-institute,2026-06-08,val,rule_final,A2,A11,high,P3,,"HMT announces a new AI Economics Institute, a joint HM Treasury–DSIT unit to study AI’s economic impacts and support evidence-based policy. It will build data, conduct research and develop models on adoption, productivity, labour markets, firms and income distribution. No compliance deadline or binding requirement is set out.",no_primary_function; class_disagrees_with_registry,,,,
802,hmt:policy_papers#802,AI Economics Institute Prospectus,HMT,policy_papers,https://www.gov.uk/government/publications/ai-economics-institute-prospectus,2026-06-08,val,rule_final,A2,A11,high,P3,,"HMT has published a policy paper prospectus for the new AI Economics Institute, describing its research remit on AI’s economic impacts and the modelling work it will develop. It is an informational outlook for government, industry and academia, with no firm-specific regulatory requirement or implementation date.",no_primary_function; class_disagrees_with_registry,,,,
794,hmt:policy_papers#794,HM Treasury Market Engagement Group,HMT,policy_papers,https://www.gov.uk/government/publications/hm-treasury-market-engagement-group,2026-06-11,val,rule_final,A2,A11,high,P3,,"HM Treasury published the terms of reference for its Market Engagement Group, a senior forum for market participants to share views on UK financial markets with the Chancellor. It covers membership, meeting frequency, confidentiality, competition law and a privacy notice for applicants. There are no new regulatory requirements for firms, but participating members should note conduct, confidentiality and data-processing terms.",function_off_matrix; no_primary_function; class_disagrees_with_registry; models_disagree,,,,
789,hmt:policy_papers#789,HM Treasury Market Engagement Group summary minutes – June 2026,HMT,policy_papers,https://www.gov.uk/government/publications/hm-treasury-market-engagement-group-summary-minutes-june-2026,2026-06-16,val,rule_final,A2,A11,high,P3,,"HM Treasury published summary minutes of the Market Engagement Group for June 2026. It is a high-level forum for financial market participants to share views with the Chancellor on UK financial market developments, including gilts and sterling. The note is informational only and does not set requirements or deadlines.",no_primary_function; class_disagrees_with_registry,,,,
766,hmt:policy_papers#766,Report of the Royal Trustees on the Sovereign Grant Review 2026,HMT,policy_papers,https://www.gov.uk/government/publications/report-of-the-royal-trustees-on-the-sovereign-grant-review-2026,2026-06-26,val,rule_final,A2,A1,high,P1,Legal; Regulatory change; Prudential,"This HMT report reviews the Sovereign Grant under the Sovereign Grant Act 2011 and concludes the grant should be set lower for 2027-28 once legislation allows it. It also notes expected costs for 2027-28 to 2031-32, including palace maintenance, cyber-security upgrades and energy efficiency works, and explains the Crown Estate revenue assumptions used in the review.",class_disagrees_with_registry,,,,
762,hmt:policy_papers#762,Specialised Committee on Participation in Union Programmes Minutes: 15 December 2025,HMT,policy_papers,https://www.gov.uk/government/publications/specialised-committee-on-participation-in-union-programmes-minutes-15-december-2025,2026-06-29,val,rule_final,A2,A11,high,P3,,This is a published set of minutes from the UK-EU Specialised Committee on Participation in Union Programmes. It is informational only and does not create or change requirements for firms.,no_primary_function; class_disagrees_with_registry,,,,
763,hmt:policy_papers#763,UK–Australia Investment Partnership Memorandum of Understanding,HMT,policy_papers,https://www.gov.uk/government/publications/uk-australia-investment-partnership-memorandum-of-understanding,2026-06-29,val,rule_final,A2,A11,high,P3,,"HMT published a policy paper and voluntary MoU with Australia to encourage cooperation on cross-border investment, especially for pension and superannuation funds. It is non-binding and does not set a compliance date or new rule for firms. The document is mainly informational and aimed at supporting future policy and regulatory discussions.",no_primary_function; class_disagrees_with_registry,,,,
754,hmt:policy_papers#754,The Defence Investment Plan,HMT,policy_papers,https://www.gov.uk/government/publications/the-defence-investment-plan,2026-06-30,val,rule_final,A2,A11,high,P3,,"HMT published a policy paper setting out the government’s Defence Investment Plan, including planned defence spending and capability investment over coming years. It is an official policy document on public spending priorities, not a financial-services rule or supervisory publication, and it states no compliance dates for firms.",no_primary_function; class_disagrees_with_registry; models_disagree,,,,
756,hmt:policy_papers#756,Green Book discount rate review 2026,HMT,policy_papers,https://www.gov.uk/government/publications/green-book-discount-rate-review-2026,2026-06-30,val,rule_final,A2,A11,medium,P3,,"HM Treasury published a policy paper and annexes on the 2026 Green Book discount rate review, summarising findings and recommendations on government appraisal discounting. It is informational and aimed at public-sector appraisal practice rather than regulated firms, with no stated compliance date or direct action for banks.",no_primary_function; class_disagrees_with_registry; models_disagree,,,,
758,hmt:policy_papers#758,Green Book Review 2025: One year on,HMT,policy_papers,https://www.gov.uk/government/publications/green-book-review-2025-one-year-on,2026-06-30,val,rule_final,A2,A11,high,P3,,"HM Treasury publishes a one-year review of the Green Book Review 2025, describing progress on government appraisal reforms and related public investment actions. It is an informational report on public-sector policy and guidance, not a rule, consultation, or supervisory notice for firms. No direct compliance deadline or obligation is created for banks.",no_primary_function; class_disagrees_with_registry; models_disagree,,,,
751,hmt:policy_papers#751,FSCS Annual Report and Accounts and Class Statements 2025/26,HMT,policy_papers,https://www.gov.uk/government/publications/fscs-annual-report-and-accounts-and-class-statements-202526,2026-07-02,val,rule_final,A2,A11,medium,P3,,"FSCS’s 2025/26 annual report sets out performance, compensation paid, recoveries, governance and strategy for the year ended 31 March 2026. It notes developments including the higher deposit protection limit and FSCS preparation for expanded responsibilities under recent legislation, but it does not itself create new requirements.",no_primary_function; class_disagrees_with_registry; models_disagree,,,,
752,hmt:policy_papers#752,National Payments Vision,HMT,policy_papers,https://www.gov.uk/government/publications/national-payments-vision,2026-07-02,val,rule_final,A2,A11,high,P3,,"HMT’s National Payments Vision sets out the government’s strategic ambitions and planned coordination actions for the UK payments ecosystem, including Open Banking, infrastructure resilience and regulatory alignment. It is aimed at government, regulators and the payments sector, but does not itself create binding requirements or set implementation deadlines in the text provided.",function_off_matrix; no_primary_function; class_disagrees_with_registry; models_disagree,,,,
747,hmt:policy_papers#747,A new approach to ensure regulators and regulation support growth,HMT,policy_papers,https://www.gov.uk/government/publications/a-new-approach-to-ensure-regulators-and-regulation-support-growth,2026-07-08,val,rule_final,A2,A11,high,P3,,"HMT’s July 2026 Regulation Action Plan progress report sets out government policy on using regulation to support growth, including an upcoming Regulating for Growth Bill and an Enhancing Financial Services Bill. It is a policy update, not a binding rule change, and gives no financial-services compliance date.",function_off_matrix; no_primary_function; class_disagrees_with_registry; models_disagree,,,,
721,hmt:policy_papers#721,"HM Treasury British Sign Language (BSL) 5-year plan: 1-year update, July 2026",HMT,policy_papers,https://www.gov.uk/government/publications/hm-treasury-british-sign-language-bsl-5-year-plan-1-year-update-july-2026,2026-07-14,val,rule_final,A2,A11,high,P3,,"HM Treasury published a one-year progress update on its 2025 to 2030 British Sign Language plan, explaining how it has used BSL in public communications. It applies to government departments reporting under the BSL Act 2022, not regulated firms. No new requirements or deadlines for financial services firms are created.",no_primary_function; class_disagrees_with_registry; models_disagree,,,,
723,hmt:policy_papers#723,Recommendations of the Transatlantic Taskforce for Markets of the Future,HMT,policy_papers,https://www.gov.uk/government/publications/recommendations-of-the-transatlantic-taskforce-for-markets-of-the-future,2026-07-14,val,rule_final,A2,A11,medium,P3,,"HMT published a policy paper setting out UK-US recommendations for cooperation on digital assets, tokenisation, capital markets and stablecoins. It signals future cross-border regulatory coordination and says progress will be reported through the UK-US Financial Regulatory Working Group. No binding UK requirements or implementation dates are set out in this paper.",function_off_matrix; no_primary_function; class_disagrees_with_registry; models_disagree,,,,
726,hmt:policy_papers#726,Dematerialisation Market Action Taskforce,HMT,policy_papers,https://www.gov.uk/government/publications/dematerialisation-market-action-taskforce,2026-07-14,val,rule_final,A2,A11,medium,P3,,"A HMT-sponsored taskforce working draft sets out a non-binding implementation plan to withdraw paper share certificates and move to digital registers for UK-traded shares of UK incorporated companies. It targets Step 1 implementation before the end of 2027, with a recommended date still to be proposed and further consultation expected on some issues.",function_off_matrix; no_primary_function; class_disagrees_with_registry; models_disagree,,,,
728,hmt:policy_papers#728,One Year On: Delivering the FS Growth and Competitiveness Strategy,HMT,policy_papers,https://www.gov.uk/government/publications/one-year-on-delivering-the-fs-growth-and-competitiveness-strategy,2026-07-14,val,rule_final,A2,A11,high,P3,,"HMT’s policy paper is a one-year progress update on the Financial Services Growth and Competitiveness Strategy. It summarises government actions already taken or planned across regulation, capital markets, fintech, cryptoassets, skills and regional growth. It is relevant to the UK financial services sector generally, but does not itself impose requirements or set a compliance date.",no_primary_function; class_disagrees_with_registry; models_disagree,,,,
730,hmt:policy_papers#730,Alternative Investment Fund Managers Regulation – Draft SI and Policy note,HMT,policy_papers,https://www.gov.uk/government/publications/alternative-investment-fund-managers-regulation-draft-si-and-policy-note,2026-07-14,val,rule_final,A2,A1,high,P1,Regulatory change; Legal; Compliance; Product,"HM Treasury has laid draft regulations for the Alternative Investment Fund Managers Regulations 2026. The draft updates the UK regime for AIFMs, including authorisation, depositaries, marketing, control acquisitions, registration/suspension of RVECA and SEF managers, and FCA information/reporting powers. The regulations come into force on [DATE] once made and approved by Parliament.",function_off_matrix; class_disagrees_with_registry,,,,
718,hmt:policy_papers#718,Financial Services Regulators Complaints Commissioner Annual Report and Accounts 2025-26 and regulator responses,HMT,policy_papers,https://www.gov.uk/government/publications/financial-services-regulators-complaints-commissioner-annual-report-and-accounts-2025-26-and-regulator-responses,2026-07-15,val,rule_final,A2,A11,medium,P3,,"Annual report of the Financial Regulators Complaints Commissioner covering 1 April 2025 to 31 March 2026, with regulator responses. It reviews complaints about the FCA, PRA, certain Bank of England oversight functions and the PSR, and highlights themes such as complaints linked to failed authorised firms. It does not create new requirements.",function_off_matrix; no_primary_function; class_disagrees_with_registry; models_disagree,,,,
709,hmt:policy_papers#709,Meeting minutes - February 2026,HMT,policy_papers,https://www.gov.uk/government/publications/meeting-minutes-february-2026,2026-07-16,val,rule_final,A2,A1,high,P1,Legal; Regulatory change,"HMT published minutes of the Chancellor’s statutory post-Financial Stability Report meeting with the Bank of England Governor. The note explains the meeting required under the Bank of England Act 1998 (as amended) to discuss the latest Financial Stability Report and related financial stability matters. No new rules are created, but it records a legal obligation and statutory process relevant to financial stability oversight.",class_disagrees_with_registry,,,,
711,hmt:policy_papers#711,Update on the Digital Gilt Instrument (DIGIT) pilot issuance,HMT,policy_papers,https://www.gov.uk/government/publications/update-on-the-digital-gilt-instrument-digit-pilot-issuance,2026-07-16,val,rule_final,A2,A11,medium,P3,,"HMT provides a progress update on the Digital Gilt Instrument pilot. It says the first DIGIT transaction is expected by Q1 2027 on HSBC Orion and notes an HSBC-LSEG MoU to support investor access. This is an informational government update, not a rule change.",function_off_matrix; no_primary_function; class_disagrees_with_registry; models_disagree,,,,
707,hmt:policy_papers#707,EM on customs duty on distance imported goods sales (C(2026)2760),HMT,policy_papers,https://www.gov.uk/government/publications/em-on-customs-duty-on-distance-imported-goods-sales-c20262760,2026-07-20,val,rule_final,A2,A11,high,P3,,HMRC’s explanatory memorandum summarises EU Delegated Regulation 2026/1022 on customs declarations and data for the temporary €3 duty on certain low-value distance-imported goods. It applies in the UK only for Northern Ireland under the Windsor Framework and has applied since 2026-07-01. Most parcels using Windsor facilitations are outside scope; declaration instructions may later change.,function_off_matrix; no_primary_function; class_disagrees_with_registry; models_disagree,,,,
701,hmt:policy_papers#701,Treasury Minutes – July 2026,HMT,policy_papers,https://www.gov.uk/government/publications/treasury-minutes-july-2026,2026-07-23,val,rule_final,A2,A11,high,P3,,"HM Treasury’s July 2026 Treasury Minutes is a government response to Public Accounts Committee reports, including one on the Bank of England’s RTGS Renewal Programme. It does not create financial-services rules or obligations for firms. It is mainly relevant for awareness of public-sector programme oversight and implementation updates.",function_off_matrix; no_primary_function; class_disagrees_with_registry; models_disagree,,,,
6635,cma:publications#6635,RWE energy code modification appeal,CMA,publications,https://www.gov.uk/cma-cases/rwe-energy-code-modification-appeal,2026-07-24,val,rule_final,MIXED,A12,high,P1,Regulatory change; Legal; Prudential,"Ofgem’s decision rejects CUSC modification CMP344 on clarification of transmission licensee revenue recovery and revenue adjustments. The publication explains the existing revenue framework for TOs and OFTOs and confirms no change is made to the charging methodology. It is directed to NESO, CUSC parties and the CUSC Panel, with publication dated 2026-05-01.",function_off_matrix; models_disagree,,,,
699,hmt:policy_papers#699,HM Treasury and Financial Conduct Authority Regulatory Perimeter Meeting – April 2026,HMT,policy_papers,https://www.gov.uk/government/publications/hm-treasury-and-financial-conduct-authority-regulatory-perimeter-meeting-april-2026,2026-07-27,val,rule_final,A2,A11,high,P3,,This is a record of a meeting between HM Treasury and the FCA about the FCA’s Perimeter Report and the financial services regulatory perimeter. It is informational only and does not change rules or create deadlines for firms.,function_off_matrix; no_primary_function; class_disagrees_with_registry,,,,
694,hmt:policy_papers#694,G7 Cyber Expert Group: Reconnection Framework Technical Annex,HMT,policy_papers,https://www.gov.uk/government/publications/g7-cyber-expert-group-reconnection-framework-technical-annex,2026-07-31,val,rule_final,A2,A11,high,P3,,"HMT published a G7 Cyber Expert Group technical annex on reconnection after a material cyber incident. It describes non-binding best practices on disconnection, assessment, remediation, assurance, reconnection and recovery, aimed primarily at financial sector organisations and usable by third parties. No compliance or implementation date is stated.",function_off_matrix; no_primary_function; class_disagrees_with_registry; models_disagree,,,,
